Date,Open,High,Low,Close,Volume,Dividends,Stock Splits
1973-02-21,0.62,0.62,0.62,0.62,420800,0.0,0.0
1973-02-22,0.63,0.63,0.63,0.63,92800,0.0,0.0
1973-02-23,0.65,0.65,0.65,0.65,400000,0.0,0.0
1973-02-26,0.64,0.64,0.64,0.64,187200,0.0,0.0
1973-02-27,0.59,0.59,0.59,0.59,657600,0.0,0.0
1973-02-28,0.63,0.63,0.63,0.63,235200,0.0,0.0
1973-03-01,0.64,0.64,0.64,0.64,235200,0.0,0.0
1973-03-02,0.65,0.65,0.65,0.65,128000,0.0,0.0
1973-03-05,0.63,0.63,0.63,0.63,244800,0.0,0.0
1973-03-06,0.64,0.64,0.64,0.64,235200,0.0,0.0
1973-03-07,0.65,0.65,0.65,0.65,478400,0.0,0.0
1973-03-08,0.67,0.67,0.67,0.67,299200,0.0,0.0
1973-03-09,0.66,0.66,0.66,0.66,726400,0.0,0.0
1973-03-12,0.68,0.68,0.68,0.68,166400,0.0,0.0
1973-03-13,0.68,0.68,0.68,0.68,115200,0.0,0.0
1973-03-14,0.67,0.67,0.67,0.67,36800,0.0,0.0
1973-03-15,0.68,0.68,0.68,0.68,80000,0.0,0.0
1973-03-16,0.68,0.68,0.68,0.68,86400,0.0,0.0
1973-03-19,0.68,0.68,0.68,0.68,67200,0.0,0.0
1973-03-20,0.69,0.69,0.69,0.69,72000,0.0,0.0
1973-03-21,0.67,0.67,0.67,0.67,62400,0.0,0.0
1973-03-22,0.65,0.65,0.65,0.65,516800,0.0,0.0
1973-03-23,0.65,0.65,0.65,0.65,89600,0.0,0.0
1973-03-26,0.64,0.64,0.64,0.64,75200,0.0,0.0
1973-03-27,0.65,0.65,0.65,0.65,168000,0.0,0.0
1973-03-28,0.66,0.66,0.66,0.66,148800,0.0,0.0
1973-03-29,0.67,0.67,0.67,0.67,217600,0.0,0.0
1973-03-30,0.68,0.68,0.68,0.68,222400,0.0,0.0
1973-04-02,0.67,0.67,0.67,0.67,193600,0.0,0.0
1973-04-03,0.65,0.65,0.65,0.65,307200,0.0,0.0
1973-04-04,0.65,0.65,0.65,0.65,112000,0.0,0.0
1973-04-05,0.62,0.62,0.62,0.62,507200,0.0,0.0
1973-04-06,0.66,0.66,0.66,0.66,336000,0.0,0.0
1973-04-09,0.66,0.66,0.66,0.66,121600,0.0,0.0
1973-04-10,0.67,0.67,0.67,0.67,145600,0.0,0.0
1973-04-11,0.68,0.68,0.68,0.68,94400,0.0,0.0
1973-04-12,0.68,0.68,0.68,0.68,91200,0.0,0.0
1973-04-13,0.69,0.69,0.69,0.69,49600,0.0,0.0
1973-04-16,0.69,0.69,0.69,0.69,137600,0.0,0.0
1973-04-17,0.68,0.68,0.68,0.68,220800,0.0,0.0
1973-04-18,0.67,0.67,0.67,0.67,691200,0.0,0.0
1973-04-19,0.64,0.64,0.64,0.64,360000,0.0,0.0
1973-04-23,0.62,0.62,0.62,0.62,176000,0.0,0.0
1973-04-24,0.59,0.59,0.59,0.59,2009600,0.0,0.0
1973-04-25,0.58,0.58,0.58,0.58,208000,0.0,0.0
1973-04-26,0.6,0.6,0.6,0.6,220800,0.0,0.0
1973-04-27,0.61,0.61,0.61,0.61,403200,0.0,0.0
1973-04-30,0.61,0.61,0.61,0.61,84800,0.0,0.0
1973-05-01,0.63,0.63,0.63,0.63,155200,0.0,0.0
1973-05-02,0.63,0.63,0.63,0.63,166400,0.0,0.0
1973-05-03,0.0,0.65,0.62,0.65,476800,0.0,0.0
1973-05-04,0.0,0.65,0.64,0.65,108800,0.0,0.0
1973-05-07,0.0,0.67,0.65,0.67,406400,0.0,0.0
1973-05-08,0.0,0.67,0.65,0.67,128000,0.0,0.0
1973-05-09,0.0,0.68,0.67,0.67,134400,0.0,0.0
1973-05-10,0.0,0.67,0.67,0.67,123200,0.0,0.0
1973-05-11,0.0,0.67,0.66,0.66,134400,0.0,0.0
1973-05-14,0.0,0.66,0.64,0.64,121600,0.0,0.0
1973-05-15,0.0,0.63,0.62,0.62,278400,0.0,0.0
1973-05-16,0.0,0.63,0.62,0.62,68800,0.0,0.0
1973-05-17,0.0,0.62,0.61,0.62,195200,0.0,0.0
1973-05-18,0.0,0.62,0.6,0.6,430400,0.0,0.0
1973-05-21,0.0,0.6,0.59,0.59,107200,0.0,0.0
1973-05-22,0.0,0.6,0.59,0.6,92800,0.0,0.0
1973-05-23,0.0,0.62,0.6,0.61,104000,0.0,0.0
1973-05-24,0.0,0.62,0.6,0.62,44800,0.0,0.0
1973-05-25,0.0,0.65,0.64,0.65,128000,0.0,0.0
1973-05-29,0.0,0.65,0.63,0.64,91200,0.0,0.0
1973-05-30,0.0,0.63,0.61,0.61,180800,0.0,0.0
1973-05-31,0.0,0.61,0.6,0.6,249600,0.0,0.0
1973-06-01,0.0,0.61,0.6,0.6,49600,0.0,0.0
1973-06-04,0.0,0.6,0.59,0.6,340800,0.0,0.0
1973-06-05,0.0,0.59,0.58,0.58,163200,0.0,0.0
1973-06-06,0.0,0.58,0.56,0.57,196800,0.0,0.0
1973-06-07,0.0,0.57,0.55,0.56,139200,0.0,0.0
1973-06-08,0.0,0.56,0.53,0.54,448000,0.0,0.0
1973-06-11,0.0,0.53,0.53,0.53,190400,0.0,0.0
1973-06-12,0.0,0.59,0.53,0.57,1320000,0.0,0.0
1973-06-13,0.0,0.6,0.57,0.57,184000,0.0,0.0
1973-06-14,0.0,0.57,0.54,0.55,404800,0.0,0.0
1973-06-15,0.0,0.54,0.53,0.53,67200,0.0,0.0
1973-06-18,0.0,0.53,0.53,0.53,75200,0.0,0.0
1973-06-19,0.0,0.54,0.53,0.54,249600,0.0,0.0
1973-06-20,0.0,0.54,0.51,0.51,102400,0.0,0.0
1973-06-21,0.0,0.51,0.48,0.48,270400,0.0,0.0
1973-06-22,0.0,0.49,0.45,0.45,230400,0.0,0.0
1973-06-25,0.0,0.47,0.46,0.46,248000,0.0,0.0
1973-06-26,0.0,0.48,0.45,0.48,414400,0.0,0.0
1973-06-27,0.0,0.5,0.47,0.48,225600,0.0,0.0
1973-06-28,0.0,0.49,0.47,0.49,158400,0.0,0.0
1973-06-29,0.0,0.51,0.49,0.51,305600,0.0,0.0
1973-07-02,0.0,0.52,0.51,0.52,60800,0.0,0.0
1973-07-03,0.0,0.53,0.52,0.52,433600,0.0,0.0
1973-07-05,0.0,0.52,0.51,0.52,164800,0.0,0.0
1973-07-06,0.0,0.52,0.52,0.52,62400,0.0,0.0
1973-07-09,0.0,0.53,0.52,0.52,121600,0.0,0.0
1973-07-10,0.0,0.54,0.52,0.54,129600,0.0,0.0
1973-07-11,0.0,0.56,0.54,0.56,596800,0.0,0.0
1973-07-12,0.0,0.58,0.55,0.58,294400,0.0,0.0
1973-07-13,0.0,0.58,0.56,0.57,284800,0.0,0.0
1973-07-16,0.0,0.57,0.56,0.57,116800,0.0,0.0
1973-07-17,0.0,0.59,0.58,0.58,116800,0.0,0.0
1973-07-18,0.0,0.59,0.58,0.58,60800,0.0,0.0
1973-07-19,0.0,0.58,0.55,0.55,534400,0.0,0.0
1973-07-20,0.0,0.56,0.55,0.55,92800,0.0,0.0
1973-07-23,0.0,0.57,0.55,0.57,81600,0.0,0.0
1973-07-24,0.0,0.59,0.56,0.59,139200,0.0,0.0
1973-07-25,0.0,0.6,0.59,0.6,150400,0.0,0.0
1973-07-26,0.0,0.61,0.59,0.61,52800,0.0,0.0
1973-07-27,0.0,0.6,0.59,0.59,190400,0.0,0.0
1973-07-30,0.0,0.6,0.59,0.6,113600,0.0,0.0
1973-07-31,0.0,0.61,0.6,0.6,249600,0.0,0.0
1973-08-01,0.0,0.59,0.58,0.59,62400,0.0,0.0
1973-08-02,0.0,0.59,0.58,0.59,180800,0.0,0.0
1973-08-03,0.0,0.6,0.6,0.6,44800,0.0,0.0
1973-08-06,0.0,0.62,0.6,0.61,80000,0.0,0.0
1973-08-07,0.0,0.61,0.59,0.59,177600,0.0,0.0
1973-08-08,0.0,0.59,0.58,0.59,252800,0.0,0.0
1973-08-09,0.0,0.59,0.56,0.59,262400,0.0,0.0
1973-08-10,0.0,0.59,0.58,0.58,116800,0.0,0.0
1973-08-13,0.0,0.58,0.56,0.56,176000,0.0,0.0
1973-08-14,0.0,0.57,0.56,0.56,72000,0.0,0.0
1973-08-15,0.0,0.57,0.56,0.56,102400,0.0,0.0
1973-08-16,0.0,0.56,0.56,0.56,14400,0.0,0.0
1973-08-17,0.0,0.57,0.56,0.56,113600,0.0,0.0
1973-08-20,0.0,0.56,0.54,0.55,25600,0.0,0.0
1973-08-21,0.0,0.56,0.55,0.55,32000,0.0,0.0
1973-08-22,0.0,0.55,0.52,0.52,113600,0.0,0.0
1973-08-23,0.0,0.53,0.51,0.53,118400,0.0,0.0
1973-08-24,0.0,0.53,0.52,0.53,40000,0.0,0.0
1973-08-27,0.0,0.53,0.52,0.53,22400,0.0,0.0
1973-08-28,0.0,0.53,0.53,0.53,68800,0.0,0.0
1973-08-29,0.0,0.56,0.53,0.56,67200,0.0,0.0
1973-08-30,0.0,0.57,0.56,0.57,158400,0.0,0.0
1973-08-31,0.0,0.57,0.56,0.56,19200,0.0,0.0
1973-09-04,0.0,0.58,0.56,0.58,121600,0.0,0.0
1973-09-05,0.0,0.57,0.56,0.56,52800,0.0,0.0
1973-09-06,0.0,0.56,0.54,0.55,84800,0.0,0.0
1973-09-07,0.0,0.55,0.53,0.55,94400,0.0,0.0
1973-09-10,0.0,0.57,0.55,0.56,43200,0.0,0.0
1973-09-11,0.0,0.56,0.54,0.55,102400,0.0,0.0
1973-09-12,0.0,0.55,0.53,0.53,28800,0.0,0.0
1973-09-13,0.0,0.53,0.51,0.51,161600,0.0,0.0
1973-09-14,0.0,0.53,0.51,0.52,465600,0.0,0.0
1973-09-17,0.0,0.52,0.51,0.51,49600,0.0,0.0
1973-09-18,0.0,0.52,0.51,0.52,49600,0.0,0.0
1973-09-19,0.0,0.55,0.51,0.55,366400,0.0,0.0
1973-09-20,0.0,0.59,0.56,0.58,387200,0.0,0.0
1973-09-21,0.0,0.59,0.58,0.58,51200,0.0,0.0
1973-09-24,0.0,0.62,0.58,0.6,836800,0.0,0.0
1973-09-25,0.0,0.62,0.59,0.62,139200,0.0,0.0
1973-09-26,0.0,0.65,0.61,0.63,684800,0.0,0.0
1973-09-27,0.0,0.63,0.61,0.61,369600,0.0,0.0
1973-09-28,0.0,0.62,0.61,0.62,113600,0.0,0.0
1973-10-01,0.0,0.62,0.61,0.61,56000,0.0,0.0
1973-10-02,0.0,0.62,0.61,0.61,132800,0.0,0.0
1973-10-03,0.0,0.62,0.61,0.61,156800,0.0,0.0
1973-10-04,0.0,0.6,0.58,0.58,81600,0.0,0.0
1973-10-05,0.0,0.59,0.58,0.59,44800,0.0,0.0
1973-10-08,0.0,0.61,0.59,0.61,214400,0.0,0.0
1973-10-09,0.0,0.62,0.6,0.6,187200,0.0,0.0
1973-10-10,0.0,0.59,0.59,0.59,97600,0.0,0.0
1973-10-11,0.0,0.6,0.59,0.6,86400,0.0,0.0
1973-10-12,0.0,0.6,0.59,0.6,134400,0.0,0.0
1973-10-15,0.0,0.59,0.57,0.57,224000,0.0,0.0
1973-10-16,0.0,0.57,0.56,0.57,28800,0.0,0.0
1973-10-17,0.0,0.58,0.56,0.57,60800,0.0,0.0
1973-10-18,0.0,0.58,0.56,0.56,56000,0.0,0.0
1973-10-19,0.0,0.57,0.56,0.56,406400,0.0,0.0
1973-10-22,0.0,0.56,0.54,0.54,137600,0.0,0.0
1973-10-23,0.0,0.55,0.53,0.53,192000,0.0,0.0
1973-10-24,0.0,0.51,0.49,0.49,844800,0.0,0.0
1973-10-25,0.0,0.48,0.47,0.48,619200,0.0,0.0
1973-10-26,0.0,0.5,0.48,0.48,264000,0.0,0.0
1973-10-29,0.0,0.49,0.48,0.49,584000,0.0,0.0
1973-10-30,0.0,0.5,0.49,0.49,305600,0.0,0.0
1973-10-31,0.0,0.5,0.48,0.49,254400,0.0,0.0
1973-11-01,0.0,0.5,0.48,0.48,147200,0.0,0.0
1973-11-02,0.0,0.48,0.47,0.48,387200,0.0,0.0
1973-11-05,0.0,0.48,0.45,0.46,489600,0.0,0.0
1973-11-06,0.0,0.46,0.44,0.44,406400,0.0,0.0
1973-11-07,0.0,0.46,0.43,0.45,62400,0.0,0.0
1973-11-08,0.0,0.47,0.44,0.44,99200,0.0,0.0
1973-11-09,0.0,0.44,0.43,0.43,110400,0.0,0.0
1973-11-12,0.0,0.42,0.39,0.4,220800,0.0,0.0
1973-11-13,0.0,0.41,0.39,0.39,201600,0.0,0.0
1973-11-14,0.0,0.4,0.38,0.38,198400,0.0,0.0
1973-11-15,0.0,0.38,0.35,0.36,310400,0.0,0.0
1973-11-16,0.0,0.37,0.33,0.35,755200,0.0,0.0
1973-11-19,0.0,0.36,0.33,0.34,102400,0.0,0.0
1973-11-20,0.0,0.34,0.31,0.31,1124800,0.0,0.0
1973-11-21,0.0,0.34,0.31,0.33,480000,0.0,0.0
1973-11-23,0.0,0.37,0.33,0.37,193600,0.0,0.0
1973-11-26,0.0,0.37,0.35,0.37,232000,0.0,0.0
1973-11-27,0.0,0.36,0.34,0.34,161600,0.0,0.0
1973-11-28,0.0,0.36,0.32,0.33,430400,0.0,0.0
1973-11-29,0.0,0.33,0.3,0.32,419200,0.0,0.0
1973-11-30,0.0,0.32,0.31,0.31,129600,0.0,0.0
1973-12-03,0.0,0.31,0.3,0.31,222400,0.0,0.0
1973-12-04,0.0,0.32,0.3,0.32,193600,0.0,0.0
1973-12-05,0.0,0.31,0.3,0.3,177600,0.0,0.0
1973-12-06,0.0,0.32,0.3,0.3,222400,0.0,0.0
1973-12-07,0.0,0.31,0.29,0.3,449600,0.0,0.0
1973-12-10,0.0,0.3,0.29,0.3,155200,0.0,0.0
1973-12-11,0.0,0.29,0.27,0.27,220800,0.0,0.0
1973-12-12,0.0,0.27,0.24,0.25,494400,0.0,0.0
1973-12-13,0.0,0.26,0.24,0.24,201600,0.0,0.0
1973-12-14,0.0,0.26,0.23,0.25,284800,0.0,0.0
1973-12-17,0.0,0.24,0.22,0.22,364800,0.0,0.0
1973-12-18,0.0,0.23,0.22,0.23,459200,0.0,0.0
1973-12-19,0.0,0.26,0.24,0.25,481600,0.0,0.0
1973-12-20,0.0,0.25,0.24,0.25,192000,0.0,0.0
1973-12-21,0.0,0.26,0.25,0.26,246400,0.0,0.0
1973-12-24,0.0,0.26,0.24,0.26,160000,0.0,0.0
1973-12-26,0.0,0.29,0.26,0.27,936000,0.0,0.0
1973-12-27,0.0,0.27,0.25,0.26,1972800,0.0,0.0
1973-12-28,0.0,0.26,0.25,0.25,217600,0.0,0.0
1973-12-31,0.0,0.26,0.24,0.26,334400,0.0,0.0
1974-01-02,0.0,0.26,0.26,0.26,417600,0.0,0.0
1974-01-03,0.0,0.27,0.26,0.26,230400,0.0,0.0
1974-01-04,0.0,0.26,0.25,0.25,204800,0.0,0.0
1974-01-07,0.0,0.25,0.25,0.25,305600,0.0,0.0
1974-01-08,0.0,0.26,0.25,0.25,128000,0.0,0.0
1974-01-09,0.0,0.25,0.24,0.25,217600,0.0,0.0
1974-01-10,0.0,0.25,0.24,0.25,120000,0.0,0.0
1974-01-11,0.0,0.25,0.24,0.25,344000,0.0,0.0
1974-01-14,0.0,0.26,0.25,0.25,270400,0.0,0.0
1974-01-15,0.0,0.25,0.24,0.25,147200,0.0,0.0
1974-01-16,0.0,0.25,0.25,0.25,150400,0.0,0.0
1974-01-17,0.0,0.25,0.24,0.25,104000,0.0,0.0
1974-01-18,0.0,0.26,0.25,0.25,916800,0.0,0.0
1974-01-21,0.0,0.25,0.25,0.25,552000,0.0,0.0
1974-01-22,0.0,0.27,0.25,0.27,395200,0.0,0.0
1974-01-23,0.0,0.28,0.27,0.28,441600,0.0,0.0
1974-01-24,0.0,0.28,0.26,0.26,539200,0.0,0.0
1974-01-25,0.0,0.26,0.25,0.26,168000,0.0,0.0
1974-01-28,0.0,0.25,0.24,0.25,232000,0.0,0.0
1974-01-29,0.0,0.25,0.25,0.25,718400,0.0,0.0
1974-01-30,0.0,0.26,0.25,0.25,188800,0.0,0.0
1974-01-31,0.0,0.25,0.25,0.25,297600,0.0,0.0
1974-02-01,0.0,0.25,0.24,0.25,265600,0.0,0.0
1974-02-04,0.0,0.24,0.23,0.24,236800,0.0,0.0
1974-02-05,0.0,0.24,0.23,0.24,203200,0.0,0.0
1974-02-06,0.0,0.24,0.23,0.24,73600,0.0,0.0
1974-02-07,0.0,0.24,0.23,0.24,129600,0.0,0.0
1974-02-08,0.0,0.24,0.23,0.24,62400,0.0,0.0
1974-02-11,0.0,0.24,0.23,0.23,153600,0.0,0.0
1974-02-12,0.0,0.24,0.22,0.23,180800,0.0,0.0
1974-02-13,0.0,0.24,0.22,0.22,177600,0.0,0.0
1974-02-14,0.0,0.24,0.22,0.24,140800,0.0,0.0
1974-02-15,0.0,0.24,0.23,0.24,240000,0.0,0.0
1974-02-19,0.0,0.24,0.23,0.24,145600,0.0,0.0
1974-02-20,0.0,0.24,0.23,0.23,372800,0.0,0.0
1974-02-21,0.0,0.24,0.23,0.24,126400,0.0,0.0
1974-02-22,0.0,0.25,0.24,0.25,272000,0.0,0.0
1974-02-25,0.0,0.26,0.25,0.25,171200,0.0,0.0
1974-02-26,0.0,0.26,0.25,0.26,112000,0.0,0.0
1974-02-27,0.0,0.27,0.26,0.26,388800,0.0,0.0
1974-02-28,0.0,0.27,0.26,0.26,78400,0.0,0.0
1974-03-01,0.0,0.26,0.25,0.26,1088000,0.0,0.0
1974-03-04,0.0,0.26,0.24,0.25,174400,0.0,0.0
1974-03-05,0.0,0.26,0.24,0.26,216000,0.0,0.0
1974-03-06,0.0,0.27,0.25,0.26,163200,0.0,0.0
1974-03-07,0.0,0.28,0.27,0.27,420800,0.0,0.0
1974-03-08,0.0,0.27,0.26,0.27,476800,0.0,0.0
1974-03-11,0.0,0.27,0.26,0.27,492800,0.0,0.0
1974-03-12,0.0,0.27,0.26,0.27,491200,0.0,0.0
1974-03-13,0.0,0.27,0.27,0.27,300800,0.0,0.0
1974-03-14,0.0,0.27,0.26,0.26,214400,0.0,0.0
1974-03-15,0.0,0.26,0.26,0.26,324800,0.0,0.0
1974-03-18,0.0,0.26,0.26,0.26,371200,0.0,0.0
1974-03-19,0.0,0.26,0.25,0.25,107200,0.0,0.0
1974-03-20,0.0,0.26,0.25,0.25,105600,0.0,0.0
1974-03-21,0.0,0.25,0.25,0.25,270400,0.0,0.0
1974-03-22,0.0,0.25,0.25,0.25,80000,0.0,0.0
1974-03-25,0.0,0.26,0.25,0.25,59200,0.0,0.0
1974-03-26,0.0,0.25,0.24,0.24,120000,0.0,0.0
1974-03-27,0.0,0.25,0.23,0.24,155200,0.0,0.0
1974-03-28,0.0,0.23,0.22,0.22,273600,0.0,0.0
1974-03-29,0.0,0.22,0.22,0.22,195200,0.0,0.0
1974-04-01,0.0,0.24,0.22,0.23,107200,0.0,0.0
1974-04-02,0.0,0.24,0.22,0.24,102400,0.0,0.0
1974-04-03,0.0,0.24,0.23,0.23,33600,0.0,0.0
1974-04-04,0.0,0.24,0.23,0.24,40000,0.0,0.0
1974-04-05,0.0,0.24,0.22,0.23,89600,0.0,0.0
1974-04-08,0.0,0.23,0.22,0.23,129600,0.0,0.0
1974-04-09,0.0,0.23,0.22,0.23,113600,0.0,0.0
1974-04-10,0.0,0.23,0.22,0.22,105600,0.0,0.0
1974-04-11,0.0,0.23,0.22,0.22,169600,0.0,0.0
1974-04-15,0.0,0.22,0.21,0.22,83200,0.0,0.0
1974-04-16,0.0,0.23,0.22,0.22,78400,0.0,0.0
1974-04-17,0.0,0.23,0.22,0.23,38400,0.0,0.0
1974-04-18,0.0,0.23,0.22,0.22,32000,0.0,0.0
1974-04-19,0.0,0.23,0.21,0.22,222400,0.0,0.0
1974-04-22,0.0,0.22,0.22,0.22,59200,0.0,0.0
1974-04-23,0.0,0.22,0.2,0.21,280000,0.0,0.0
1974-04-24,0.0,0.21,0.2,0.21,81600,0.0,0.0
1974-04-25,0.0,0.21,0.19,0.19,179200,0.0,0.0
1974-04-26,0.0,0.21,0.19,0.21,116800,0.0,0.0
1974-04-29,0.0,0.22,0.2,0.21,121600,0.0,0.0
1974-04-30,0.0,0.22,0.2,0.21,68800,0.0,0.0
1974-05-01,0.0,0.22,0.19,0.21,305600,0.0,0.0
1974-05-02,0.0,0.21,0.2,0.2,32000,0.0,0.0
1974-05-03,0.0,0.2,0.18,0.19,577600,0.0,0.0
1974-05-06,0.0,0.19,0.17,0.18,214400,0.0,0.0
1974-05-07,0.0,0.18,0.17,0.18,217600,0.0,0.0
1974-05-08,0.0,0.18,0.17,0.18,225600,0.0,0.0
1974-05-09,0.0,0.17,0.17,0.17,302400,0.0,0.0
1974-05-10,0.0,0.18,0.17,0.17,107200,0.0,0.0
1974-05-13,0.0,0.18,0.18,0.18,83200,0.0,0.0
1974-05-14,0.0,0.18,0.17,0.18,129600,0.0,0.0
1974-05-15,0.0,0.18,0.17,0.17,86400,0.0,0.0
1974-05-16,0.0,0.17,0.16,0.17,216000,0.0,0.0
1974-05-17,0.0,0.17,0.16,0.16,123200,0.0,0.0
1974-05-20,0.0,0.17,0.16,0.17,166400,0.0,0.0
1974-05-21,0.0,0.17,0.16,0.17,83200,0.0,0.0
1974-05-22,0.0,0.17,0.16,0.16,128000,0.0,0.0
1974-05-23,0.0,0.16,0.15,0.16,270400,0.0,0.0
1974-05-24,0.0,0.16,0.14,0.16,2606400,0.0,0.0
1974-05-28,0.0,0.16,0.16,0.16,92800,0.0,0.0
1974-05-29,0.0,0.18,0.16,0.17,1150400,0.0,0.0
1974-05-30,0.0,0.18,0.18,0.18,358400,0.0,0.0
1974-05-31,0.0,0.19,0.18,0.19,190400,0.0,0.0
1974-06-03,0.0,0.2,0.19,0.2,1868800,0.0,0.0
1974-06-04,0.0,0.22,0.21,0.21,302400,0.0,0.0
1974-06-05,0.0,0.21,0.21,0.21,102400,0.0,0.0
1974-06-06,0.0,0.21,0.21,0.21,118400,0.0,0.0
1974-06-07,0.0,0.22,0.22,0.22,667200,0.0,0.0
1974-06-10,0.0,0.23,0.22,0.23,811200,0.0,0.0
1974-06-11,0.0,0.23,0.22,0.22,113600,0.0,0.0
1974-06-12,0.0,0.22,0.21,0.21,97600,0.0,0.0
1974-06-13,0.0,0.22,0.2,0.21,876800,0.0,0.0
1974-06-14,0.0,0.22,0.21,0.21,115200,0.0,0.0
1974-06-17,0.0,0.21,0.2,0.2,80000,0.0,0.0
1974-06-18,0.0,0.2,0.19,0.19,92800,0.0,0.0
1974-06-19,0.0,0.2,0.19,0.19,64000,0.0,0.0
1974-06-20,0.0,0.2,0.19,0.19,83200,0.0,0.0
1974-06-21,0.0,0.2,0.19,0.19,25600,0.0,0.0
1974-06-24,0.0,0.19,0.18,0.19,27200,0.0,0.0
1974-06-25,0.0,0.2,0.19,0.19,40000,0.0,0.0
1974-06-26,0.0,0.19,0.18,0.18,83200,0.0,0.0
1974-06-27,0.0,0.17,0.17,0.17,604800,0.0,0.0
1974-06-28,0.0,0.18,0.16,0.16,395200,0.0,0.0
1974-07-01,0.0,0.17,0.16,0.17,94400,0.0,0.0
1974-07-02,0.0,0.17,0.15,0.16,699200,0.0,0.0
1974-07-03,0.0,0.17,0.16,0.16,48000,0.0,0.0
1974-07-05,0.0,0.17,0.16,0.17,100800,0.0,0.0
1974-07-08,0.0,0.16,0.16,0.16,128000,0.0,0.0
1974-07-09,0.0,0.18,0.16,0.18,99200,0.0,0.0
1974-07-10,0.0,0.18,0.17,0.18,56000,0.0,0.0
1974-07-11,0.0,0.18,0.16,0.16,1819200,0.0,0.0
1974-07-12,0.0,0.18,0.17,0.17,72000,0.0,0.0
1974-07-15,0.0,0.18,0.17,0.18,54400,0.0,0.0
1974-07-16,0.0,0.19,0.17,0.18,62400,0.0,0.0
1974-07-17,0.0,0.18,0.16,0.18,280000,0.0,0.0
1974-07-18,0.0,0.18,0.17,0.17,94400,0.0,0.0
1974-07-19,0.0,0.17,0.16,0.17,435200,0.0,0.0
1974-07-22,0.0,0.18,0.17,0.18,17600,0.0,0.0
1974-07-23,0.0,0.18,0.17,0.17,340800,0.0,0.0
1974-07-24,0.0,0.19,0.18,0.18,385600,0.0,0.0
1974-07-25,0.0,0.18,0.17,0.18,1182400,0.0,0.0
1974-07-26,0.0,0.19,0.18,0.18,352000,0.0,0.0
1974-07-29,0.0,0.19,0.18,0.18,32000,0.0,0.0
1974-07-30,0.0,0.18,0.18,0.18,302400,0.0,0.0
1974-07-31,0.0,0.19,0.18,0.18,184000,0.0,0.0
1974-08-01,0.0,0.19,0.18,0.18,489600,0.0,0.0
1974-08-02,0.0,0.18,0.18,0.18,62400,0.0,0.0
1974-08-05,0.0,0.19,0.18,0.18,832000,0.0,0.0
1974-08-06,0.0,0.19,0.18,0.18,36800,0.0,0.0
1974-08-07,0.0,0.19,0.18,0.19,148800,0.0,0.0
1974-08-08,0.0,0.19,0.17,0.17,275200,0.0,0.0
1974-08-09,0.0,0.18,0.16,0.16,227200,0.0,0.0
1974-08-12,0.0,0.18,0.17,0.18,198400,0.0,0.0
1974-08-13,0.0,0.18,0.17,0.18,228800,0.0,0.0
1974-08-14,0.0,0.19,0.18,0.19,84800,0.0,0.0
1974-08-15,0.0,0.19,0.18,0.18,70400,0.0,0.0
1974-08-16,0.0,0.19,0.18,0.18,81600,0.0,0.0
1974-08-19,0.0,0.18,0.17,0.17,73600,0.0,0.0
1974-08-20,0.0,0.19,0.18,0.19,120000,0.0,0.0
1974-08-21,0.0,0.22,0.19,0.21,372800,0.0,0.0
1974-08-22,0.0,0.23,0.21,0.21,353600,0.0,0.0
1974-08-23,0.0,0.22,0.21,0.21,156800,0.0,0.0
1974-08-26,0.0,0.21,0.2,0.21,153600,0.0,0.0
1974-08-27,0.0,0.21,0.2,0.2,84800,0.0,0.0
1974-08-28,0.0,0.2,0.2,0.2,177600,0.0,0.0
1974-08-29,0.0,0.19,0.19,0.19,128000,0.0,0.0
1974-08-30,0.0,0.2,0.19,0.19,184000,0.0,0.0
1974-09-03,0.0,0.2,0.19,0.19,272000,0.0,0.0
1974-09-04,0.0,0.19,0.18,0.18,96000,0.0,0.0
1974-09-05,0.0,0.19,0.18,0.19,155200,0.0,0.0
1974-09-06,0.0,0.19,0.19,0.19,19200,0.0,0.0
1974-09-09,0.0,0.19,0.18,0.18,75200,0.0,0.0
1974-09-10,0.0,0.19,0.18,0.18,246400,0.0,0.0
1974-09-11,0.0,0.2,0.18,0.19,576000,0.0,0.0
1974-09-12,0.0,0.19,0.18,0.19,83200,0.0,0.0
1974-09-13,0.0,0.18,0.18,0.18,43200,0.0,0.0
1974-09-16,0.0,0.19,0.19,0.19,44800,0.0,0.0
1974-09-17,0.0,0.19,0.19,0.19,76800,0.0,0.0
1974-09-18,0.0,0.19,0.19,0.19,36800,0.0,0.0
1974-09-19,0.0,0.2,0.19,0.19,302400,0.0,0.0
1974-09-20,0.0,0.2,0.18,0.18,99200,0.0,0.0
1974-09-23,0.0,0.19,0.19,0.19,54400,0.0,0.0
1974-09-24,0.0,0.19,0.19,0.19,38400,0.0,0.0
1974-09-25,0.0,0.19,0.18,0.18,622400,0.0,0.0
1974-09-26,0.0,0.18,0.17,0.18,40000,0.0,0.0
1974-09-27,0.0,0.19,0.17,0.17,108800,0.0,0.0
1974-09-30,0.0,0.17,0.16,0.16,156800,0.0,0.0
1974-10-01,0.0,0.17,0.16,0.16,99200,0.0,0.0
1974-10-02,0.0,0.17,0.17,0.17,62400,0.0,0.0
1974-10-03,0.0,0.19,0.18,0.18,75200,0.0,0.0
1974-10-04,0.0,0.18,0.17,0.17,41600,0.0,0.0
1974-10-07,0.0,0.17,0.17,0.17,32000,0.0,0.0
1974-10-08,0.0,0.18,0.17,0.18,134400,0.0,0.0
1974-10-09,0.0,0.2,0.18,0.2,116800,0.0,0.0
1974-10-10,0.0,0.2,0.19,0.19,110400,0.0,0.0
1974-10-11,0.0,0.19,0.19,0.19,60800,0.0,0.0
1974-10-14,0.0,0.21,0.19,0.2,414400,0.0,0.0
1974-10-15,0.0,0.2,0.19,0.19,337600,0.0,0.0
1974-10-16,0.0,0.19,0.18,0.18,139200,0.0,0.0
1974-10-17,0.0,0.18,0.17,0.18,219200,0.0,0.0
1974-10-18,0.0,0.18,0.17,0.18,857600,0.0,0.0
1974-10-21,0.0,0.18,0.17,0.18,100800,0.0,0.0
1974-10-22,0.0,0.18,0.17,0.17,44800,0.0,0.0
1974-10-23,0.0,0.18,0.17,0.18,35200,0.0,0.0
1974-10-24,0.0,0.17,0.17,0.17,94400,0.0,0.0
1974-10-25,0.0,0.17,0.17,0.17,51200,0.0,0.0
1974-10-28,0.0,0.17,0.16,0.16,126400,0.0,0.0
1974-10-29,0.0,0.17,0.16,0.16,374400,0.0,0.0
1974-10-30,0.0,0.16,0.15,0.16,174400,0.0,0.0
1974-10-31,0.0,0.17,0.16,0.17,132800,0.0,0.0
1974-11-01,0.0,0.17,0.16,0.17,536000,0.0,0.0
1974-11-04,0.0,0.16,0.16,0.16,32000,0.0,0.0
1974-11-05,0.0,0.16,0.15,0.16,150400,0.0,0.0
1974-11-06,0.0,0.16,0.15,0.15,94400,0.0,0.0
1974-11-07,0.0,0.16,0.15,0.15,320000,0.0,0.0
1974-11-08,0.0,0.16,0.14,0.14,97600,0.0,0.0
1974-11-11,0.0,0.16,0.15,0.15,76800,0.0,0.0
1974-11-12,0.0,0.16,0.15,0.15,179200,0.0,0.0
1974-11-13,0.0,0.16,0.14,0.15,640000,0.0,0.0
1974-11-14,0.0,0.16,0.15,0.15,404800,0.0,0.0
1974-11-15,0.0,0.15,0.15,0.15,41600,0.0,0.0
1974-11-18,0.0,0.15,0.14,0.14,104000,0.0,0.0
1974-11-19,0.0,0.14,0.14,0.14,120000,0.0,0.0
1974-11-20,0.0,0.14,0.13,0.13,134400,0.0,0.0
1974-11-21,0.0,0.13,0.13,0.13,195200,0.0,0.0
1974-11-22,0.0,0.14,0.13,0.14,195200,0.0,0.0
1974-11-25,0.0,0.14,0.13,0.13,62400,0.0,0.0
1974-11-26,0.0,0.14,0.13,0.13,67200,0.0,0.0
1974-11-27,0.0,0.14,0.13,0.14,156800,0.0,0.0
1974-11-29,0.0,0.13,0.13,0.13,124800,0.0,0.0
1974-12-02,0.0,0.13,0.13,0.13,46400,0.0,0.0
1974-12-03,0.0,0.14,0.13,0.13,384000,0.0,0.0
1974-12-04,0.0,0.13,0.12,0.12,361600,0.0,0.0
1974-12-05,0.0,0.13,0.12,0.12,240000,0.0,0.0
1974-12-06,0.0,0.13,0.12,0.12,155200,0.0,0.0
1974-12-09,0.0,0.13,0.12,0.12,108800,0.0,0.0
1974-12-10,0.0,0.13,0.13,0.13,160000,0.0,0.0
1974-12-11,0.0,0.14,0.13,0.13,262400,0.0,0.0
1974-12-12,0.0,0.13,0.13,0.13,140800,0.0,0.0
1974-12-13,0.0,0.14,0.13,0.14,284800,0.0,0.0
1974-12-16,0.0,0.13,0.12,0.13,198400,0.0,0.0
1974-12-17,0.0,0.13,0.12,0.13,1142400,0.0,0.0
1974-12-18,0.0,0.13,0.12,0.12,352000,0.0,0.0
1974-12-19,0.0,0.13,0.12,0.13,225600,0.0,0.0
1974-12-20,0.0,0.13,0.12,0.13,219200,0.0,0.0
1974-12-23,0.0,0.13,0.11,0.12,228800,0.0,0.0
1974-12-24,0.0,0.12,0.12,0.12,161600,0.0,0.0
1974-12-26,0.0,0.13,0.12,0.12,344000,0.0,0.0
1974-12-27,0.0,0.13,0.12,0.13,555200,0.0,0.0
1974-12-30,0.0,0.14,0.13,0.14,820800,0.0,0.0
1974-12-31,0.0,0.15,0.14,0.15,190400,0.0,0.0
1975-01-02,0.0,0.17,0.15,0.16,395200,0.0,0.0
1975-01-03,0.0,0.16,0.15,0.15,398400,0.0,0.0
1975-01-06,0.0,0.16,0.15,0.15,126400,0.0,0.0
1975-01-07,0.0,0.16,0.15,0.16,812800,0.0,0.0
1975-01-08,0.0,0.16,0.15,0.16,78400,0.0,0.0
1975-01-09,0.0,0.16,0.15,0.16,76800,0.0,0.0
1975-01-10,0.0,0.16,0.16,0.16,723200,0.0,0.0
1975-01-13,0.0,0.16,0.16,0.16,624000,0.0,0.0
1975-01-14,0.0,0.17,0.16,0.17,198400,0.0,0.0
1975-01-15,0.0,0.19,0.17,0.19,1348800,0.0,0.0
1975-01-16,0.0,0.19,0.18,0.19,481600,0.0,0.0
1975-01-17,0.0,0.19,0.18,0.19,168000,0.0,0.0
1975-01-20,0.0,0.2,0.19,0.2,254400,0.0,0.0
1975-01-21,0.0,0.2,0.19,0.19,729600,0.0,0.0
1975-01-22,0.0,0.19,0.19,0.19,73600,0.0,0.0
1975-01-23,0.0,0.2,0.19,0.2,449600,0.0,0.0
1975-01-24,0.0,0.21,0.2,0.2,272000,0.0,0.0
1975-01-27,0.0,0.23,0.21,0.23,1038400,0.0,0.0
1975-01-28,0.0,0.24,0.22,0.24,1417600,0.0,0.0
1975-01-29,0.0,0.24,0.22,0.24,422400,0.0,0.0
1975-01-30,0.0,0.25,0.24,0.24,387200,0.0,0.0
1975-01-31,0.0,0.25,0.24,0.24,617600,0.0,0.0
1975-02-03,0.0,0.25,0.24,0.25,304000,0.0,0.0
1975-02-04,0.0,0.25,0.24,0.24,366400,0.0,0.0
1975-02-05,0.0,0.25,0.24,0.24,299200,0.0,0.0
1975-02-06,0.0,0.26,0.24,0.25,593600,0.0,0.0
1975-02-07,0.0,0.25,0.25,0.25,228800,0.0,0.0
1975-02-10,0.0,0.25,0.25,0.25,144000,0.0,0.0
1975-02-11,0.0,0.25,0.24,0.25,152000,0.0,0.0
1975-02-12,0.0,0.26,0.25,0.26,968000,0.0,0.0
1975-02-13,0.0,0.26,0.22,0.22,1340800,0.0,0.0
1975-02-14,0.0,0.25,0.22,0.24,907200,0.0,0.0
1975-02-18,0.0,0.25,0.23,0.23,425600,0.0,0.0
1975-02-19,0.0,0.23,0.22,0.23,587200,0.0,0.0
1975-02-20,0.0,0.23,0.21,0.21,892800,0.0,0.0
1975-02-21,0.0,0.24,0.21,0.24,489600,0.0,0.0
1975-02-24,0.0,0.25,0.24,0.25,836800,0.0,0.0
1975-02-25,0.0,0.26,0.23,0.23,457600,0.0,0.0
1975-02-26,0.0,0.24,0.23,0.24,182400,0.0,0.0
1975-02-27,0.0,0.25,0.24,0.24,150400,0.0,0.0
1975-02-28,0.0,0.25,0.24,0.24,454400,0.0,0.0
1975-03-03,0.0,0.25,0.24,0.25,332800,0.0,0.0
1975-03-04,0.0,0.26,0.25,0.25,451200,0.0,0.0
1975-03-05,0.0,0.25,0.24,0.25,278400,0.0,0.0
1975-03-06,0.0,0.26,0.25,0.25,353600,0.0,0.0
1975-03-07,0.0,0.26,0.25,0.26,480000,0.0,0.0
1975-03-10,0.0,0.26,0.25,0.26,932800,0.0,0.0
1975-03-11,0.0,0.29,0.26,0.28,1790400,0.0,0.0
1975-03-12,0.0,0.29,0.28,0.28,1680000,0.0,0.0
1975-03-13,0.0,0.29,0.28,0.29,424000,0.0,0.0
1975-03-14,0.0,0.31,0.29,0.31,1148800,0.0,0.0
1975-03-17,0.0,0.32,0.31,0.32,1164800,0.0,0.0
1975-03-18,0.0,0.32,0.3,0.31,561600,0.0,0.0
1975-03-19,0.0,0.31,0.3,0.31,184000,0.0,0.0
1975-03-20,0.0,0.31,0.29,0.3,243200,0.0,0.0
1975-03-21,0.0,0.3,0.3,0.3,136000,0.0,0.0
1975-03-24,0.0,0.3,0.29,0.29,200000,0.0,0.0
1975-03-25,0.0,0.3,0.28,0.3,635200,0.0,0.0
1975-03-26,0.0,0.32,0.3,0.32,412800,0.0,0.0
1975-03-27,0.0,0.34,0.33,0.34,700800,0.0,0.0
1975-03-31,0.0,0.35,0.34,0.34,619200,0.0,0.0
1975-04-01,0.0,0.34,0.33,0.34,244800,0.0,0.0
1975-04-02,0.0,0.35,0.34,0.34,689600,0.0,0.0
1975-04-03,0.0,0.34,0.34,0.34,244800,0.0,0.0
1975-04-04,0.0,0.34,0.34,0.34,163200,0.0,0.0
1975-04-07,0.0,0.33,0.31,0.33,465600,0.0,0.0
1975-04-08,0.0,0.34,0.32,0.33,259200,0.0,0.0
1975-04-09,0.0,0.36,0.34,0.36,518400,0.0,0.0
1975-04-10,0.0,0.36,0.33,0.34,918400,0.0,0.0
1975-04-11,0.34,0.34,0.34,0.34,0,0.0,0.0
1975-04-14,0.0,0.34,0.33,0.34,332800,0.0,0.0
1975-04-15,0.0,0.34,0.33,0.33,424000,0.0,0.0
1975-04-16,0.0,0.34,0.31,0.34,264000,0.0,0.0
1975-04-17,0.0,0.35,0.33,0.35,1025600,0.0,0.0
1975-04-18,0.0,0.35,0.34,0.34,211200,0.0,0.0
1975-04-21,0.0,0.36,0.33,0.35,408000,0.0,0.0
1975-04-22,0.0,0.36,0.35,0.35,523200,0.0,0.0
1975-04-23,0.0,0.36,0.35,0.36,228800,0.0,0.0
1975-04-24,0.0,0.37,0.36,0.36,292800,0.0,0.0
1975-04-25,0.0,0.37,0.36,0.37,280000,0.0,0.0
1975-04-28,0.0,0.37,0.36,0.37,171200,0.0,0.0
1975-04-29,0.0,0.37,0.36,0.36,126400,0.0,0.0
1975-04-30,0.0,0.36,0.36,0.36,508800,0.0,0.0
1975-05-01,0.0,0.37,0.36,0.36,267200,0.0,0.0
1975-05-02,0.0,0.37,0.36,0.36,200000,0.0,0.0
1975-05-05,0.0,0.37,0.36,0.36,148800,0.0,0.0
1975-05-06,0.0,0.36,0.36,0.36,256000,0.0,0.0
1975-05-07,0.0,0.36,0.35,0.35,246400,0.0,0.0
1975-05-08,0.0,0.38,0.36,0.38,516800,0.0,0.0
1975-05-09,0.0,0.41,0.38,0.41,1032000,0.0,0.0
1975-05-12,0.0,0.41,0.39,0.39,425600,0.0,0.0
1975-05-13,0.0,0.4,0.39,0.4,140800,0.0,0.0
1975-05-14,0.0,0.41,0.39,0.41,382400,0.0,0.0
1975-05-15,0.0,0.41,0.4,0.4,588800,0.0,0.0
1975-05-16,0.0,0.4,0.4,0.4,324800,0.0,0.0
1975-05-19,0.0,0.4,0.39,0.4,203200,0.0,0.0
1975-05-20,0.0,0.4,0.4,0.4,243200,0.0,0.0
1975-05-21,0.0,0.4,0.39,0.39,790400,0.0,0.0
1975-05-22,0.0,0.38,0.36,0.36,272000,0.0,0.0
1975-05-23,0.0,0.37,0.36,0.36,435200,0.0,0.0
1975-05-27,0.0,0.37,0.36,0.37,633600,0.0,0.0
1975-05-28,0.0,0.38,0.37,0.37,323200,0.0,0.0
1975-05-29,0.0,0.38,0.37,0.37,134400,0.0,0.0
1975-05-30,0.0,0.38,0.36,0.37,251200,0.0,0.0
1975-06-02,0.0,0.38,0.36,0.36,473600,0.0,0.0
1975-06-03,0.0,0.39,0.36,0.38,595200,0.0,0.0
1975-06-04,0.0,0.4,0.39,0.39,659200,0.0,0.0
1975-06-05,0.0,0.39,0.39,0.39,107200,0.0,0.0
1975-06-06,0.0,0.4,0.38,0.38,260800,0.0,0.0
1975-06-09,0.0,0.39,0.37,0.39,176000,0.0,0.0
1975-06-10,0.0,0.38,0.37,0.37,404800,0.0,0.0
1975-06-11,0.0,0.38,0.37,0.38,227200,0.0,0.0
1975-06-12,0.0,0.38,0.36,0.37,230400,0.0,0.0
1975-06-13,0.0,0.38,0.36,0.36,145600,0.0,0.0
1975-06-16,0.0,0.36,0.35,0.36,454400,0.0,0.0
1975-06-17,0.0,0.36,0.36,0.36,174400,0.0,0.0
1975-06-18,0.0,0.36,0.36,0.36,369600,0.0,0.0
1975-06-19,0.0,0.36,0.36,0.36,640000,0.0,0.0
1975-06-20,0.0,0.37,0.36,0.36,497600,0.0,0.0
1975-06-23,0.0,0.38,0.37,0.38,120000,0.0,0.0
1975-06-24,0.0,0.39,0.38,0.39,1051200,0.0,0.0
1975-06-25,0.0,0.39,0.38,0.38,590400,0.0,0.0
1975-06-26,0.0,0.39,0.37,0.38,529600,0.0,0.0
1975-06-27,0.0,0.38,0.38,0.38,515200,0.0,0.0
1975-06-30,0.0,0.38,0.37,0.38,214400,0.0,0.0
1975-07-01,0.0,0.38,0.37,0.38,80000,0.0,0.0
1975-07-02,0.0,0.38,0.37,0.37,171200,0.0,0.0
1975-07-03,0.0,0.38,0.37,0.37,324800,0.0,0.0
1975-07-07,0.0,0.38,0.37,0.37,220800,0.0,0.0
1975-07-08,0.0,0.38,0.36,0.36,292800,0.0,0.0
1975-07-09,0.0,0.38,0.36,0.38,284800,0.0,0.0
1975-07-10,0.0,0.39,0.37,0.38,4403200,0.0,0.0
1975-07-11,0.0,0.4,0.39,0.4,1147200,0.0,0.0
1975-07-14,0.0,0.4,0.39,0.4,1812800,0.0,0.0
1975-07-15,0.0,0.4,0.39,0.4,302400,0.0,0.0
1975-07-16,0.0,0.41,0.39,0.39,462400,0.0,0.0
1975-07-17,0.0,0.4,0.38,0.38,379200,0.0,0.0
1975-07-18,0.0,0.38,0.36,0.37,1536000,0.0,0.0
1975-07-21,0.0,0.37,0.37,0.37,145600,0.0,0.0
1975-07-22,0.0,0.37,0.36,0.37,456000,0.0,0.0
1975-07-23,0.0,0.37,0.36,0.36,124800,0.0,0.0
1975-07-24,0.0,0.37,0.36,0.36,256000,0.0,0.0
1975-07-25,0.0,0.37,0.36,0.36,246400,0.0,0.0
1975-07-28,0.0,0.36,0.34,0.34,179200,0.0,0.0
1975-07-29,0.0,0.36,0.33,0.34,294400,0.0,0.0
1975-07-30,0.0,0.36,0.34,0.35,206400,0.0,0.0
1975-07-31,0.0,0.36,0.35,0.35,148800,0.0,0.0
1975-08-01,0.0,0.36,0.33,0.34,404800,0.0,0.0
1975-08-04,0.0,0.34,0.32,0.33,886400,0.0,0.0
1975-08-05,0.0,0.33,0.32,0.32,182400,0.0,0.0
1975-08-06,0.0,0.33,0.32,0.33,321600,0.0,0.0
1975-08-07,0.0,0.34,0.33,0.33,201600,0.0,0.0
1975-08-08,0.0,0.34,0.33,0.33,134400,0.0,0.0
1975-08-11,0.0,0.33,0.32,0.33,46400,0.0,0.0
1975-08-12,0.0,0.33,0.33,0.33,70400,0.0,0.0
1975-08-13,0.0,0.33,0.33,0.33,62400,0.0,0.0
1975-08-14,0.0,0.33,0.32,0.32,108800,0.0,0.0
1975-08-15,0.0,0.32,0.31,0.32,62400,0.0,0.0
1975-08-18,0.0,0.33,0.32,0.32,64000,0.0,0.0
1975-08-19,0.0,0.31,0.3,0.31,299200,0.0,0.0
1975-08-20,0.0,0.3,0.28,0.29,411200,0.0,0.0
1975-08-21,0.0,0.3,0.28,0.29,307200,0.0,0.0
1975-08-22,0.0,0.32,0.3,0.32,433600,0.0,0.0
1975-08-25,0.0,0.33,0.32,0.33,227200,0.0,0.0
1975-08-26,0.0,0.33,0.33,0.33,137600,0.0,0.0
1975-08-27,0.0,0.33,0.32,0.33,334400,0.0,0.0
1975-08-28,0.0,0.37,0.33,0.37,1414400,0.0,0.0
1975-08-29,0.0,0.38,0.37,0.38,355200,0.0,0.0
1975-09-02,0.0,0.38,0.36,0.36,112000,0.0,0.0
1975-09-03,0.0,0.36,0.35,0.36,246400,0.0,0.0
1975-09-04,0.0,0.37,0.36,0.36,91200,0.0,0.0
1975-09-05,0.0,0.37,0.36,0.37,126400,0.0,0.0
1975-09-08,0.0,0.37,0.36,0.36,104000,0.0,0.0
1975-09-09,0.0,0.36,0.36,0.36,104000,0.0,0.0
1975-09-10,0.0,0.36,0.35,0.35,476800,0.0,0.0
1975-09-11,0.0,0.35,0.34,0.35,131200,0.0,0.0
1975-09-12,0.0,0.36,0.34,0.34,382400,0.0,0.0
1975-09-15,0.0,0.34,0.34,0.34,20800,0.0,0.0
1975-09-16,0.0,0.35,0.34,0.34,100800,0.0,0.0
1975-09-17,0.0,0.34,0.34,0.34,92800,0.0,0.0
1975-09-18,0.0,0.35,0.35,0.35,168000,0.0,0.0
1975-09-19,0.0,0.37,0.36,0.36,264000,0.0,0.0
1975-09-22,0.0,0.38,0.36,0.37,224000,0.0,0.0
1975-09-23,0.0,0.37,0.36,0.37,76800,0.0,0.0
1975-09-24,0.0,0.39,0.38,0.38,430400,0.0,0.0
1975-09-25,0.0,0.39,0.38,0.38,206400,0.0,0.0
1975-09-26,0.0,0.39,0.38,0.39,78400,0.0,0.0
1975-09-29,0.0,0.39,0.38,0.38,107200,0.0,0.0
1975-09-30,0.0,0.39,0.37,0.37,185600,0.0,0.0
1975-10-01,0.0,0.38,0.37,0.37,299200,0.0,0.0
1975-10-02,0.0,0.38,0.37,0.38,76800,0.0,0.0
1975-10-03,0.0,0.39,0.38,0.39,185600,0.0,0.0
1975-10-06,0.0,0.39,0.39,0.39,420800,0.0,0.0
1975-10-07,0.0,0.39,0.39,0.39,112000,0.0,0.0
1975-10-08,0.0,0.41,0.39,0.41,428800,0.0,0.0
1975-10-09,0.0,0.41,0.4,0.41,294400,0.0,0.0
1975-10-10,0.0,0.41,0.4,0.41,310400,0.0,0.0
1975-10-13,0.0,0.44,0.41,0.44,377600,0.0,0.0
1975-10-14,0.0,0.45,0.43,0.44,598400,0.0,0.0
1975-10-15,0.0,0.45,0.42,0.45,302400,0.0,0.0
1975-10-16,0.0,0.46,0.44,0.44,731200,0.0,0.0
1975-10-17,0.0,0.44,0.42,0.42,470400,0.0,0.0
1975-10-20,0.0,0.45,0.43,0.45,569600,0.0,0.0
1975-10-21,0.0,0.47,0.45,0.47,392000,0.0,0.0
1975-10-22,0.0,0.47,0.45,0.46,238400,0.0,0.0
1975-10-23,0.0,0.46,0.45,0.46,590400,0.0,0.0
1975-10-24,0.0,0.46,0.45,0.45,187200,0.0,0.0
1975-10-27,0.0,0.45,0.44,0.44,168000,0.0,0.0
1975-10-28,0.0,0.46,0.45,0.45,272000,0.0,0.0
1975-10-29,0.0,0.45,0.44,0.44,299200,0.0,0.0
1975-10-30,0.0,0.43,0.42,0.43,472000,0.0,0.0
1975-10-31,0.0,0.44,0.43,0.43,118400,0.0,0.0
1975-11-03,0.0,0.44,0.42,0.42,289600,0.0,0.0
1975-11-04,0.0,0.43,0.42,0.43,192000,0.0,0.0
1975-11-05,0.0,0.46,0.43,0.46,771200,0.0,0.0
1975-11-06,0.0,0.46,0.45,0.45,280000,0.0,0.0
1975-11-07,0.0,0.45,0.45,0.45,211200,0.0,0.0
1975-11-10,0.0,0.46,0.44,0.46,228800,0.0,0.0
1975-11-11,0.0,0.46,0.46,0.46,196800,0.0,0.0
1975-11-12,0.0,0.46,0.45,0.45,473600,0.0,0.0
1975-11-13,0.0,0.46,0.44,0.44,830400,0.0,0.0
1975-11-14,0.0,0.45,0.43,0.45,224000,0.0,0.0
1975-11-17,0.0,0.46,0.45,0.45,760000,0.0,0.0
1975-11-18,0.0,0.45,0.44,0.44,678400,0.0,0.0
1975-11-19,0.0,0.45,0.43,0.44,483200,0.0,0.0
1975-11-20,0.0,0.44,0.44,0.44,128000,0.0,0.0
1975-11-21,0.0,0.44,0.42,0.43,520000,0.0,0.0
1975-11-24,0.0,0.43,0.43,0.43,80000,0.0,0.0
1975-11-25,0.0,0.43,0.42,0.43,182400,0.0,0.0
1975-11-26,0.0,0.44,0.43,0.43,131200,0.0,0.0
1975-11-28,0.0,0.44,0.43,0.43,126400,0.0,0.0
1975-12-01,0.0,0.44,0.43,0.43,209600,0.0,0.0
1975-12-02,0.0,0.43,0.42,0.42,1132800,0.0,0.0
1975-12-03,0.0,0.42,0.4,0.4,632000,0.0,0.0
1975-12-04,0.0,0.42,0.39,0.41,387200,0.0,0.0
1975-12-05,0.0,0.42,0.41,0.41,331200,0.0,0.0
1975-12-08,0.0,0.4,0.39,0.39,568000,0.0,0.0
1975-12-09,0.0,0.4,0.38,0.4,523200,0.0,0.0
1975-12-10,0.0,0.42,0.41,0.42,289600,0.0,0.0
1975-12-11,0.0,0.42,0.41,0.42,216000,0.0,0.0
1975-12-12,0.0,0.42,0.42,0.42,86400,0.0,0.0
1975-12-15,0.0,0.42,0.41,0.42,152000,0.0,0.0
1975-12-16,0.0,0.44,0.42,0.44,251200,0.0,0.0
1975-12-17,0.0,0.45,0.44,0.44,227200,0.0,0.0
1975-12-18,0.0,0.44,0.43,0.43,368000,0.0,0.0
1975-12-19,0.0,0.43,0.42,0.42,153600,0.0,0.0
1975-12-22,0.0,0.43,0.42,0.42,137600,0.0,0.0
1975-12-23,0.0,0.43,0.42,0.42,198400,0.0,0.0
1975-12-24,0.0,0.43,0.43,0.43,65600,0.0,0.0
1975-12-26,0.0,0.44,0.43,0.44,51200,0.0,0.0
1975-12-29,0.0,0.45,0.44,0.44,284800,0.0,0.0
1975-12-30,0.0,0.44,0.43,0.43,496000,0.0,0.0
1975-12-31,0.0,0.44,0.42,0.43,254400,0.0,0.0
1976-01-02,0.0,0.43,0.42,0.42,403200,0.0,0.0
1976-01-05,0.0,0.44,0.42,0.43,766400,0.0,0.0
1976-01-06,0.0,0.45,0.43,0.45,644800,0.0,0.0
1976-01-07,0.0,0.47,0.45,0.47,846400,0.0,0.0
1976-01-08,0.0,0.49,0.46,0.47,868800,0.0,0.0
1976-01-09,0.0,0.47,0.46,0.47,497600,0.0,0.0
1976-01-12,0.0,0.49,0.46,0.49,617600,0.0,0.0
1976-01-13,0.0,0.5,0.47,0.47,1416000,0.0,0.0
1976-01-14,0.0,0.48,0.47,0.47,339200,0.0,0.0
1976-01-15,0.0,0.48,0.48,0.48,444800,0.0,0.0
1976-01-16,0.0,0.49,0.48,0.48,763200,0.0,0.0
1976-01-19,0.0,0.51,0.48,0.51,803200,0.0,0.0
1976-01-20,0.0,0.53,0.51,0.53,1276800,0.0,0.0
1976-01-21,0.0,0.53,0.52,0.53,852800,0.0,0.0
1976-01-22,0.0,0.53,0.52,0.53,294400,0.0,0.0
1976-01-23,0.0,0.54,0.53,0.54,353600,0.0,0.0
1976-01-26,0.0,0.55,0.53,0.55,806400,0.0,0.0
1976-01-27,0.0,0.56,0.54,0.56,883200,0.0,0.0
1976-01-28,0.0,0.56,0.54,0.54,1046400,0.0,0.0
1976-01-29,0.0,0.55,0.54,0.55,316800,0.0,0.0
1976-01-30,0.0,0.56,0.54,0.55,840000,0.0,0.0
1976-02-02,0.0,0.55,0.54,0.54,972800,0.0,0.0
1976-02-03,0.0,0.55,0.52,0.53,2208000,0.0,0.0
1976-02-04,0.0,0.54,0.52,0.53,977600,0.0,0.0
1976-02-05,0.0,0.54,0.52,0.52,264000,0.0,0.0
1976-02-06,0.0,0.51,0.5,0.51,756800,0.0,0.0
1976-02-09,0.0,0.52,0.51,0.51,244800,0.0,0.0
1976-02-10,0.0,0.52,0.51,0.51,832000,0.0,0.0
1976-02-11,0.0,0.53,0.51,0.52,587200,0.0,0.0
1976-02-12,0.0,0.53,0.51,0.51,419200,0.0,0.0
1976-02-13,0.0,0.51,0.51,0.51,244800,0.0,0.0
1976-02-17,0.0,0.52,0.51,0.52,566400,0.0,0.0
1976-02-18,0.0,0.54,0.52,0.53,788800,0.0,0.0
1976-02-19,0.0,0.56,0.54,0.54,884800,0.0,0.0
1976-02-20,0.0,0.56,0.54,0.54,648000,0.0,0.0
1976-02-23,0.0,0.53,0.51,0.52,339200,0.0,0.0
1976-02-24,0.0,0.52,0.51,0.52,364800,0.0,0.0
1976-02-25,0.0,0.53,0.51,0.53,755200,0.0,0.0
1976-02-26,0.0,0.54,0.53,0.53,539200,0.0,0.0
1976-02-27,0.0,0.54,0.52,0.52,347200,0.0,0.0
1976-03-01,0.0,0.53,0.52,0.52,667200,0.0,0.0
1976-03-02,0.0,0.53,0.52,0.53,811200,0.0,0.0
1976-03-03,0.0,0.54,0.53,0.54,427200,0.0,0.0
1976-03-04,0.0,0.54,0.53,0.54,281600,0.0,0.0
1976-03-05,0.0,0.55,0.53,0.54,222400,0.0,0.0
1976-03-08,0.0,0.54,0.54,0.54,179200,0.0,0.0
1976-03-09,0.0,0.56,0.54,0.55,1046400,0.0,0.0
1976-03-10,0.0,0.57,0.56,0.57,219200,0.0,0.0
1976-03-11,0.0,0.6,0.57,0.59,1793600,0.0,0.0
1976-03-12,0.0,0.59,0.58,0.59,206400,0.0,0.0
1976-03-15,0.0,0.59,0.56,0.57,459200,0.0,0.0
1976-03-16,0.0,0.57,0.56,0.57,424000,0.0,0.0
1976-03-17,0.0,0.59,0.57,0.58,400000,0.0,0.0
1976-03-18,0.0,0.58,0.57,0.57,116800,0.0,0.0
1976-03-19,0.0,0.56,0.55,0.55,161600,0.0,0.0
1976-03-22,0.0,0.56,0.55,0.55,945600,0.0,0.0
1976-03-23,0.0,0.56,0.55,0.55,318400,0.0,0.0
1976-03-24,0.0,0.58,0.56,0.58,1204800,0.0,0.0
1976-03-25,0.0,0.58,0.57,0.57,486400,0.0,0.0
1976-03-26,0.0,0.58,0.56,0.56,153600,0.0,0.0
1976-03-29,0.0,0.57,0.56,0.56,284800,0.0,0.0
1976-03-30,0.0,0.57,0.56,0.57,126400,0.0,0.0
1976-03-31,0.0,0.57,0.56,0.57,219200,0.0,0.0
1976-04-01,0.0,0.56,0.55,0.55,360000,0.0,0.0
1976-04-02,0.0,0.56,0.55,0.55,384000,0.0,0.0
1976-04-05,0.0,0.56,0.56,0.56,75200,0.0,0.0
1976-04-06,0.0,0.56,0.56,0.56,166400,0.0,0.0
1976-04-07,0.0,0.55,0.54,0.54,366400,0.0,0.0
1976-04-08,0.0,0.56,0.54,0.54,252800,0.0,0.0
1976-04-09,0.0,0.55,0.53,0.53,184000,0.0,0.0
1976-04-12,0.0,0.54,0.53,0.53,208000,0.0,0.0
1976-04-13,0.0,0.53,0.52,0.52,278400,0.0,0.0
1976-04-14,0.0,0.52,0.5,0.51,568000,0.0,0.0
1976-04-15,0.0,0.53,0.51,0.52,1305600,0.0,0.0
1976-04-19,0.0,0.53,0.51,0.53,571200,0.0,0.0
1976-04-20,0.0,0.53,0.53,0.53,219200,0.0,0.0
1976-04-21,0.0,0.54,0.53,0.53,225600,0.0,0.0
1976-04-22,0.0,0.54,0.52,0.52,259200,0.0,0.0
1976-04-23,0.0,0.54,0.53,0.53,334400,0.0,0.0
1976-04-26,0.0,0.58,0.53,0.58,465600,0.0,0.0
1976-04-27,0.0,0.58,0.56,0.57,353600,0.0,0.0
1976-04-28,0.0,0.56,0.56,0.56,268800,0.0,0.0
1976-04-29,0.0,0.57,0.57,0.57,681600,0.0,0.0
1976-04-30,0.0,0.57,0.56,0.57,448000,0.0,0.0
1976-05-03,0.0,0.57,0.56,0.57,224000,0.0,0.0
1976-05-04,0.0,0.57,0.56,0.56,249600,0.0,0.0
1976-05-05,0.0,0.56,0.56,0.56,326400,0.0,0.0
1976-05-06,0.0,0.57,0.56,0.56,648000,0.0,0.0
1976-05-07,0.0,0.56,0.55,0.56,427200,0.0,0.0
1976-05-10,0.0,0.56,0.55,0.56,294400,0.0,0.0
1976-05-11,0.0,0.57,0.56,0.56,233600,0.0,0.0
1976-05-12,0.0,0.56,0.54,0.55,100800,0.0,0.0
1976-05-13,0.0,0.55,0.53,0.54,121600,0.0,0.0
1976-05-14,0.0,0.54,0.52,0.53,190400,0.0,0.0
1976-05-17,0.0,0.52,0.51,0.52,128000,0.0,0.0
1976-05-18,0.0,0.53,0.51,0.51,340800,0.0,0.0
1976-05-19,0.0,0.52,0.51,0.51,899200,0.0,0.0
1976-05-20,0.0,0.51,0.51,0.51,1350400,0.0,0.0
1976-05-21,0.0,0.53,0.51,0.51,625600,0.0,0.0
1976-05-24,0.0,0.51,0.5,0.5,252800,0.0,0.0
1976-05-25,0.0,0.49,0.48,0.48,1017600,0.0,0.0
1976-05-26,0.0,0.49,0.47,0.47,176000,0.0,0.0
1976-05-27,0.0,0.47,0.46,0.46,212800,0.0,0.0
1976-05-28,0.0,0.48,0.46,0.48,235200,0.0,0.0
1976-06-01,0.0,0.48,0.48,0.48,212800,0.0,0.0
1976-06-02,0.0,0.47,0.47,0.47,136000,0.0,0.0
1976-06-03,0.0,0.48,0.45,0.46,492800,0.0,0.0
1976-06-04,0.0,0.47,0.46,0.47,212800,0.0,0.0
1976-06-07,0.0,0.47,0.45,0.46,368000,0.0,0.0
1976-06-08,0.0,0.47,0.45,0.46,148800,0.0,0.0
1976-06-09,0.0,0.48,0.46,0.47,176000,0.0,0.0
1976-06-10,0.0,0.48,0.47,0.48,268800,0.0,0.0
1976-06-11,0.0,0.49,0.48,0.49,132800,0.0,0.0
1976-06-14,0.0,0.52,0.5,0.51,795200,0.0,0.0
1976-06-15,0.0,0.52,0.52,0.52,390400,0.0,0.0
1976-06-16,0.0,0.52,0.51,0.51,734400,0.0,0.0
1976-06-17,0.0,0.51,0.5,0.5,388800,0.0,0.0
1976-06-18,0.0,0.51,0.5,0.51,492800,0.0,0.0
1976-06-21,0.0,0.52,0.51,0.51,208000,0.0,0.0
1976-06-22,0.0,0.52,0.51,0.52,129600,0.0,0.0
1976-06-23,0.0,0.52,0.51,0.52,116800,0.0,0.0
1976-06-24,0.0,0.52,0.51,0.52,100800,0.0,0.0
1976-06-25,0.0,0.53,0.52,0.53,136000,0.0,0.0
1976-06-28,0.0,0.53,0.52,0.52,123200,0.0,0.0
1976-06-29,0.0,0.52,0.51,0.51,776000,0.0,0.0
1976-06-30,0.0,0.52,0.51,0.52,280000,0.0,0.0
1976-07-01,0.0,0.52,0.51,0.51,209600,0.0,0.0
1976-07-02,0.0,0.52,0.51,0.52,54400,0.0,0.0
1976-07-06,0.0,0.53,0.52,0.52,664000,0.0,0.0
1976-07-07,0.0,0.52,0.51,0.52,65600,0.0,0.0
1976-07-08,0.0,0.52,0.52,0.52,598400,0.0,0.0
1976-07-09,0.0,0.53,0.51,0.53,532800,0.0,0.0
1976-07-12,0.0,0.56,0.53,0.55,616000,0.0,0.0
1976-07-13,0.0,0.55,0.54,0.54,457600,0.0,0.0
1976-07-14,0.0,0.55,0.53,0.54,236800,0.0,0.0
1976-07-15,0.0,0.55,0.54,0.55,51200,0.0,0.0
1976-07-16,0.0,0.56,0.55,0.55,120000,0.0,0.0
1976-07-19,0.0,0.56,0.55,0.56,547200,0.0,0.0
1976-07-20,0.0,0.55,0.54,0.55,289600,0.0,0.0
1976-07-21,0.0,0.55,0.53,0.53,228800,0.0,0.0
1976-07-22,0.0,0.55,0.54,0.54,393600,0.0,0.0
1976-07-23,0.0,0.55,0.53,0.53,323200,0.0,0.0
1976-07-26,0.0,0.54,0.53,0.54,273600,0.0,0.0
1976-07-27,0.0,0.55,0.53,0.54,180800,0.0,0.0
1976-07-28,0.0,0.55,0.54,0.54,275200,0.0,0.0
1976-07-29,0.0,0.55,0.53,0.54,102400,0.0,0.0
1976-07-30,0.0,0.55,0.53,0.55,166400,0.0,0.0
1976-08-02,0.0,0.55,0.54,0.54,296000,0.0,0.0
1976-08-03,0.0,0.54,0.53,0.54,206400,0.0,0.0
1976-08-04,0.0,0.55,0.54,0.54,216000,0.0,0.0
1976-08-05,0.0,0.54,0.54,0.54,241600,0.0,0.0
1976-08-06,0.0,0.54,0.54,0.54,78400,0.0,0.0
1976-08-09,0.0,0.56,0.54,0.55,164800,0.0,0.0
1976-08-10,0.0,0.56,0.54,0.56,259200,0.0,0.0
1976-08-11,0.0,0.56,0.55,0.55,483200,0.0,0.0
1976-08-12,0.0,0.56,0.54,0.56,305600,0.0,0.0
1976-08-13,0.0,0.56,0.55,0.55,57600,0.0,0.0
1976-08-16,0.0,0.55,0.54,0.54,105600,0.0,0.0
1976-08-17,0.0,0.55,0.53,0.55,118400,0.0,0.0
1976-08-18,0.0,0.55,0.54,0.55,94400,0.0,0.0
1976-08-19,0.0,0.57,0.55,0.57,220800,0.0,0.0
1976-08-20,0.0,0.57,0.56,0.56,244800,0.0,0.0
1976-08-23,0.0,0.56,0.54,0.54,339200,0.0,0.0
1976-08-24,0.0,0.54,0.54,0.54,166400,0.0,0.0
1976-08-25,0.0,0.54,0.53,0.54,147200,0.0,0.0
1976-08-26,0.0,0.55,0.54,0.54,145600,0.0,0.0
1976-08-27,0.0,0.55,0.54,0.55,81600,0.0,0.0
1976-08-30,0.0,0.55,0.55,0.55,102400,0.0,0.0
1976-08-31,0.0,0.55,0.55,0.55,198400,0.0,0.0
1976-09-01,0.0,0.57,0.55,0.57,328000,0.0,0.0
1976-09-02,0.0,0.58,0.56,0.56,441600,0.0,0.0
1976-09-03,0.0,0.57,0.56,0.56,115200,0.0,0.0
1976-09-07,0.0,0.57,0.56,0.56,126400,0.0,0.0
1976-09-08,0.0,0.56,0.55,0.56,193600,0.0,0.0
1976-09-09,0.0,0.56,0.55,0.56,152000,0.0,0.0
1976-09-10,0.0,0.56,0.55,0.56,156800,0.0,0.0
1976-09-13,0.0,0.56,0.55,0.56,75200,0.0,0.0
1976-09-14,0.0,0.56,0.54,0.55,464000,0.0,0.0
1976-09-15,0.0,0.56,0.54,0.54,219200,0.0,0.0
1976-09-16,0.0,0.55,0.54,0.55,81600,0.0,0.0
1976-09-17,0.0,0.56,0.54,0.56,172800,0.0,0.0
1976-09-20,0.0,0.56,0.55,0.55,179200,0.0,0.0
1976-09-21,0.0,0.57,0.55,0.56,297600,0.0,0.0
1976-09-22,0.0,0.57,0.55,0.57,347200,0.0,0.0
1976-09-23,0.0,0.57,0.56,0.56,564800,0.0,0.0
1976-09-24,0.0,0.56,0.55,0.55,24000,0.0,0.0
1976-09-27,0.0,0.56,0.55,0.56,118400,0.0,0.0
1976-09-28,0.0,0.56,0.55,0.55,62400,0.0,0.0
1976-09-29,0.0,0.56,0.53,0.54,209600,0.0,0.0
1976-09-30,0.0,0.54,0.53,0.54,89600,0.0,0.0
1976-10-01,0.0,0.54,0.54,0.54,188800,0.0,0.0
1976-10-04,0.0,0.53,0.52,0.53,299200,0.0,0.0
1976-10-05,0.0,0.53,0.52,0.52,121600,0.0,0.0
1976-10-06,0.0,0.52,0.51,0.52,283200,0.0,0.0
1976-10-07,0.0,0.52,0.51,0.52,518400,0.0,0.0
1976-10-08,0.0,0.52,0.51,0.51,348800,0.0,0.0
1976-10-11,0.0,0.51,0.49,0.49,160000,0.0,0.0
1976-10-12,0.0,0.51,0.49,0.5,587200,0.0,0.0
1976-10-13,0.0,0.53,0.51,0.52,1412800,0.0,0.0
1976-10-14,0.0,0.51,0.51,0.51,2560000,0.0,0.0
1976-10-15,0.0,0.51,0.49,0.5,467200,0.0,0.0
1976-10-18,0.0,0.52,0.5,0.52,212800,0.0,0.0
1976-10-19,0.0,0.52,0.51,0.52,265600,0.0,0.0
1976-10-20,0.0,0.52,0.51,0.51,417600,0.0,0.0
1976-10-21,0.0,0.52,0.51,0.52,134400,0.0,0.0
1976-10-22,0.0,0.52,0.51,0.52,219200,0.0,0.0
1976-10-25,0.0,0.51,0.5,0.51,134400,0.0,0.0
1976-10-26,0.0,0.53,0.5,0.53,272000,0.0,0.0
1976-10-27,0.0,0.54,0.52,0.54,108800,0.0,0.0
1976-10-28,0.0,0.55,0.54,0.55,393600,0.0,0.0
1976-10-29,0.0,0.58,0.55,0.58,352000,0.0,0.0
1976-11-01,0.0,0.59,0.57,0.58,404800,0.0,0.0
1976-11-03,0.0,0.58,0.57,0.58,254400,0.0,0.0
1976-11-04,0.0,0.58,0.57,0.58,1339200,0.0,0.0
1976-11-05,0.0,0.6,0.58,0.58,900800,0.0,0.0
1976-11-08,0.0,0.58,0.56,0.57,304000,0.0,0.0
1976-11-09,0.0,0.59,0.56,0.59,316800,0.0,0.0
1976-11-10,0.0,0.6,0.59,0.59,1267200,0.0,0.0
1976-11-11,0.0,0.6,0.59,0.6,596800,0.0,0.0
1976-11-12,0.0,0.6,0.59,0.59,428800,0.0,0.0
1976-11-15,0.0,0.6,0.6,0.6,651200,0.0,0.0
1976-11-16,0.0,0.61,0.6,0.61,502400,0.0,0.0
1976-11-17,0.0,0.62,0.61,0.61,2081600,0.0,0.0
1976-11-18,0.0,0.62,0.61,0.62,796800,0.0,0.0
1976-11-19,0.0,0.62,0.62,0.62,248000,0.0,0.0
1976-11-22,0.0,0.63,0.62,0.63,440000,0.0,0.0
1976-11-23,0.0,0.63,0.62,0.63,1152000,0.0,0.0
1976-11-24,0.0,0.63,0.62,0.63,1113600,0.0,0.0
1976-11-26,0.0,0.63,0.62,0.63,184000,0.0,0.0
1976-11-29,0.0,0.64,0.63,0.63,64000,0.0,0.0
1976-11-30,0.0,0.63,0.62,0.63,478400,0.0,0.0
1976-12-01,0.0,0.64,0.63,0.63,392000,0.0,0.0
1976-12-02,0.0,0.64,0.63,0.64,724800,0.0,0.0
1976-12-03,0.0,0.64,0.63,0.63,462400,0.0,0.0
1976-12-06,0.0,0.63,0.63,0.63,102400,0.0,0.0
1976-12-07,0.0,0.64,0.62,0.63,577600,0.0,0.0
1976-12-08,0.0,0.63,0.62,0.63,262400,0.0,0.0
1976-12-09,0.0,0.63,0.62,0.62,171200,0.0,0.0
1976-12-10,0.0,0.62,0.62,0.62,377600,0.0,0.0
1976-12-13,0.0,0.62,0.61,0.61,276800,0.0,0.0
1976-12-14,0.0,0.62,0.6,0.61,713600,0.0,0.0
1976-12-15,0.0,0.62,0.6,0.62,436800,0.0,0.0
1976-12-16,0.0,0.62,0.61,0.61,94400,0.0,0.0
1976-12-17,0.0,0.62,0.61,0.61,176000,0.0,0.0
1976-12-20,0.0,0.61,0.59,0.6,76800,0.0,0.0
1976-12-21,0.0,0.61,0.59,0.6,768000,0.0,0.0
1976-12-22,0.0,0.61,0.59,0.6,371200,0.0,0.0
1976-12-23,0.0,0.6,0.6,0.6,433600,0.0,0.0
1976-12-27,0.0,0.61,0.6,0.61,259200,0.0,0.0
1976-12-28,0.0,0.62,0.61,0.62,684800,0.0,0.0
1976-12-29,0.0,0.62,0.61,0.61,243200,0.0,0.0
1976-12-30,0.0,0.62,0.61,0.62,510400,0.0,0.0
1976-12-31,0.0,0.64,0.62,0.64,443200,0.0,0.0
1977-01-03,0.0,0.64,0.62,0.63,936000,0.0,0.0
1977-01-04,0.0,0.63,0.62,0.62,305600,0.0,0.0
1977-01-05,0.0,0.62,0.61,0.61,228800,0.0,0.0
1977-01-06,0.0,0.62,0.61,0.62,160000,0.0,0.0
1977-01-07,0.0,0.62,0.62,0.62,144000,0.0,0.0
1977-01-10,0.0,0.63,0.62,0.63,260800,0.0,0.0
1977-01-11,0.0,0.64,0.63,0.63,723200,0.0,0.0
1977-01-12,0.0,0.64,0.63,0.64,89600,0.0,0.0
1977-01-13,0.0,0.65,0.63,0.65,638400,0.0,0.0
1977-01-14,0.0,0.67,0.65,0.66,640000,0.0,0.0
1977-01-17,0.0,0.66,0.65,0.66,243200,0.0,0.0
1977-01-18,0.0,0.66,0.65,0.65,276800,0.0,0.0
1977-01-19,0.0,0.65,0.63,0.64,400000,0.0,0.0
1977-01-20,0.0,0.65,0.62,0.62,89600,0.0,0.0
1977-01-21,0.0,0.62,0.62,0.62,515200,0.0,0.0
1977-01-24,0.0,0.62,0.6,0.6,499200,0.0,0.0
1977-01-25,0.0,0.62,0.6,0.62,588800,0.0,0.0
1977-01-26,0.0,0.62,0.61,0.62,451200,0.0,0.0
1977-01-27,0.0,0.62,0.61,0.62,640000,0.0,0.0
1977-01-28,0.0,0.63,0.62,0.62,275200,0.0,0.0
1977-01-31,0.0,0.62,0.61,0.62,171200,0.0,0.0
1977-02-01,0.0,0.62,0.61,0.61,478400,0.0,0.0
1977-02-02,0.0,0.61,0.59,0.59,550400,0.0,0.0
1977-02-03,0.0,0.6,0.59,0.59,324800,0.0,0.0
1977-02-04,0.0,0.6,0.59,0.59,1012800,0.0,0.0
1977-02-07,0.0,0.59,0.58,0.58,115200,0.0,0.0
1977-02-08,0.0,0.59,0.58,0.58,241600,0.0,0.0
1977-02-09,0.0,0.58,0.57,0.57,155200,0.0,0.0
1977-02-10,0.0,0.6,0.57,0.6,937600,0.0,0.0
1977-02-11,0.0,0.6,0.59,0.59,166400,0.0,0.0
1977-02-14,0.0,0.59,0.59,0.59,227200,0.0,0.0
1977-02-15,0.0,0.6,0.59,0.6,209600,0.0,0.0
1977-02-16,0.0,0.61,0.6,0.6,260800,0.0,0.0
1977-02-17,0.0,0.6,0.59,0.6,211200,0.0,0.0
1977-02-18,0.0,0.61,0.6,0.6,75200,0.0,0.0
1977-02-22,0.0,0.6,0.59,0.59,161600,0.0,0.0
1977-02-23,0.0,0.59,0.58,0.58,539200,0.0,0.0
1977-02-24,0.0,0.58,0.57,0.57,428800,0.0,0.0
1977-02-25,0.0,0.57,0.56,0.57,188800,0.0,0.0
1977-02-28,0.0,0.57,0.56,0.57,236800,0.0,0.0
1977-03-01,0.0,0.59,0.57,0.58,246400,0.0,0.0
1977-03-02,0.0,0.59,0.59,0.59,276800,0.0,0.0
1977-03-03,0.0,0.59,0.58,0.59,220800,0.0,0.0
1977-03-04,0.0,0.59,0.59,0.59,513600,0.0,0.0
1977-03-07,0.0,0.6,0.59,0.59,451200,0.0,0.0
1977-03-08,0.0,0.59,0.59,0.59,558400,0.0,0.0
1977-03-09,0.0,0.59,0.57,0.57,689600,0.0,0.0
1977-03-10,0.0,0.58,0.56,0.58,566400,0.0,0.0
1977-03-11,0.0,0.58,0.57,0.57,467200,0.0,0.0
1977-03-14,0.0,0.58,0.57,0.57,140800,0.0,0.0
1977-03-15,0.0,0.58,0.57,0.57,340800,0.0,0.0
1977-03-16,0.0,0.58,0.57,0.57,507200,0.0,0.0
1977-03-17,0.0,0.58,0.57,0.58,321600,0.0,0.0
1977-03-18,0.0,0.58,0.56,0.56,294400,0.0,0.0
1977-03-21,0.0,0.56,0.56,0.56,94400,0.0,0.0
1977-03-22,0.0,0.56,0.55,0.56,177600,0.0,0.0
1977-03-23,0.0,0.56,0.56,0.56,99200,0.0,0.0
1977-03-24,0.0,0.56,0.56,0.56,435200,0.0,0.0
1977-03-25,0.0,0.56,0.55,0.55,104000,0.0,0.0
1977-03-28,0.0,0.56,0.55,0.55,97600,0.0,0.0
1977-03-29,0.0,0.56,0.55,0.55,44800,0.0,0.0
1977-03-30,0.0,0.55,0.55,0.55,65600,0.0,0.0
1977-03-31,0.0,0.55,0.54,0.55,622400,0.0,0.0
1977-04-01,0.0,0.56,0.56,0.56,1923200,0.0,0.0
1977-04-04,0.0,0.56,0.56,0.56,214400,0.0,0.0
1977-04-05,0.0,0.57,0.56,0.56,675200,0.0,0.0
1977-04-06,0.0,0.57,0.56,0.56,110400,0.0,0.0
1977-04-07,0.0,0.58,0.56,0.57,195200,0.0,0.0
1977-04-11,0.0,0.59,0.57,0.58,180800,0.0,0.0
1977-04-12,0.0,0.6,0.59,0.6,136000,0.0,0.0
1977-04-13,0.0,0.6,0.59,0.6,100800,0.0,0.0
1977-04-14,0.0,0.6,0.59,0.6,683200,0.0,0.0
1977-04-15,0.0,0.6,0.58,0.59,256000,0.0,0.0
1977-04-18,0.0,0.59,0.58,0.59,196800,0.0,0.0
1977-04-19,0.0,0.59,0.59,0.59,76800,0.0,0.0
1977-04-20,0.0,0.59,0.59,0.59,172800,0.0,0.0
1977-04-21,0.0,0.59,0.57,0.57,448000,0.0,0.0
1977-04-22,0.0,0.57,0.56,0.56,251200,0.0,0.0
1977-04-25,0.0,0.57,0.56,0.57,326400,0.0,0.0
1977-04-26,0.0,0.57,0.57,0.57,468800,0.0,0.0
1977-04-27,0.0,0.59,0.57,0.58,864000,0.0,0.0
1977-04-28,0.0,0.59,0.58,0.58,846400,0.0,0.0
1977-04-29,0.0,0.58,0.58,0.58,91200,0.0,0.0
1977-05-02,0.0,0.58,0.58,0.58,115200,0.0,0.0
1977-05-03,0.0,0.59,0.58,0.58,155200,0.0,0.0
1977-05-04,0.0,0.58,0.58,0.58,465600,0.0,0.0
1977-05-05,0.0,0.58,0.57,0.58,430400,0.0,0.0
1977-05-06,0.0,0.58,0.56,0.56,132800,0.0,0.0
1977-05-09,0.0,0.56,0.54,0.54,667200,0.0,0.0
1977-05-10,0.0,0.54,0.53,0.53,974400,0.0,0.0
1977-05-11,0.0,0.54,0.53,0.53,472000,0.0,0.0
1977-05-12,0.0,0.53,0.53,0.53,556800,0.0,0.0
1977-05-13,0.0,0.53,0.52,0.53,432000,0.0,0.0
1977-05-16,0.0,0.53,0.53,0.53,270400,0.0,0.0
1977-05-17,0.0,0.53,0.52,0.52,409600,0.0,0.0
1977-05-18,0.0,0.53,0.52,0.52,225600,0.0,0.0
1977-05-19,0.0,0.52,0.51,0.51,313600,0.0,0.0
1977-05-20,0.0,0.5,0.49,0.5,256000,0.0,0.0
1977-05-23,0.0,0.5,0.48,0.48,267200,0.0,0.0
1977-05-24,0.0,0.49,0.48,0.49,201600,0.0,0.0
1977-05-25,0.0,0.5,0.48,0.48,856000,0.0,0.0
1977-05-26,0.0,0.49,0.48,0.48,380800,0.0,0.0
1977-05-27,0.0,0.49,0.48,0.48,312000,0.0,0.0
1977-05-31,0.0,0.49,0.48,0.48,193600,0.0,0.0
1977-06-01,0.0,0.5,0.48,0.5,224000,0.0,0.0
1977-06-02,0.0,0.5,0.49,0.5,478400,0.0,0.0
1977-06-03,0.0,0.5,0.5,0.5,200000,0.0,0.0
1977-06-06,0.0,0.53,0.5,0.52,795200,0.0,0.0
1977-06-07,0.0,0.54,0.52,0.54,230400,0.0,0.0
1977-06-08,0.0,0.55,0.54,0.55,499200,0.0,0.0
1977-06-09,0.0,0.55,0.54,0.55,489600,0.0,0.0
1977-06-10,0.0,0.56,0.54,0.54,718400,0.0,0.0
1977-06-13,0.0,0.55,0.54,0.55,331200,0.0,0.0
1977-06-14,0.0,0.56,0.56,0.56,288000,0.0,0.0
1977-06-15,0.0,0.56,0.56,0.56,198400,0.0,0.0
1977-06-16,0.0,0.56,0.55,0.56,256000,0.0,0.0
1977-06-17,0.0,0.56,0.55,0.56,296000,0.0,0.0
1977-06-20,0.0,0.56,0.56,0.56,881600,0.0,0.0
1977-06-21,0.0,0.57,0.56,0.57,713600,0.0,0.0
1977-06-22,0.0,0.57,0.56,0.56,148800,0.0,0.0
1977-06-23,0.0,0.57,0.56,0.56,171200,0.0,0.0
1977-06-24,0.0,0.58,0.57,0.57,774400,0.0,0.0
1977-06-27,0.0,0.58,0.57,0.58,172800,0.0,0.0
1977-06-28,0.0,0.58,0.57,0.57,260800,0.0,0.0
1977-06-29,0.0,0.57,0.56,0.57,97600,0.0,0.0
1977-06-30,0.0,0.57,0.56,0.56,128000,0.0,0.0
1977-07-01,0.0,0.57,0.56,0.56,107200,0.0,0.0
1977-07-05,0.0,0.57,0.56,0.56,294400,0.0,0.0
1977-07-06,0.0,0.57,0.56,0.57,27200,0.0,0.0
1977-07-07,0.0,0.57,0.56,0.56,195200,0.0,0.0
1977-07-08,0.0,0.57,0.56,0.57,532800,0.0,0.0
1977-07-11,0.0,0.57,0.56,0.57,228800,0.0,0.0
1977-07-12,0.0,0.57,0.57,0.57,404800,0.0,0.0
1977-07-13,0.0,0.57,0.56,0.56,619200,0.0,0.0
1977-07-15,0.0,0.57,0.56,0.56,209600,0.0,0.0
1977-07-18,0.0,0.57,0.56,0.57,163200,0.0,0.0
1977-07-19,0.0,0.57,0.56,0.57,425600,0.0,0.0
1977-07-20,0.0,0.58,0.57,0.58,249600,0.0,0.0
1977-07-21,0.0,0.58,0.57,0.57,427200,0.0,0.0
1977-07-22,0.0,0.57,0.57,0.57,310400,0.0,0.0
1977-07-25,0.0,0.57,0.57,0.57,288000,0.0,0.0
1977-07-26,0.0,0.57,0.56,0.57,160000,0.0,0.0
1977-07-27,0.0,0.57,0.56,0.56,105600,0.0,0.0
1977-07-28,0.0,0.56,0.56,0.56,171200,0.0,0.0
1977-07-29,0.0,0.57,0.56,0.57,123200,0.0,0.0
1977-08-01,0.0,0.57,0.57,0.57,537600,0.0,0.0
1977-08-02,0.0,0.58,0.57,0.58,126400,0.0,0.0
1977-08-03,0.0,0.58,0.58,0.58,296000,0.0,0.0
1977-08-04,0.0,0.59,0.58,0.58,249600,0.0,0.0
1977-08-05,0.0,0.59,0.58,0.59,337600,0.0,0.0
1977-08-08,0.0,0.59,0.59,0.59,155200,0.0,0.0
1977-08-09,0.0,0.6,0.59,0.59,190400,0.0,0.0
1977-08-10,0.0,0.6,0.58,0.59,800000,0.0,0.0
1977-08-11,0.0,0.59,0.58,0.58,665600,0.0,0.0
1977-08-12,0.0,0.58,0.57,0.58,504000,0.0,0.0
1977-08-15,0.0,0.58,0.58,0.58,132800,0.0,0.0
1977-08-16,0.0,0.58,0.57,0.58,150400,0.0,0.0
1977-08-17,0.0,0.58,0.58,0.58,116800,0.0,0.0
1977-08-18,0.0,0.58,0.57,0.57,694400,0.0,0.0
1977-08-19,0.0,0.58,0.57,0.57,236800,0.0,0.0
1977-08-22,0.0,0.57,0.57,0.57,104000,0.0,0.0
1977-08-23,0.0,0.59,0.58,0.58,302400,0.0,0.0
1977-08-24,0.0,0.58,0.58,0.58,180800,0.0,0.0
1977-08-25,0.0,0.59,0.58,0.59,187200,0.0,0.0
1977-08-26,0.0,0.59,0.57,0.58,464000,0.0,0.0
1977-08-29,0.0,0.59,0.57,0.57,120000,0.0,0.0
1977-08-30,0.0,0.59,0.58,0.58,433600,0.0,0.0
1977-08-31,0.0,0.59,0.58,0.59,177600,0.0,0.0
1977-09-01,0.0,0.6,0.59,0.59,137600,0.0,0.0
1977-09-02,0.0,0.62,0.6,0.62,398400,0.0,0.0
1977-09-06,0.0,0.63,0.56,0.62,286400,0.0,0.0
1977-09-07,0.0,0.62,0.61,0.61,377600,0.0,0.0
1977-09-08,0.0,0.62,0.61,0.61,281600,0.0,0.0
1977-09-09,0.0,0.62,0.61,0.62,265600,0.0,0.0
1977-09-12,0.0,0.61,0.61,0.61,200000,0.0,0.0
1977-09-13,0.0,0.62,0.61,0.61,128000,0.0,0.0
1977-09-14,0.0,0.62,0.61,0.62,4468800,0.0,0.0
1977-09-15,0.0,0.62,0.62,0.62,342400,0.0,0.0
1977-09-16,0.0,0.63,0.62,0.63,75200,0.0,0.0
1977-09-19,0.0,0.64,0.63,0.64,688000,0.0,0.0
1977-09-20,0.0,0.64,0.63,0.63,1721600,0.0,0.0
1977-09-21,0.0,0.63,0.62,0.62,686400,0.0,0.0
1977-09-22,0.0,0.62,0.62,0.62,345600,0.0,0.0
1977-09-23,0.0,0.62,0.61,0.62,112000,0.0,0.0
1977-09-26,0.0,0.62,0.61,0.62,180800,0.0,0.0
1977-09-27,0.0,0.64,0.62,0.62,572800,0.0,0.0
1977-09-28,0.0,0.62,0.62,0.62,398400,0.0,0.0
1977-09-29,0.0,0.62,0.62,0.62,790400,0.0,0.0
1977-09-30,0.0,0.62,0.62,0.62,57600,0.0,0.0
1977-10-03,0.0,0.62,0.62,0.62,246400,0.0,0.0
1977-10-04,0.0,0.62,0.61,0.62,158400,0.0,0.0
1977-10-05,0.0,0.62,0.61,0.62,163200,0.0,0.0
1977-10-06,0.0,0.62,0.61,0.61,1904000,0.0,0.0
1977-10-07,0.0,0.61,0.6,0.61,145600,0.0,0.0
1977-10-10,0.0,0.61,0.59,0.6,78400,0.0,0.0
1977-10-11,0.0,0.6,0.59,0.59,281600,0.0,0.0
1977-10-12,0.0,0.59,0.59,0.59,318400,0.0,0.0
1977-10-13,0.0,0.59,0.58,0.58,91200,0.0,0.0
1977-10-14,0.0,0.58,0.57,0.58,115200,0.0,0.0
1977-10-17,0.0,0.57,0.56,0.56,2358400,0.0,0.0
1977-10-18,0.0,0.56,0.55,0.56,1016000,0.0,0.0
1977-10-19,0.0,0.56,0.56,0.56,254400,0.0,0.0
1977-10-20,0.0,0.57,0.56,0.57,361600,0.0,0.0
1977-10-21,0.0,0.58,0.57,0.58,113600,0.0,0.0
1977-10-24,0.0,0.59,0.58,0.58,153600,0.0,0.0
1977-10-25,0.0,0.59,0.58,0.58,203200,0.0,0.0
1977-10-26,0.0,0.59,0.59,0.59,481600,0.0,0.0
1977-10-27,0.0,0.59,0.59,0.59,166400,0.0,0.0
1977-10-28,0.0,0.6,0.59,0.6,360000,0.0,0.0
1977-10-31,0.0,0.6,0.6,0.6,852800,0.0,0.0
1977-11-01,0.0,0.6,0.59,0.59,268800,0.0,0.0
1977-11-02,0.0,0.6,0.59,0.6,118400,0.0,0.0
1977-11-03,0.0,0.6,0.59,0.6,112000,0.0,0.0
1977-11-04,0.0,0.6,0.59,0.59,83200,0.0,0.0
1977-11-07,0.0,0.62,0.6,0.62,640000,0.0,0.0
1977-11-08,0.0,0.62,0.61,0.61,435200,0.0,0.0
1977-11-09,0.0,0.61,0.61,0.61,134400,0.0,0.0
1977-11-10,0.0,0.62,0.61,0.62,1030400,0.0,0.0
1977-11-11,0.0,0.65,0.63,0.65,312000,0.0,0.0
1977-11-14,0.0,0.65,0.64,0.65,486400,0.0,0.0
1977-11-15,0.0,0.66,0.64,0.65,531200,0.0,0.0
1977-11-16,0.0,0.66,0.65,0.66,299200,0.0,0.0
1977-11-17,0.0,0.65,0.65,0.65,257600,0.0,0.0
1977-11-18,0.0,0.66,0.65,0.66,211200,0.0,0.0
1977-11-21,0.0,0.66,0.65,0.65,192000,0.0,0.0
1977-11-22,0.0,0.66,0.65,0.66,488000,0.0,0.0
1977-11-23,0.0,0.67,0.66,0.66,1104000,0.0,0.0
1977-11-25,0.0,0.66,0.65,0.65,451200,0.0,0.0
1977-11-28,0.0,0.67,0.65,0.66,228800,0.0,0.0
1977-11-29,0.0,0.66,0.65,0.65,289600,0.0,0.0
1977-11-30,0.0,0.66,0.65,0.66,436800,0.0,0.0
1977-12-01,0.0,0.66,0.64,0.65,401600,0.0,0.0
1977-12-02,0.0,0.65,0.65,0.65,123200,0.0,0.0
1977-12-05,0.0,0.64,0.64,0.64,33600,0.0,0.0
1977-12-06,0.0,0.65,0.65,0.65,345600,0.0,0.0
1977-12-07,0.0,0.65,0.64,0.64,748800,0.0,0.0
1977-12-08,0.0,0.64,0.64,0.64,78400,0.0,0.0
1977-12-09,0.0,0.64,0.64,0.64,275200,0.0,0.0
1977-12-12,0.0,0.65,0.64,0.64,337600,0.0,0.0
1977-12-13,0.0,0.64,0.63,0.64,140800,0.0,0.0
1977-12-14,0.0,0.63,0.62,0.63,462400,0.0,0.0
1977-12-15,0.0,0.64,0.63,0.63,120000,0.0,0.0
1977-12-16,0.0,0.65,0.62,0.64,723200,0.0,0.0
1977-12-19,0.0,0.65,0.64,0.64,81600,0.0,0.0
1977-12-20,0.0,0.65,0.64,0.65,867200,0.0,0.0
1977-12-21,0.0,0.66,0.65,0.65,289600,0.0,0.0
1977-12-22,0.0,0.67,0.65,0.66,806400,0.0,0.0
1977-12-23,0.0,0.67,0.65,0.66,345600,0.0,0.0
1977-12-27,0.0,0.67,0.66,0.66,308800,0.0,0.0
1977-12-28,0.0,0.66,0.65,0.66,427200,0.0,0.0
1977-12-29,0.0,0.66,0.65,0.65,332800,0.0,0.0
1977-12-30,0.0,0.67,0.65,0.67,147200,0.0,0.0
1978-01-03,0.0,0.67,0.66,0.66,52800,0.0,0.0
1978-01-04,0.0,0.67,0.65,0.66,75200,0.0,0.0
1978-01-05,0.0,0.67,0.65,0.65,286400,0.0,0.0
1978-01-06,0.0,0.65,0.62,0.62,616000,0.0,0.0
1978-01-09,0.0,0.62,0.61,0.62,486400,0.0,0.0
1978-01-10,0.0,0.62,0.61,0.61,665600,0.0,0.0
1978-01-11,0.0,0.61,0.58,0.58,2836800,0.0,0.0
1978-01-12,0.0,0.59,0.58,0.59,1206400,0.0,0.0
1978-01-13,0.0,0.59,0.58,0.59,142400,0.0,0.0
1978-01-16,0.0,0.59,0.59,0.59,1172800,0.0,0.0
1978-01-17,0.0,0.59,0.58,0.58,185600,0.0,0.0
1978-01-18,0.0,0.6,0.59,0.59,825600,0.0,0.0
1978-01-19,0.0,0.6,0.59,0.59,465600,0.0,0.0
1978-01-20,0.59,0.59,0.59,0.59,0,0.0,0.0
1978-01-23,0.0,0.59,0.58,0.59,78400,0.0,0.0
1978-01-24,0.0,0.59,0.58,0.59,158400,0.0,0.0
1978-01-25,0.0,0.6,0.59,0.6,160000,0.0,0.0
1978-01-26,0.0,0.59,0.58,0.58,169600,0.0,0.0
1978-01-27,0.0,0.59,0.59,0.59,257600,0.0,0.0
1978-01-30,0.0,0.59,0.58,0.59,248000,0.0,0.0
1978-01-31,0.0,0.59,0.59,0.59,243200,0.0,0.0
1978-02-01,0.0,0.6,0.59,0.59,136000,0.0,0.0
1978-02-02,0.0,0.61,0.6,0.61,702400,0.0,0.0
1978-02-03,0.0,0.61,0.6,0.6,704000,0.0,0.0
1978-02-06,0.0,0.6,0.59,0.6,344000,0.0,0.0
1978-02-07,0.0,0.6,0.6,0.6,14400,0.0,0.0
1978-02-08,0.0,0.61,0.59,0.61,312000,0.0,0.0
1978-02-09,0.0,0.61,0.6,0.61,83200,0.0,0.0
1978-02-10,0.0,0.61,0.61,0.61,56000,0.0,0.0
1978-02-13,0.0,0.61,0.6,0.61,46400,0.0,0.0
1978-02-14,0.0,0.61,0.59,0.59,206400,0.0,0.0
1978-02-15,0.0,0.61,0.59,0.6,611200,0.0,0.0
1978-02-16,0.0,0.6,0.59,0.6,60800,0.0,0.0
1978-02-17,0.0,0.61,0.6,0.61,134400,0.0,0.0
1978-02-21,0.0,0.6,0.6,0.6,164800,0.0,0.0
1978-02-22,0.0,0.6,0.6,0.6,126400,0.0,0.0
1978-02-23,0.0,0.61,0.6,0.61,169600,0.0,0.0
1978-02-24,0.0,0.62,0.6,0.62,123200,0.0,0.0
1978-02-27,0.0,0.63,0.62,0.62,300800,0.0,0.0
1978-02-28,0.0,0.62,0.6,0.61,512000,0.0,0.0
1978-03-01,0.0,0.61,0.6,0.6,601600,0.0,0.0
1978-03-02,0.0,0.61,0.6,0.6,432000,0.0,0.0
1978-03-03,0.0,0.61,0.6,0.6,129600,0.0,0.0
1978-03-06,0.0,0.61,0.6,0.6,488000,0.0,0.0
1978-03-07,0.0,0.6,0.59,0.6,1728000,0.0,0.0
1978-03-08,0.0,0.6,0.59,0.6,60800,0.0,0.0
1978-03-09,0.0,0.59,0.59,0.59,268800,0.0,0.0
1978-03-10,0.0,0.61,0.59,0.61,227200,0.0,0.0
1978-03-13,0.0,0.61,0.6,0.61,555200,0.0,0.0
1978-03-14,0.0,0.62,0.61,0.62,1256000,0.0,0.0
1978-03-15,0.0,0.64,0.62,0.64,219200,0.0,0.0
1978-03-16,0.0,0.63,0.62,0.63,707200,0.0,0.0
1978-03-17,0.0,0.63,0.62,0.63,180800,0.0,0.0
1978-03-20,0.0,0.65,0.63,0.65,545600,0.0,0.0
1978-03-21,0.0,0.65,0.63,0.63,326400,0.0,0.0
1978-03-22,0.0,0.64,0.63,0.64,382400,0.0,0.0
1978-03-23,0.0,0.64,0.63,0.64,184000,0.0,0.0
1978-03-27,0.0,0.64,0.63,0.64,227200,0.0,0.0
1978-03-28,0.0,0.65,0.64,0.64,145600,0.0,0.0
1978-03-29,0.0,0.65,0.64,0.65,364800,0.0,0.0
1978-03-30,0.0,0.65,0.65,0.65,56000,0.0,0.0
1978-03-31,0.0,0.65,0.65,0.65,184000,0.0,0.0
1978-04-03,0.0,0.65,0.65,0.65,385600,0.0,0.0
1978-04-04,0.0,0.65,0.65,0.65,150400,0.0,0.0
1978-04-05,0.0,0.65,0.65,0.65,793600,0.0,0.0
1978-04-06,0.0,0.66,0.65,0.66,872000,0.0,0.0
1978-04-07,0.0,0.68,0.66,0.67,385600,0.0,0.0
1978-04-10,0.0,0.67,0.66,0.66,200000,0.0,0.0
1978-04-11,0.0,0.67,0.66,0.66,126400,0.0,0.0
1978-04-12,0.0,0.67,0.66,0.66,329600,0.0,0.0
1978-04-13,0.0,0.69,0.67,0.69,1374400,0.0,0.0
1978-04-14,0.0,0.69,0.68,0.69,750400,0.0,0.0
1978-04-17,0.0,0.71,0.68,0.68,433600,0.0,0.0
1978-04-18,0.0,0.68,0.67,0.67,182400,0.0,0.0
1978-04-19,0.0,0.68,0.67,0.68,304000,0.0,0.0
1978-04-20,0.0,0.68,0.67,0.67,292800,0.0,0.0
1978-04-21,0.0,0.69,0.67,0.68,345600,0.0,0.0
1978-04-24,0.0,0.7,0.68,0.7,441600,0.0,0.0
1978-04-25,0.0,0.73,0.72,0.73,1196800,0.0,0.0
1978-04-26,0.0,0.72,0.71,0.71,1060800,0.0,0.0
1978-04-27,0.0,0.71,0.7,0.71,1396800,0.0,0.0
1978-04-28,0.0,0.72,0.71,0.72,760000,0.0,0.0
1978-05-01,0.0,0.74,0.72,0.74,393600,0.0,0.0
1978-05-02,0.0,0.74,0.72,0.73,1132800,0.0,0.0
1978-05-03,0.0,0.72,0.71,0.71,852800,0.0,0.0
1978-05-04,0.0,0.71,0.7,0.71,580800,0.0,0.0
1978-05-05,0.0,0.71,0.7,0.7,459200,0.0,0.0
1978-05-08,0.0,0.71,0.68,0.69,350400,0.0,0.0
1978-05-09,0.0,0.69,0.69,0.69,515200,0.0,0.0
1978-05-10,0.0,0.7,0.7,0.7,240000,0.0,0.0
1978-05-11,0.0,0.71,0.7,0.71,688000,0.0,0.0
1978-05-12,0.0,0.72,0.71,0.72,672000,0.0,0.0
1978-05-15,0.0,0.73,0.72,0.73,137600,0.0,0.0
1978-05-16,0.0,0.74,0.73,0.73,710400,0.0,0.0
1978-05-17,0.0,0.73,0.72,0.73,545600,0.0,0.0
1978-05-18,0.0,0.74,0.73,0.74,468800,0.0,0.0
1978-05-19,0.0,0.73,0.72,0.72,284800,0.0,0.0
1978-05-22,0.0,0.72,0.71,0.72,64000,0.0,0.0
1978-05-23,0.0,0.73,0.72,0.73,1433600,0.0,0.0
1978-05-24,0.0,0.73,0.71,0.72,422400,0.0,0.0
1978-05-25,0.0,0.72,0.71,0.71,654400,0.0,0.0
1978-05-26,0.0,0.71,0.71,0.71,571200,0.0,0.0
1978-05-30,0.0,0.71,0.71,0.71,206400,0.0,0.0
1978-05-31,0.0,0.72,0.71,0.72,318400,0.0,0.0
1978-06-01,0.0,0.73,0.72,0.73,377600,0.0,0.0
1978-06-02,0.0,0.74,0.72,0.73,326400,0.0,0.0
1978-06-05,0.0,0.76,0.75,0.75,680000,0.0,0.0
1978-06-06,0.0,0.81,0.79,0.8,2257600,0.0,0.0
1978-06-07,0.0,0.79,0.79,0.79,1353600,0.0,0.0
1978-06-08,0.0,0.79,0.78,0.79,2356800,0.0,0.0
1978-06-09,0.0,0.78,0.77,0.77,252800,0.0,0.0
1978-06-12,0.0,0.78,0.77,0.77,188800,0.0,0.0
1978-06-13,0.0,0.76,0.74,0.75,328000,0.0,0.0
1978-06-14,0.0,0.75,0.74,0.74,1035200,0.0,0.0
1978-06-15,0.0,0.74,0.73,0.73,339200,0.0,0.0
1978-06-16,0.0,0.72,0.71,0.71,528000,0.0,0.0
1978-06-19,0.0,0.72,0.71,0.72,129600,0.0,0.0
1978-06-20,0.0,0.73,0.72,0.72,419200,0.0,0.0
1978-06-21,0.0,0.72,0.71,0.71,238400,0.0,0.0
1978-06-22,0.0,0.71,0.71,0.71,368000,0.0,0.0
1978-06-23,0.0,0.73,0.71,0.72,513600,0.0,0.0
1978-06-26,0.0,0.72,0.72,0.72,366400,0.0,0.0
1978-06-27,0.0,0.73,0.71,0.73,651200,0.0,0.0
1978-06-28,0.0,0.73,0.72,0.73,185600,0.0,0.0
1978-06-29,0.0,0.73,0.72,0.72,392000,0.0,0.0
1978-06-30,0.0,0.72,0.71,0.71,275200,0.0,0.0
1978-07-03,0.0,0.71,0.71,0.71,217600,0.0,0.0
1978-07-05,0.0,0.71,0.7,0.7,212800,0.0,0.0
1978-07-06,0.0,0.7,0.68,0.69,363200,0.0,0.0
1978-07-07,0.0,0.68,0.68,0.68,243200,0.0,0.0
1978-07-10,0.0,0.69,0.68,0.68,361600,0.0,0.0
1978-07-11,0.0,0.71,0.69,0.71,262400,0.0,0.0
1978-07-12,0.0,0.71,0.7,0.7,1091200,0.0,0.0
1978-07-13,0.0,0.71,0.7,0.71,270400,0.0,0.0
1978-07-14,0.0,0.71,0.71,0.71,326400,0.0,0.0
1978-07-17,0.0,0.71,0.7,0.71,187200,0.0,0.0
1978-07-18,0.0,0.7,0.69,0.7,283200,0.0,0.0
1978-07-19,0.0,0.71,0.7,0.71,153600,0.0,0.0
1978-07-20,0.0,0.72,0.71,0.71,768000,0.0,0.0
1978-07-21,0.0,0.72,0.71,0.71,190400,0.0,0.0
1978-07-24,0.0,0.71,0.7,0.7,94400,0.0,0.0
1978-07-25,0.0,0.71,0.71,0.71,38400,0.0,0.0
1978-07-26,0.0,0.72,0.71,0.72,784000,0.0,0.0
1978-07-27,0.0,0.72,0.71,0.71,336000,0.0,0.0
1978-07-28,0.0,0.72,0.71,0.71,448000,0.0,0.0
1978-07-31,0.0,0.73,0.71,0.73,86400,0.0,0.0
1978-08-01,0.0,0.74,0.73,0.74,257600,0.0,0.0
1978-08-02,0.0,0.77,0.74,0.76,387200,0.0,0.0
1978-08-03,0.0,0.79,0.77,0.77,1017600,0.0,0.0
1978-08-04,0.0,0.77,0.75,0.76,153600,0.0,0.0
1978-08-07,0.0,0.77,0.75,0.77,283200,0.0,0.0
1978-08-08,0.0,0.77,0.77,0.77,363200,0.0,0.0
1978-08-09,0.0,0.78,0.77,0.78,772800,0.0,0.0
1978-08-10,0.0,0.78,0.77,0.77,996800,0.0,0.0
1978-08-11,0.0,0.79,0.77,0.79,347200,0.0,0.0
1978-08-14,0.0,0.8,0.79,0.79,92800,0.0,0.0
1978-08-15,0.0,0.79,0.78,0.78,246400,0.0,0.0
1978-08-16,0.0,0.8,0.78,0.79,276800,0.0,0.0
1978-08-17,0.0,0.81,0.8,0.8,640000,0.0,0.0
1978-08-18,0.0,0.8,0.79,0.79,273600,0.0,0.0
1978-08-21,0.0,0.8,0.79,0.79,299200,0.0,0.0
1978-08-22,0.0,0.78,0.76,0.76,425600,0.0,0.0
1978-08-23,0.0,0.77,0.75,0.76,670400,0.0,0.0
1978-08-24,0.0,0.78,0.77,0.78,369600,0.0,0.0
1978-08-25,0.0,0.79,0.78,0.79,233600,0.0,0.0
1978-08-28,0.0,0.79,0.78,0.78,1072000,0.0,0.0
1978-08-29,0.0,0.79,0.78,0.78,196800,0.0,0.0
1978-08-30,0.0,0.79,0.78,0.79,328000,0.0,0.0
1978-08-31,0.0,0.79,0.78,0.78,376000,0.0,0.0
1978-09-01,0.0,0.78,0.77,0.77,403200,0.0,0.0
1978-09-05,0.0,0.77,0.76,0.77,190400,0.0,0.0
1978-09-06,0.0,0.77,0.76,0.77,401600,0.0,0.0
1978-09-07,0.0,0.77,0.76,0.77,316800,0.0,0.0
1978-09-08,0.0,0.77,0.76,0.76,355200,0.0,0.0
1978-09-11,0.0,0.75,0.74,0.75,158400,0.0,0.0
1978-09-12,0.0,0.77,0.75,0.77,219200,0.0,0.0
1978-09-13,0.0,0.77,0.77,0.77,1366400,0.0,0.0
1978-09-14,0.0,0.77,0.76,0.76,107200,0.0,0.0
1978-09-15,0.0,0.77,0.76,0.77,108800,0.0,0.0
1978-09-18,0.0,0.77,0.74,0.75,1209600,0.0,0.0
1978-09-19,0.0,0.74,0.73,0.73,171200,0.0,0.0
1978-09-20,0.0,0.72,0.72,0.72,94400,0.0,0.0
1978-09-21,0.0,0.72,0.71,0.72,420800,0.0,0.0
1978-09-22,0.0,0.72,0.71,0.71,996800,0.0,0.0
1978-09-25,0.0,0.71,0.69,0.7,1128000,0.0,0.0
1978-09-26,0.0,0.71,0.69,0.71,428800,0.0,0.0
1978-09-27,0.0,0.71,0.7,0.7,272000,0.0,0.0
1978-09-28,0.0,0.71,0.69,0.71,145600,0.0,0.0
1978-09-29,0.0,0.7,0.69,0.7,214400,0.0,0.0
1978-10-02,0.0,0.7,0.69,0.7,163200,0.0,0.0
1978-10-03,0.0,0.7,0.68,0.69,646400,0.0,0.0
1978-10-04,0.0,0.69,0.68,0.69,332800,0.0,0.0
1978-10-05,0.0,0.69,0.68,0.69,587200,0.0,0.0
1978-10-06,0.0,0.69,0.68,0.68,260800,0.0,0.0
1978-10-09,0.0,0.7,0.68,0.7,260800,0.0,0.0
1978-10-10,0.0,0.69,0.69,0.69,233600,0.0,0.0
1978-10-11,0.0,0.69,0.69,0.69,208000,0.0,0.0
1978-10-12,0.0,0.72,0.71,0.71,548800,0.0,0.0
1978-10-13,0.0,0.72,0.71,0.71,364800,0.0,0.0
1978-10-16,0.0,0.71,0.71,0.71,265600,0.0,0.0
1978-10-17,0.0,0.71,0.7,0.71,345600,0.0,0.0
1978-10-18,0.0,0.71,0.68,0.68,472000,0.0,0.0
1978-10-19,0.0,0.68,0.67,0.67,176000,0.0,0.0
1978-10-20,0.0,0.67,0.65,0.67,809600,0.0,0.0
1978-10-23,0.0,0.67,0.66,0.67,137600,0.0,0.0
1978-10-24,0.0,0.68,0.66,0.68,96000,0.0,0.0
1978-10-25,0.0,0.67,0.66,0.67,371200,0.0,0.0
1978-10-26,0.0,0.66,0.65,0.65,337600,0.0,0.0
1978-10-27,0.0,0.65,0.61,0.61,1462400,0.0,0.0
1978-10-30,0.0,0.62,0.6,0.62,971200,0.0,0.0
1978-10-31,0.0,0.64,0.62,0.63,649600,0.0,0.0
1978-11-01,0.0,0.68,0.64,0.68,564800,0.0,0.0
1978-11-02,0.0,0.69,0.65,0.67,707200,0.0,0.0
1978-11-03,0.0,0.67,0.66,0.67,184000,0.0,0.0
1978-11-06,0.0,0.67,0.63,0.63,288000,0.0,0.0
1978-11-07,0.0,0.64,0.62,0.64,763200,0.0,0.0
1978-11-08,0.0,0.63,0.61,0.61,592000,0.0,0.0
1978-11-09,0.0,0.62,0.61,0.62,1214400,0.0,0.0
1978-11-10,0.0,0.62,0.61,0.62,204800,0.0,0.0
1978-11-13,0.0,0.62,0.61,0.61,336000,0.0,0.0
1978-11-14,0.0,0.61,0.6,0.6,384000,0.0,0.0
1978-11-15,0.0,0.61,0.59,0.61,465600,0.0,0.0
1978-11-16,0.0,0.61,0.6,0.6,284800,0.0,0.0
1978-11-17,0.0,0.61,0.6,0.61,147200,0.0,0.0
1978-11-20,0.0,0.61,0.6,0.6,161600,0.0,0.0
1978-11-21,0.0,0.61,0.6,0.6,444800,0.0,0.0
1978-11-22,0.0,0.63,0.6,0.63,1252800,0.0,0.0
1978-11-24,0.0,0.62,0.62,0.62,235200,0.0,0.0
1978-11-27,0.0,0.63,0.62,0.63,449600,0.0,0.0
1978-11-28,0.0,0.64,0.63,0.63,504000,0.0,0.0
1978-11-29,0.0,0.62,0.62,0.62,36800,0.0,0.0
1978-11-30,0.0,0.62,0.62,0.62,27200,0.0,0.0
1978-12-01,0.0,0.63,0.62,0.63,422400,0.0,0.0
1978-12-04,0.0,0.64,0.62,0.63,193600,0.0,0.0
1978-12-05,0.0,0.65,0.62,0.65,451200,0.0,0.0
1978-12-06,0.0,0.66,0.65,0.66,235200,0.0,0.0
1978-12-07,0.0,0.67,0.66,0.67,232000,0.0,0.0
1978-12-08,0.0,0.68,0.67,0.67,238400,0.0,0.0
1978-12-11,0.0,0.68,0.66,0.67,368000,0.0,0.0
1978-12-12,0.0,0.67,0.67,0.67,419200,0.0,0.0
1978-12-13,0.0,0.68,0.67,0.68,198400,0.0,0.0
1978-12-14,0.0,0.67,0.66,0.66,211200,0.0,0.0
1978-12-15,0.0,0.66,0.64,0.65,140800,0.0,0.0
1978-12-18,0.0,0.64,0.62,0.62,307200,0.0,0.0
1978-12-19,0.0,0.62,0.61,0.62,129600,0.0,0.0
1978-12-20,0.0,0.62,0.6,0.61,161600,0.0,0.0
1978-12-21,0.0,0.62,0.61,0.61,310400,0.0,0.0
1978-12-22,0.0,0.62,0.61,0.62,51200,0.0,0.0
1978-12-26,0.0,0.62,0.62,0.62,707200,0.0,0.0
1978-12-27,0.0,0.62,0.61,0.62,121600,0.0,0.0
1978-12-28,0.0,0.62,0.61,0.61,275200,0.0,0.0
1978-12-29,0.0,0.63,0.61,0.63,352000,0.0,0.0
1979-01-02,0.0,0.65,0.62,0.65,83200,0.0,0.0
1979-01-03,0.0,0.66,0.65,0.66,116800,0.0,0.0
1979-01-04,0.0,0.68,0.66,0.68,372800,0.0,0.0
1979-01-05,0.0,0.68,0.66,0.67,147200,0.0,0.0
1979-01-08,0.0,0.67,0.65,0.67,542400,0.0,0.0
1979-01-09,0.0,0.68,0.66,0.67,592000,0.0,0.0
1979-01-10,0.0,0.69,0.68,0.69,52800,0.0,0.0
1979-01-11,0.0,0.69,0.68,0.68,558400,0.0,0.0
1979-01-12,0.0,0.7,0.69,0.7,1022400,0.0,0.0
1979-01-15,0.0,0.7,0.7,0.7,129600,0.0,0.0
1979-01-16,0.0,0.7,0.69,0.69,422400,0.0,0.0
1979-01-17,0.0,0.69,0.68,0.68,251200,0.0,0.0
1979-01-18,0.0,0.68,0.66,0.66,57600,0.0,0.0
1979-01-19,0.0,0.67,0.66,0.67,169600,0.0,0.0
1979-01-22,0.0,0.67,0.66,0.67,72000,0.0,0.0
1979-01-23,0.0,0.67,0.66,0.67,742400,0.0,0.0
1979-01-24,0.0,0.67,0.66,0.66,208000,0.0,0.0
1979-01-25,0.0,0.67,0.65,0.67,324800,0.0,0.0
1979-01-26,0.0,0.68,0.66,0.68,620800,0.0,0.0
1979-01-29,0.0,0.68,0.66,0.68,214400,0.0,0.0
1979-01-30,0.0,0.68,0.67,0.67,51200,0.0,0.0
1979-01-31,0.0,0.68,0.66,0.67,377600,0.0,0.0
1979-02-01,0.0,0.66,0.66,0.66,216000,0.0,0.0
1979-02-02,0.0,0.67,0.66,0.67,827200,0.0,0.0
1979-02-05,0.0,0.67,0.66,0.66,280000,0.0,0.0
1979-02-06,0.0,0.66,0.65,0.65,102400,0.0,0.0
1979-02-07,0.0,0.65,0.64,0.65,668800,0.0,0.0
1979-02-08,0.0,0.65,0.64,0.64,57600,0.0,0.0
1979-02-09,0.0,0.65,0.64,0.64,276800,0.0,0.0
1979-02-12,0.0,0.64,0.62,0.64,97600,0.0,0.0
1979-02-13,0.0,0.65,0.64,0.64,171200,0.0,0.0
1979-02-14,0.0,0.66,0.64,0.65,284800,0.0,0.0
1979-02-15,0.0,0.66,0.65,0.66,132800,0.0,0.0
1979-02-16,0.0,0.66,0.66,0.66,48000,0.0,0.0
1979-02-20,0.0,0.67,0.66,0.67,115200,0.0,0.0
1979-02-21,0.0,0.69,0.66,0.68,644800,0.0,0.0
1979-02-22,0.0,0.7,0.68,0.69,817600,0.0,0.0
1979-02-23,0.0,0.69,0.68,0.68,1292800,0.0,0.0
1979-02-26,0.0,0.68,0.68,0.68,112000,0.0,0.0
1979-02-27,0.0,0.68,0.66,0.66,452800,0.0,0.0
1979-02-28,0.0,0.67,0.66,0.66,496000,0.0,0.0
1979-03-01,0.0,0.67,0.66,0.66,224000,0.0,0.0
1979-03-02,0.0,0.67,0.66,0.66,142400,0.0,0.0
1979-03-05,0.0,0.68,0.66,0.68,147200,0.0,0.0
1979-03-06,0.0,0.68,0.68,0.68,536000,0.0,0.0
1979-03-07,0.0,0.68,0.68,0.68,305600,0.0,0.0
1979-03-08,0.0,0.68,0.68,0.68,204800,0.0,0.0
1979-03-09,0.0,0.68,0.68,0.68,145600,0.0,0.0
1979-03-12,0.0,0.69,0.68,0.69,350400,0.0,0.0
1979-03-13,0.0,0.71,0.69,0.71,852800,0.0,0.0
1979-03-14,0.0,0.7,0.69,0.7,233600,0.0,0.0
1979-03-15,0.0,0.7,0.69,0.69,340800,0.0,0.0
1979-03-16,0.0,0.7,0.68,0.68,830400,0.0,0.0
1979-03-19,0.0,0.68,0.68,0.68,427200,0.0,0.0
1979-03-20,0.0,0.69,0.68,0.68,484800,0.0,0.0
1979-03-21,0.0,0.69,0.68,0.68,217600,0.0,0.0
1979-03-22,0.0,0.71,0.69,0.71,417600,0.0,0.0
1979-03-23,0.0,0.71,0.7,0.7,334400,0.0,0.0
1979-03-26,0.0,0.71,0.7,0.71,27200,0.0,0.0
1979-03-27,0.0,0.71,0.71,0.71,214400,0.0,0.0
1979-03-28,0.0,0.71,0.7,0.7,641600,0.0,0.0
1979-03-29,0.0,0.7,0.69,0.7,184000,0.0,0.0
1979-03-30,0.0,0.7,0.69,0.7,243200,0.0,0.0
1979-04-02,0.0,0.7,0.68,0.69,1641600,0.0,0.0
1979-04-03,0.0,0.69,0.69,0.69,243200,0.0,0.0
1979-04-04,0.0,0.71,0.69,0.71,768000,0.0,0.0
1979-04-05,0.0,0.71,0.7,0.71,190400,0.0,0.0
1979-04-06,0.0,0.71,0.71,0.71,172800,0.0,0.0
1979-04-09,0.0,0.71,0.69,0.69,505600,0.0,0.0
1979-04-10,0.0,0.7,0.69,0.69,115200,0.0,0.0
1979-04-11,0.0,0.71,0.7,0.7,166400,0.0,0.0
1979-04-12,0.0,0.71,0.7,0.7,75200,0.0,0.0
1979-04-16,0.0,0.69,0.69,0.69,110400,0.0,0.0
1979-04-17,0.0,0.71,0.69,0.7,192000,0.0,0.0
1979-04-18,0.0,0.71,0.7,0.71,84800,0.0,0.0
1979-04-19,0.0,0.71,0.7,0.7,308800,0.0,0.0
1979-04-20,0.0,0.7,0.69,0.7,347200,0.0,0.0
1979-04-23,0.0,0.7,0.7,0.7,25600,0.0,0.0
1979-04-24,0.0,0.7,0.69,0.69,328000,0.0,0.0
1979-04-25,0.0,0.7,0.69,0.7,200000,0.0,0.0
1979-04-26,0.0,0.7,0.7,0.7,57600,0.0,0.0
1979-04-27,0.0,0.72,0.7,0.7,835200,0.0,0.0
1979-04-30,0.0,0.7,0.7,0.7,201600,0.0,0.0
1979-05-01,0.0,0.71,0.7,0.71,134400,0.0,0.0
1979-05-02,0.0,0.71,0.7,0.7,275200,0.0,0.0
1979-05-03,0.0,0.71,0.7,0.71,136000,0.0,0.0
1979-05-04,0.0,0.7,0.7,0.7,107200,0.0,0.0
1979-05-07,0.0,0.71,0.7,0.7,425600,0.0,0.0
1979-05-08,0.0,0.7,0.69,0.7,105600,0.0,0.0
1979-05-09,0.0,0.71,0.7,0.71,457600,0.0,0.0
1979-05-10,0.0,0.71,0.7,0.71,384000,0.0,0.0
1979-05-11,0.0,0.7,0.7,0.7,51200,0.0,0.0
1979-05-14,0.0,0.7,0.7,0.7,88000,0.0,0.0
1979-05-15,0.0,0.71,0.7,0.7,46400,0.0,0.0
1979-05-16,0.0,0.72,0.7,0.71,216000,0.0,0.0
1979-05-17,0.0,0.72,0.71,0.71,206400,0.0,0.0
1979-05-18,0.0,0.73,0.71,0.72,65600,0.0,0.0
1979-05-21,0.0,0.73,0.71,0.71,449600,0.0,0.0
1979-05-22,0.0,0.71,0.7,0.7,1644800,0.0,0.0
1979-05-23,0.0,0.71,0.69,0.7,844800,0.0,0.0
1979-05-24,0.0,0.71,0.7,0.7,376000,0.0,0.0
1979-05-25,0.0,0.71,0.7,0.7,142400,0.0,0.0
1979-05-29,0.0,0.71,0.7,0.7,145600,0.0,0.0
1979-05-30,0.0,0.71,0.7,0.7,232000,0.0,0.0
1979-05-31,0.0,0.71,0.7,0.71,198400,0.0,0.0
1979-06-01,0.0,0.7,0.7,0.7,184000,0.0,0.0
1979-06-04,0.0,0.71,0.7,0.71,308800,0.0,0.0
1979-06-05,0.0,0.71,0.71,0.71,318400,0.0,0.0
1979-06-06,0.0,0.72,0.7,0.7,910400,0.0,0.0
1979-06-07,0.0,0.71,0.71,0.71,180800,0.0,0.0
1979-06-08,0.0,0.71,0.71,0.71,577600,0.0,0.0
1979-06-11,0.0,0.72,0.71,0.72,220800,0.0,0.0
1979-06-12,0.0,0.74,0.72,0.74,542400,0.0,0.0
1979-06-13,0.0,0.75,0.74,0.74,240000,0.0,0.0
1979-06-14,0.0,0.74,0.73,0.74,177600,0.0,0.0
1979-06-15,0.0,0.74,0.73,0.73,56000,0.0,0.0
1979-06-18,0.0,0.73,0.72,0.73,62400,0.0,0.0
1979-06-19,0.0,0.72,0.71,0.72,204800,0.0,0.0
1979-06-20,0.0,0.73,0.71,0.73,156800,0.0,0.0
1979-06-21,0.0,0.74,0.73,0.74,304000,0.0,0.0
1979-06-22,0.0,0.74,0.73,0.73,172800,0.0,0.0
1979-06-25,0.0,0.73,0.71,0.72,843200,0.0,0.0
1979-06-26,0.0,0.73,0.71,0.71,894400,0.0,0.0
1979-06-27,0.0,0.71,0.71,0.71,1520000,0.0,0.0
1979-06-28,0.0,0.71,0.71,0.71,484800,0.0,0.0
1979-06-29,0.0,0.7,0.68,0.68,3164800,0.0,0.0
1979-07-02,0.0,0.68,0.66,0.67,633600,0.0,0.0
1979-07-03,0.0,0.67,0.66,0.66,425600,0.0,0.0
1979-07-05,0.0,0.66,0.64,0.65,1088000,0.0,0.0
1979-07-06,0.0,0.66,0.65,0.66,801600,0.0,0.0
1979-07-09,0.0,0.66,0.65,0.66,2016000,0.0,0.0
1979-07-10,0.0,0.67,0.66,0.67,640000,0.0,0.0
1979-07-11,0.0,0.67,0.66,0.67,76800,0.0,0.0
1979-07-12,0.0,0.66,0.66,0.66,488000,0.0,0.0
1979-07-13,0.0,0.65,0.64,0.65,1566400,0.0,0.0
1979-07-16,0.0,0.65,0.64,0.64,270400,0.0,0.0
1979-07-17,0.0,0.64,0.63,0.64,934400,0.0,0.0
1979-07-18,0.0,0.64,0.63,0.63,139200,0.0,0.0
1979-07-19,0.0,0.63,0.63,0.63,188800,0.0,0.0
1979-07-20,0.0,0.63,0.63,0.63,24000,0.0,0.0
1979-07-23,0.0,0.65,0.63,0.65,94400,0.0,0.0
1979-07-24,0.0,0.65,0.64,0.65,70400,0.0,0.0
1979-07-25,0.0,0.67,0.65,0.65,164800,0.0,0.0
1979-07-26,0.0,0.67,0.65,0.66,544000,0.0,0.0
1979-07-27,0.0,0.66,0.65,0.65,65600,0.0,0.0
1979-07-30,0.0,0.66,0.65,0.66,112000,0.0,0.0
1979-07-31,0.0,0.67,0.65,0.67,129600,0.0,0.0
1979-08-01,0.0,0.67,0.67,0.67,208000,0.0,0.0
1979-08-02,0.0,0.68,0.67,0.68,265600,0.0,0.0
1979-08-03,0.0,0.68,0.66,0.67,144000,0.0,0.0
1979-08-06,0.0,0.68,0.67,0.67,198400,0.0,0.0
1979-08-07,0.0,0.7,0.68,0.7,208000,0.0,0.0
1979-08-08,0.0,0.72,0.71,0.72,200000,0.0,0.0
1979-08-09,0.0,0.73,0.71,0.72,267200,0.0,0.0
1979-08-10,0.0,0.72,0.71,0.72,268800,0.0,0.0
1979-08-13,0.0,0.74,0.72,0.74,267200,0.0,0.0
1979-08-14,0.0,0.75,0.73,0.73,123200,0.0,0.0
1979-08-15,0.0,0.75,0.73,0.75,182400,0.0,0.0
1979-08-16,0.0,0.75,0.74,0.75,105600,0.0,0.0
1979-08-17,0.0,0.75,0.74,0.74,219200,0.0,0.0
1979-08-20,0.0,0.75,0.74,0.74,49600,0.0,0.0
1979-08-21,0.0,0.75,0.74,0.75,206400,0.0,0.0
1979-08-22,0.0,0.75,0.75,0.75,296000,0.0,0.0
1979-08-23,0.0,0.75,0.74,0.74,80000,0.0,0.0
1979-08-24,0.0,0.75,0.74,0.75,80000,0.0,0.0
1979-08-27,0.0,0.75,0.74,0.75,448000,0.0,0.0
1979-08-28,0.0,0.75,0.74,0.74,161600,0.0,0.0
1979-08-29,0.0,0.74,0.74,0.74,180800,0.0,0.0
1979-08-30,0.0,0.74,0.74,0.74,38400,0.0,0.0
1979-08-31,0.0,0.74,0.73,0.73,299200,0.0,0.0
1979-09-04,0.0,0.73,0.72,0.73,740800,0.0,0.0
1979-09-05,0.0,0.73,0.72,0.72,480000,0.0,0.0
1979-09-06,0.0,0.74,0.72,0.73,214400,0.0,0.0
1979-09-07,0.0,0.73,0.72,0.72,1011200,0.0,0.0
1979-09-10,0.0,0.73,0.72,0.72,374400,0.0,0.0
1979-09-11,0.0,0.73,0.72,0.73,99200,0.0,0.0
1979-09-12,0.0,0.74,0.72,0.73,526400,0.0,0.0
1979-09-13,0.0,0.73,0.72,0.72,56000,0.0,0.0
1979-09-14,0.0,0.74,0.72,0.74,124800,0.0,0.0
1979-09-17,0.0,0.73,0.72,0.73,596800,0.0,0.0
1979-09-18,0.0,0.73,0.72,0.72,132800,0.0,0.0
1979-09-19,0.0,0.73,0.72,0.72,166400,0.0,0.0
1979-09-20,0.0,0.73,0.72,0.73,99200,0.0,0.0
1979-09-21,0.0,0.74,0.73,0.74,444800,0.0,0.0
1979-09-24,0.0,0.74,0.73,0.73,56000,0.0,0.0
1979-09-25,0.0,0.73,0.73,0.73,150400,0.0,0.0
1979-09-26,0.0,0.74,0.73,0.73,140800,0.0,0.0
1979-09-27,0.0,0.74,0.73,0.74,148800,0.0,0.0
1979-09-28,0.0,0.74,0.73,0.73,177600,0.0,0.0
1979-10-01,0.0,0.74,0.73,0.73,532800,0.0,0.0
1979-10-02,0.0,0.74,0.73,0.74,283200,0.0,0.0
1979-10-03,0.0,0.74,0.73,0.73,228800,0.0,0.0
1979-10-04,0.0,0.73,0.72,0.72,420800,0.0,0.0
1979-10-05,0.0,0.74,0.72,0.74,278400,0.0,0.0
1979-10-08,0.0,0.74,0.73,0.73,204800,0.0,0.0
1979-10-09,0.0,0.73,0.71,0.71,803200,0.0,0.0
1979-10-10,0.0,0.69,0.64,0.66,1625600,0.0,0.0
1979-10-11,0.0,0.68,0.66,0.67,774400,0.0,0.0
1979-10-12,0.0,0.68,0.66,0.66,132800,0.0,0.0
1979-10-15,0.0,0.66,0.66,0.66,209600,0.0,0.0
1979-10-16,0.0,0.67,0.66,0.67,409600,0.0,0.0
1979-10-17,0.0,0.67,0.66,0.67,80000,0.0,0.0
1979-10-18,0.0,0.68,0.67,0.67,1136000,0.0,0.0
1979-10-19,0.0,0.67,0.66,0.67,875200,0.0,0.0
1979-10-22,0.0,0.66,0.65,0.65,606400,0.0,0.0
1979-10-23,0.0,0.66,0.64,0.65,235200,0.0,0.0
1979-10-24,0.0,0.65,0.64,0.64,129600,0.0,0.0
1979-10-25,0.0,0.65,0.64,0.64,531200,0.0,0.0
1979-10-26,0.0,0.64,0.64,0.64,294400,0.0,0.0
1979-10-29,0.0,0.64,0.64,0.64,100800,0.0,0.0
1979-10-30,0.0,0.65,0.64,0.64,364800,0.0,0.0
1979-10-31,0.0,0.65,0.64,0.65,204800,0.0,0.0
1979-11-01,0.0,0.65,0.64,0.65,232000,0.0,0.0
1979-11-02,0.0,0.65,0.64,0.64,105600,0.0,0.0
1979-11-05,0.0,0.64,0.63,0.64,1073600,0.0,0.0
1979-11-06,0.0,0.63,0.62,0.62,238400,0.0,0.0
1979-11-07,0.0,0.63,0.62,0.62,211200,0.0,0.0
1979-11-08,0.0,0.63,0.62,0.63,176000,0.0,0.0
1979-11-09,0.0,0.64,0.63,0.63,148800,0.0,0.0
1979-11-12,0.0,0.63,0.62,0.63,233600,0.0,0.0
1979-11-13,0.0,0.65,0.64,0.64,148800,0.0,0.0
1979-11-14,0.0,0.65,0.63,0.65,392000,0.0,0.0
1979-11-15,0.0,0.65,0.65,0.65,240000,0.0,0.0
1979-11-16,0.0,0.65,0.64,0.65,96000,0.0,0.0
1979-11-19,0.0,0.65,0.63,0.64,272000,0.0,0.0
1979-11-20,0.0,0.64,0.63,0.63,548800,0.0,0.0
1979-11-21,0.0,0.63,0.61,0.62,416000,0.0,0.0
1979-11-23,0.0,0.62,0.62,0.62,180800,0.0,0.0
1979-11-26,0.0,0.64,0.63,0.63,756800,0.0,0.0
1979-11-27,0.0,0.65,0.63,0.65,483200,0.0,0.0
1979-11-28,0.0,0.65,0.64,0.64,296000,0.0,0.0
1979-11-29,0.0,0.64,0.64,0.64,1081600,0.0,0.0
1979-11-30,0.0,0.65,0.64,0.65,196800,0.0,0.0
1979-12-03,0.0,0.65,0.64,0.65,140800,0.0,0.0
1979-12-04,0.0,0.65,0.64,0.65,425600,0.0,0.0
1979-12-05,0.0,0.66,0.65,0.66,203200,0.0,0.0
1979-12-06,0.0,0.66,0.65,0.66,59200,0.0,0.0
1979-12-07,0.0,0.66,0.65,0.65,275200,0.0,0.0
1979-12-10,0.0,0.65,0.65,0.65,352000,0.0,0.0
1979-12-11,0.0,0.65,0.64,0.64,457600,0.0,0.0
1979-12-12,0.0,0.65,0.64,0.65,184000,0.0,0.0
1979-12-13,0.0,0.65,0.64,0.65,136000,0.0,0.0
1979-12-14,0.0,0.65,0.64,0.65,144000,0.0,0.0
1979-12-17,0.0,0.65,0.65,0.65,297600,0.0,0.0
1979-12-18,0.0,0.66,0.64,0.65,505600,0.0,0.0
1979-12-19,0.0,0.65,0.64,0.65,1152000,0.0,0.0
1979-12-20,0.0,0.65,0.64,0.65,763200,0.0,0.0
1979-12-21,0.0,0.65,0.65,0.65,142400,0.0,0.0
1979-12-24,0.0,0.65,0.65,0.65,427200,0.0,0.0
1979-12-26,0.0,0.65,0.64,0.65,104000,0.0,0.0
1979-12-27,0.0,0.65,0.65,0.65,348800,0.0,0.0
1979-12-28,0.0,0.65,0.65,0.65,144000,0.0,0.0
1979-12-31,0.0,0.66,0.65,0.66,155200,0.0,0.0
1980-01-02,0.0,0.66,0.64,0.64,208000,0.0,0.0
1980-01-03,0.0,0.63,0.6,0.63,462400,0.0,0.0
1980-01-04,0.0,0.63,0.62,0.62,121600,0.0,0.0
1980-01-07,0.0,0.65,0.62,0.65,300800,0.0,0.0
1980-01-08,0.0,0.65,0.65,0.65,256000,0.0,0.0
1980-01-09,0.0,0.67,0.66,0.67,438400,0.0,0.0
1980-01-10,0.0,0.67,0.66,0.67,76800,0.0,0.0
1980-01-11,0.0,0.69,0.67,0.69,683200,0.0,0.0
1980-01-14,0.0,0.71,0.68,0.7,520000,0.0,0.0
1980-01-15,0.0,0.71,0.7,0.7,1497600,0.0,0.0
1980-01-16,0.0,0.71,0.7,0.7,307200,0.0,0.0
1980-01-17,0.0,0.69,0.68,0.69,118400,0.0,0.0
1980-01-18,0.0,0.68,0.68,0.68,980800,0.0,0.0
1980-01-21,0.0,0.68,0.67,0.68,684800,0.0,0.0
1980-01-22,0.0,0.68,0.67,0.68,529600,0.0,0.0
1980-01-23,0.0,0.68,0.67,0.68,1313600,0.0,0.0
1980-01-24,0.0,0.68,0.68,0.68,331200,0.0,0.0
1980-01-25,0.0,0.68,0.68,0.68,401600,0.0,0.0
1980-01-28,0.0,0.68,0.67,0.68,955200,0.0,0.0
1980-01-29,0.0,0.68,0.66,0.66,1064000,0.0,0.0
1980-01-30,0.0,0.68,0.66,0.68,332800,0.0,0.0
1980-01-31,0.0,0.68,0.68,0.68,544000,0.0,0.0
1980-02-01,0.0,0.69,0.68,0.68,400000,0.0,0.0
1980-02-04,0.0,0.71,0.68,0.7,353600,0.0,0.0
1980-02-05,0.0,0.72,0.71,0.72,1611200,0.0,0.0
1980-02-06,0.0,0.72,0.71,0.72,320000,0.0,0.0
1980-02-07,0.0,0.72,0.7,0.7,1147200,0.0,0.0
1980-02-08,0.0,0.71,0.68,0.68,627200,0.0,0.0
1980-02-11,0.0,0.7,0.69,0.69,588800,0.0,0.0
1980-02-12,0.0,0.7,0.69,0.69,518400,0.0,0.0
1980-02-13,0.0,0.7,0.7,0.7,1164800,0.0,0.0
1980-02-14,0.0,0.7,0.69,0.69,1264000,0.0,0.0
1980-02-15,0.0,0.69,0.68,0.68,910400,0.0,0.0
1980-02-19,0.0,0.68,0.66,0.66,163200,0.0,0.0
1980-02-20,0.0,0.66,0.64,0.66,542400,0.0,0.0
1980-02-21,0.0,0.66,0.65,0.65,811200,0.0,0.0
1980-02-22,0.0,0.66,0.64,0.65,803200,0.0,0.0
1980-02-25,0.0,0.65,0.64,0.64,716800,0.0,0.0
1980-02-26,0.0,0.63,0.62,0.62,1388800,0.0,0.0
1980-02-27,0.0,0.62,0.6,0.61,1288000,0.0,0.0
1980-02-28,0.0,0.61,0.6,0.6,1593600,0.0,0.0
1980-02-29,0.0,0.61,0.6,0.6,1465600,0.0,0.0
1980-03-03,0.0,0.6,0.56,0.57,2264000,0.0,0.0
1980-03-04,0.0,0.58,0.57,0.58,625600,0.0,0.0
1980-03-05,0.0,0.58,0.57,0.57,2419200,0.0,0.0
1980-03-06,0.0,0.58,0.56,0.56,393600,0.0,0.0
1980-03-07,0.0,0.59,0.56,0.58,3288000,0.0,0.0
1980-03-10,0.0,0.59,0.58,0.59,518400,0.0,0.0
1980-03-11,0.0,0.6,0.58,0.6,299200,0.0,0.0
1980-03-12,0.0,0.61,0.6,0.6,249600,0.0,0.0
1980-03-13,0.0,0.6,0.6,0.6,195200,0.0,0.0
1980-03-14,0.0,0.59,0.57,0.59,537600,0.0,0.0
1980-03-17,0.0,0.6,0.58,0.59,590400,0.0,0.0
1980-03-18,0.0,0.6,0.59,0.6,294400,0.0,0.0
1980-03-19,0.0,0.62,0.6,0.61,219200,0.0,0.0
1980-03-20,0.0,0.62,0.6,0.6,316800,0.0,0.0
1980-03-21,0.0,0.61,0.6,0.6,158400,0.0,0.0
1980-03-24,0.0,0.61,0.6,0.61,220800,0.0,0.0
1980-03-25,0.0,0.61,0.59,0.6,184000,0.0,0.0
1980-03-26,0.0,0.61,0.6,0.61,172800,0.0,0.0
1980-03-27,0.0,0.62,0.6,0.61,356800,0.0,0.0
1980-03-28,0.0,0.64,0.62,0.64,246400,0.0,0.0
1980-03-31,0.0,0.65,0.6,0.63,515200,0.0,0.0
1980-04-01,0.0,0.65,0.62,0.65,796800,0.0,0.0
1980-04-02,0.0,0.64,0.63,0.64,419200,0.0,0.0
1980-04-03,0.0,0.64,0.63,0.63,155200,0.0,0.0
1980-04-07,0.0,0.64,0.63,0.64,326400,0.0,0.0
1980-04-08,0.0,0.65,0.63,0.65,150400,0.0,0.0
1980-04-09,0.0,0.67,0.66,0.66,116800,0.0,0.0
1980-04-10,0.0,0.66,0.65,0.65,356800,0.0,0.0
1980-04-11,0.0,0.67,0.66,0.66,619200,0.0,0.0
1980-04-14,0.0,0.65,0.65,0.65,180800,0.0,0.0
1980-04-15,0.0,0.65,0.64,0.65,494400,0.0,0.0
1980-04-16,0.0,0.68,0.65,0.66,539200,0.0,0.0
1980-04-17,0.0,0.66,0.65,0.66,284800,0.0,0.0
1980-04-18,0.0,0.65,0.63,0.63,179200,0.0,0.0
1980-04-21,0.0,0.64,0.63,0.64,40000,0.0,0.0
1980-04-22,0.0,0.67,0.63,0.67,200000,0.0,0.0
1980-04-23,0.0,0.67,0.65,0.66,382400,0.0,0.0
1980-04-24,0.0,0.66,0.66,0.66,2038400,0.0,0.0
1980-04-25,0.0,0.66,0.65,0.66,408000,0.0,0.0
1980-04-28,0.0,0.66,0.66,0.66,160000,0.0,0.0
1980-04-29,0.0,0.67,0.66,0.66,73600,0.0,0.0
1980-04-30,0.0,0.66,0.66,0.66,160000,0.0,0.0
1980-05-01,0.0,0.67,0.66,0.67,910400,0.0,0.0
1980-05-02,0.0,0.66,0.66,0.66,33600,0.0,0.0
1980-05-05,0.0,0.67,0.67,0.67,72000,0.0,0.0
1980-05-06,0.0,0.7,0.67,0.7,385600,0.0,0.0
1980-05-07,0.0,0.7,0.69,0.7,931200,0.0,0.0
1980-05-08,0.0,0.71,0.69,0.7,545600,0.0,0.0
1980-05-09,0.0,0.71,0.69,0.69,312000,0.0,0.0
1980-05-12,0.0,0.69,0.68,0.68,152000,0.0,0.0
1980-05-13,0.0,0.7,0.68,0.7,382400,0.0,0.0
1980-05-14,0.0,0.72,0.7,0.72,1702400,0.0,0.0
1980-05-15,0.0,0.74,0.72,0.74,491200,0.0,0.0
1980-05-16,0.0,0.73,0.72,0.72,278400,0.0,0.0
1980-05-19,0.0,0.76,0.72,0.74,211200,0.0,0.0
1980-05-20,0.0,0.74,0.73,0.73,377600,0.0,0.0
1980-05-21,0.0,0.73,0.73,0.73,443200,0.0,0.0
1980-05-22,0.0,0.75,0.73,0.74,360000,0.0,0.0
1980-05-23,0.0,0.76,0.74,0.75,1750400,0.0,0.0
1980-05-27,0.0,0.79,0.77,0.77,793600,0.0,0.0
1980-05-28,0.0,0.78,0.77,0.77,603200,0.0,0.0
1980-05-29,0.0,0.77,0.75,0.75,216000,0.0,0.0
1980-05-30,0.0,0.75,0.74,0.74,768000,0.0,0.0
1980-06-02,0.0,0.74,0.72,0.74,92800,0.0,0.0
1980-06-03,0.0,0.74,0.73,0.74,680000,0.0,0.0
1980-06-04,0.0,0.74,0.73,0.73,272000,0.0,0.0
1980-06-05,0.0,0.77,0.74,0.76,1307200,0.0,0.0
1980-06-06,0.0,0.77,0.75,0.76,89600,0.0,0.0
1980-06-09,0.0,0.77,0.76,0.77,912000,0.0,0.0
1980-06-10,0.0,0.78,0.77,0.78,515200,0.0,0.0
1980-06-11,0.0,0.79,0.78,0.79,657600,0.0,0.0
1980-06-12,0.0,0.79,0.78,0.78,942400,0.0,0.0
1980-06-13,0.0,0.79,0.77,0.78,2987200,0.0,0.0
1980-06-16,0.0,0.79,0.78,0.78,500800,0.0,0.0
1980-06-17,0.0,0.78,0.78,0.78,123200,0.0,0.0
1980-06-18,0.0,0.79,0.78,0.79,497600,0.0,0.0
1980-06-19,0.0,0.79,0.78,0.79,142400,0.0,0.0
1980-06-20,0.0,0.8,0.79,0.8,404800,0.0,0.0
1980-06-23,0.0,0.82,0.79,0.81,918400,0.0,0.0
1980-06-24,0.0,0.83,0.82,0.83,1064000,0.0,0.0
1980-06-25,0.0,0.83,0.83,0.83,97600,0.0,0.0
1980-06-26,0.0,0.84,0.83,0.83,763200,0.0,0.0
1980-06-27,0.0,0.84,0.83,0.83,468800,0.0,0.0
1980-06-30,0.0,0.83,0.83,0.83,78400,0.0,0.0
1980-07-01,0.0,0.84,0.82,0.84,2036800,0.0,0.0
1980-07-02,0.0,0.85,0.84,0.85,763200,0.0,0.0
1980-07-03,0.0,0.86,0.85,0.85,1028800,0.0,0.0
1980-07-07,0.0,0.86,0.85,0.86,411200,0.0,0.0
1980-07-08,0.0,0.85,0.85,0.85,699200,0.0,0.0
1980-07-09,0.0,0.88,0.85,0.86,302400,0.0,0.0
1980-07-10,0.0,0.87,0.86,0.87,132800,0.0,0.0
1980-07-11,0.0,0.88,0.87,0.88,243200,0.0,0.0
1980-07-14,0.0,0.9,0.88,0.9,729600,0.0,0.0
1980-07-15,0.0,0.93,0.9,0.92,968000,0.0,0.0
1980-07-16,0.0,0.93,0.9,0.9,752000,0.0,0.0
1980-07-17,0.0,0.89,0.88,0.89,156800,0.0,0.0
1980-07-18,0.0,0.93,0.9,0.9,787200,0.0,0.0
1980-07-21,0.0,0.9,0.9,0.9,88000,0.0,0.0
1980-07-22,0.0,0.91,0.9,0.91,280000,0.0,0.0
1980-07-23,0.0,0.92,0.91,0.91,182400,0.0,0.0
1980-07-24,0.0,0.91,0.91,0.91,630400,0.0,0.0
1980-07-25,0.0,0.91,0.9,0.91,342400,0.0,0.0
1980-07-28,0.0,0.91,0.91,0.91,315200,0.0,0.0
1980-07-29,0.0,0.94,0.91,0.93,1785600,0.0,0.0
1980-07-30,0.0,0.96,0.94,0.94,2496000,0.0,0.0
1980-07-31,0.0,0.96,0.93,0.96,1348800,0.0,0.0
1980-08-01,0.0,0.96,0.95,0.95,190400,0.0,0.0
1980-08-04,0.0,0.95,0.94,0.94,438400,0.0,0.0
1980-08-05,0.0,0.95,0.94,0.94,107200,0.0,0.0
1980-08-06,0.0,0.94,0.91,0.91,563200,0.0,0.0
1980-08-07,0.0,0.94,0.92,0.93,737600,0.0,0.0
1980-08-08,0.0,0.94,0.92,0.92,851200,0.0,0.0
1980-08-11,0.0,0.95,0.92,0.95,241600,0.0,0.0
1980-08-12,0.0,0.95,0.94,0.94,448000,0.0,0.0
1980-08-13,0.0,0.94,0.93,0.94,147200,0.0,0.0
1980-08-14,0.0,0.94,0.93,0.94,296000,0.0,0.0
1980-08-15,0.0,0.95,0.93,0.95,238400,0.0,0.0
1980-08-18,0.0,0.94,0.92,0.92,512000,0.0,0.0
1980-08-19,0.0,0.92,0.89,0.92,462400,0.0,0.0
1980-08-20,0.0,0.92,0.9,0.92,649600,0.0,0.0
1980-08-21,0.0,0.94,0.92,0.93,1420800,0.0,0.0
1980-08-22,0.0,0.95,0.94,0.95,195200,0.0,0.0
1980-08-25,0.0,0.95,0.94,0.94,129600,0.0,0.0
1980-08-26,0.0,0.97,0.94,0.95,414400,0.0,0.0
1980-08-27,0.0,0.94,0.93,0.93,729600,0.0,0.0
1980-08-28,0.0,0.93,0.9,0.9,110400,0.0,0.0
1980-08-29,0.0,0.91,0.89,0.91,393600,0.0,0.0
1980-09-02,0.0,0.92,0.91,0.92,985600,0.0,0.0
1980-09-03,0.0,0.95,0.92,0.95,436800,0.0,0.0
1980-09-04,0.0,0.97,0.95,0.95,489600,0.0,0.0
1980-09-05,0.0,0.95,0.93,0.93,59200,0.0,0.0
1980-09-08,0.0,0.94,0.91,0.91,43200,0.0,0.0
1980-09-09,0.0,0.92,0.91,0.91,238400,0.0,0.0
1980-09-10,0.0,0.92,0.91,0.91,734400,0.0,0.0
1980-09-11,0.0,0.93,0.91,0.93,633600,0.0,0.0
1980-09-12,0.0,0.94,0.92,0.94,123200,0.0,0.0
1980-09-15,0.0,0.94,0.94,0.94,502400,0.0,0.0
1980-09-16,0.0,1.0,0.96,0.99,1833600,0.0,0.0
1980-09-17,0.0,1.0,0.99,1.0,625600,0.0,0.0
1980-09-18,0.0,1.0,0.99,1.0,824000,0.0,0.0
1980-09-19,0.0,1.0,0.97,0.97,358400,0.0,0.0
1980-09-22,0.0,1.0,0.95,1.0,699200,0.0,0.0
1980-09-23,0.0,1.0,0.96,0.96,1579200,0.0,0.0
1980-09-24,0.0,0.96,0.94,0.94,1468800,0.0,0.0
1980-09-25,0.0,0.94,0.93,0.93,1334400,0.0,0.0
1980-09-26,0.0,0.92,0.91,0.91,192000,0.0,0.0
1980-09-29,0.0,0.89,0.89,0.89,139200,0.0,0.0
1980-09-30,0.0,0.91,0.9,0.9,888000,0.0,0.0
1980-10-01,0.0,0.91,0.9,0.91,185600,0.0,0.0
1980-10-02,0.0,0.94,0.91,0.94,1193600,0.0,0.0
1980-10-03,0.0,0.96,0.94,0.95,382400,0.0,0.0
1980-10-06,0.0,0.96,0.94,0.96,272000,0.0,0.0
1980-10-07,0.0,0.97,0.96,0.96,758400,0.0,0.0
1980-10-08,0.0,0.95,0.92,0.94,153600,0.0,0.0
1980-10-09,0.0,0.93,0.92,0.92,24000,0.0,0.0
1980-10-10,0.0,0.92,0.91,0.91,164800,0.0,0.0
1980-10-13,0.0,0.91,0.91,0.91,83200,0.0,0.0
1980-10-14,0.0,0.92,0.91,0.91,635200,0.0,0.0
1980-10-15,0.0,0.91,0.89,0.89,105600,0.0,0.0
1980-10-16,0.0,0.91,0.88,0.91,569600,0.0,0.0
1980-10-17,0.0,0.9,0.89,0.89,110400,0.0,0.0
1980-10-20,0.0,0.9,0.89,0.89,729600,0.0,0.0
1980-10-21,0.0,0.91,0.89,0.91,961600,0.0,0.0
1980-10-22,0.0,0.91,0.91,0.91,494400,0.0,0.0
1980-10-23,0.0,0.91,0.9,0.91,179200,0.0,0.0
1980-10-24,0.0,0.91,0.89,0.91,65600,0.0,0.0
1980-10-27,0.0,0.91,0.89,0.9,227200,0.0,0.0
1980-10-28,0.0,0.91,0.88,0.89,488000,0.0,0.0
1980-10-29,0.0,0.9,0.89,0.89,121600,0.0,0.0
1980-10-30,0.0,0.91,0.88,0.88,1910400,0.0,0.0
1980-10-31,0.0,0.89,0.88,0.89,1150400,0.0,0.0
1980-11-03,0.0,0.9,0.88,0.9,233600,0.0,0.0
1980-11-05,0.0,0.93,0.91,0.92,409600,0.0,0.0
1980-11-06,0.0,0.93,0.89,0.89,152000,0.0,0.0
1980-11-07,0.0,0.88,0.88,0.88,1059200,0.0,0.0
1980-11-10,0.0,0.88,0.86,0.87,270400,0.0,0.0
1980-11-11,0.0,0.88,0.86,0.87,211200,0.0,0.0
1980-11-12,0.0,0.86,0.85,0.86,916800,0.0,0.0
1980-11-13,0.0,0.87,0.86,0.87,438400,0.0,0.0
1980-11-14,0.0,0.9,0.87,0.88,248000,0.0,0.0
1980-11-17,0.0,0.88,0.88,0.88,248000,0.0,0.0
1980-11-18,0.0,0.91,0.89,0.9,1356800,0.0,0.0
1980-11-19,0.0,0.9,0.89,0.89,1475200,0.0,0.0
1980-11-20,0.0,0.89,0.88,0.88,520000,0.0,0.0
1980-11-21,0.0,0.88,0.86,0.87,195200,0.0,0.0
1980-11-24,0.0,0.87,0.86,0.86,670400,0.0,0.0
1980-11-25,0.0,0.88,0.86,0.88,550400,0.0,0.0
1980-11-26,0.0,0.88,0.85,0.85,712000,0.0,0.0
1980-11-28,0.0,0.86,0.84,0.86,534400,0.0,0.0
1980-12-01,0.0,0.85,0.84,0.84,1112000,0.0,0.0
1980-12-02,0.0,0.84,0.82,0.83,208000,0.0,0.0
1980-12-03,0.0,0.83,0.81,0.82,2635200,0.0,0.0
1980-12-04,0.0,0.85,0.82,0.83,483200,0.0,0.0
1980-12-05,0.0,0.84,0.83,0.83,235200,0.0,0.0
1980-12-08,0.0,0.83,0.81,0.81,3924800,0.0,0.0
1980-12-09,0.0,0.82,0.81,0.81,324800,0.0,0.0
1980-12-10,0.0,0.81,0.78,0.78,1657600,0.0,0.0
1980-12-11,0.0,0.77,0.74,0.74,1612800,0.0,0.0
1980-12-12,0.0,0.76,0.74,0.75,942400,0.0,0.0
1980-12-15,0.0,0.78,0.76,0.78,395200,0.0,0.0
1980-12-16,0.0,0.79,0.77,0.79,321600,0.0,0.0
1980-12-17,0.0,0.8,0.78,0.8,1710400,0.0,0.0
1980-12-18,0.0,0.81,0.79,0.79,422400,0.0,0.0
1980-12-19,0.0,0.8,0.79,0.79,827200,0.0,0.0
1980-12-22,0.0,0.8,0.79,0.79,328000,0.0,0.0
1980-12-23,0.0,0.82,0.8,0.8,512000,0.0,0.0
1980-12-24,0.0,0.8,0.79,0.79,217600,0.0,0.0
1980-12-26,0.0,0.79,0.78,0.79,140800,0.0,0.0
1980-12-29,0.0,0.79,0.78,0.79,116800,0.0,0.0
1980-12-30,0.0,0.79,0.79,0.79,28800,0.0,0.0
1980-12-31,0.0,0.83,0.79,0.83,172800,0.0,0.0
1981-01-02,0.0,0.86,0.84,0.86,158400,0.0,0.0
1981-01-05,0.0,0.89,0.87,0.88,256000,0.0,0.0
1981-01-06,0.0,0.88,0.87,0.88,873600,0.0,0.0
1981-01-07,0.0,0.87,0.85,0.86,201600,0.0,0.0
1981-01-08,0.0,0.87,0.86,0.87,139200,0.0,0.0
1981-01-09,0.0,0.88,0.88,0.88,57600,0.0,0.0
1981-01-12,0.0,0.95,0.93,0.93,641600,0.0,0.0
1981-01-13,0.0,0.93,0.92,0.92,113600,0.0,0.0
1981-01-14,0.0,0.92,0.92,0.92,201600,0.0,0.0
1981-01-15,0.0,0.94,0.93,0.93,699200,0.0,0.0
1981-01-16,0.0,0.95,0.94,0.94,228800,0.0,0.0
1981-01-19,0.0,0.94,0.93,0.94,392000,0.0,0.0
1981-01-20,0.0,0.94,0.92,0.92,817600,0.0,0.0
1981-01-21,0.0,0.92,0.91,0.91,532800,0.0,0.0
1981-01-22,0.0,0.92,0.91,0.91,896000,0.0,0.0
1981-01-23,0.0,0.93,0.92,0.93,220800,0.0,0.0
1981-01-26,0.0,0.92,0.91,0.91,328000,0.0,0.0
1981-01-27,0.0,0.91,0.91,0.91,65600,0.0,0.0
1981-01-28,0.0,0.92,0.91,0.91,59200,0.0,0.0
1981-01-29,0.0,0.93,0.91,0.93,209600,0.0,0.0
1981-01-30,0.0,0.93,0.92,0.93,216000,0.0,0.0
1981-02-02,0.0,0.93,0.91,0.91,328000,0.0,0.0
1981-02-03,0.0,0.92,0.91,0.91,713600,0.0,0.0
1981-02-04,0.0,0.92,0.91,0.92,355200,0.0,0.0
1981-02-05,0.0,0.93,0.91,0.91,1012800,0.0,0.0
1981-02-06,0.0,0.94,0.93,0.94,572800,0.0,0.0
1981-02-09,0.0,0.94,0.93,0.94,321600,0.0,0.0
1981-02-10,0.0,0.94,0.94,0.94,281600,0.0,0.0
1981-02-11,0.0,0.95,0.94,0.95,83200,0.0,0.0
1981-02-12,0.0,0.97,0.95,0.96,468800,0.0,0.0
1981-02-13,0.0,0.95,0.94,0.95,209600,0.0,0.0
1981-02-17,0.0,0.95,0.94,0.95,180800,0.0,0.0
1981-02-18,0.0,0.94,0.93,0.94,72000,0.0,0.0
1981-02-19,0.0,0.94,0.94,0.94,51200,0.0,0.0
1981-02-20,0.0,0.95,0.94,0.95,136000,0.0,0.0
1981-02-23,0.0,0.96,0.95,0.95,619200,0.0,0.0
1981-02-24,0.0,0.97,0.95,0.96,148800,0.0,0.0
1981-02-25,0.0,0.99,0.97,0.99,846400,0.0,0.0
1981-02-26,0.0,1.03,0.99,1.03,916800,0.0,0.0
1981-02-27,0.0,1.05,1.03,1.04,1041600,0.0,0.0
1981-03-02,0.0,1.05,1.0,1.0,419200,0.0,0.0
1981-03-03,0.0,1.0,0.99,0.99,41600,0.0,0.0
1981-03-04,0.0,1.01,0.98,1.0,411200,0.0,0.0
1981-03-05,0.0,1.0,0.99,1.0,54400,0.0,0.0
1981-03-06,0.0,1.01,1.0,1.0,76800,0.0,0.0
1981-03-09,0.0,1.03,1.01,1.02,268800,0.0,0.0
1981-03-10,0.0,1.04,1.03,1.03,280000,0.0,0.0
1981-03-11,0.0,1.04,1.02,1.02,264000,0.0,0.0
1981-03-12,0.0,1.03,1.01,1.03,316800,0.0,0.0
1981-03-13,0.0,1.03,1.01,1.01,59200,0.0,0.0
1981-03-16,0.0,1.02,1.0,1.02,292800,0.0,0.0
1981-03-17,0.0,1.02,1.01,1.01,123200,0.0,0.0
1981-03-18,0.0,1.02,1.01,1.01,360000,0.0,0.0
1981-03-19,0.0,1.03,1.02,1.03,92800,0.0,0.0
1981-03-20,0.0,1.05,1.03,1.04,342400,0.0,0.0
1981-03-23,0.0,1.06,1.05,1.06,304000,0.0,0.0
1981-03-24,0.0,1.07,1.05,1.05,262400,0.0,0.0
1981-03-25,0.0,1.07,1.04,1.07,288000,0.0,0.0
1981-03-26,0.0,1.08,1.05,1.05,368000,0.0,0.0
1981-03-27,0.0,1.06,1.05,1.06,102400,0.0,0.0
1981-03-30,0.0,1.05,1.04,1.04,12800,0.0,0.0
1981-03-31,0.0,1.06,1.04,1.05,118400,0.0,0.0
1981-04-01,0.0,1.08,1.06,1.06,923200,0.0,0.0
1981-04-02,0.0,1.06,1.04,1.05,136000,0.0,0.0
1981-04-03,0.0,1.05,1.04,1.04,545600,0.0,0.0
1981-04-06,0.0,1.05,1.04,1.04,470400,0.0,0.0
1981-04-07,0.0,1.05,1.04,1.05,180800,0.0,0.0
1981-04-08,0.0,1.05,1.04,1.04,398400,0.0,0.0
1981-04-09,0.0,1.06,1.04,1.06,436800,0.0,0.0
1981-04-10,0.0,1.09,1.06,1.08,723200,0.0,0.0
1981-04-13,0.0,1.09,1.08,1.09,86400,0.0,0.0
1981-04-14,0.0,1.14,1.11,1.12,1627200,0.0,0.0
1981-04-15,0.0,1.13,1.12,1.12,473600,0.0,0.0
1981-04-16,0.0,1.15,1.13,1.14,755200,0.0,0.0
1981-04-20,0.0,1.13,1.13,1.13,385600,0.0,0.0
1981-04-21,0.0,1.14,1.13,1.14,572800,0.0,0.0
1981-04-22,0.0,1.14,1.11,1.12,665600,0.0,0.0
1981-04-23,0.0,1.13,1.12,1.13,659200,0.0,0.0
1981-04-24,0.0,1.13,1.12,1.13,254400,0.0,0.0
1981-04-27,0.0,1.14,1.13,1.14,283200,0.0,0.0
1981-04-28,0.0,1.14,1.12,1.12,241600,0.0,0.0
1981-04-29,0.0,1.12,1.1,1.11,1019200,0.0,0.0
1981-04-30,0.0,1.11,1.09,1.09,388800,0.0,0.0
1981-05-01,0.0,1.1,1.06,1.06,358400,0.0,0.0
1981-05-04,0.0,1.07,1.06,1.07,68800,0.0,0.0
1981-05-05,0.0,1.08,1.06,1.08,340800,0.0,0.0
1981-05-06,0.0,1.09,1.09,1.09,216000,0.0,0.0
1981-05-07,0.0,1.1,1.09,1.1,801600,0.0,0.0
1981-05-08,0.0,1.11,1.1,1.11,56000,0.0,0.0
1981-05-11,0.0,1.11,1.1,1.1,220800,0.0,0.0
1981-05-12,0.0,1.1,1.08,1.09,771200,0.0,0.0
1981-05-13,0.0,1.1,1.09,1.1,368000,0.0,0.0
1981-05-14,0.0,1.1,1.09,1.1,46400,0.0,0.0
1981-05-15,0.0,1.1,1.09,1.1,99200,0.0,0.0
1981-05-18,0.0,1.1,1.09,1.09,54400,0.0,0.0
1981-05-19,0.0,1.08,1.05,1.05,185600,0.0,0.0
1981-05-20,0.0,1.05,1.02,1.03,748800,0.0,0.0
1981-05-21,0.0,1.04,1.03,1.03,750400,0.0,0.0
1981-05-22,0.0,1.07,1.05,1.06,195200,0.0,0.0
1981-05-26,0.0,1.08,1.06,1.08,172800,0.0,0.0
1981-05-27,0.0,1.09,1.08,1.09,41600,0.0,0.0
1981-05-28,0.0,1.11,1.1,1.11,680000,0.0,0.0
1981-05-29,0.0,1.12,1.11,1.12,577600,0.0,0.0
1981-06-01,0.0,1.14,1.13,1.13,260800,0.0,0.0
1981-06-02,0.0,1.13,1.13,1.13,376000,0.0,0.0
1981-06-03,0.0,1.12,1.11,1.11,318400,0.0,0.0
1981-06-04,0.0,1.11,1.09,1.09,92800,0.0,0.0
1981-06-05,0.0,1.11,1.09,1.1,60800,0.0,0.0
1981-06-08,0.0,1.12,1.11,1.11,420800,0.0,0.0
1981-06-09,0.0,1.12,1.11,1.12,57600,0.0,0.0
1981-06-10,0.0,1.12,1.11,1.12,171200,0.0,0.0
1981-06-11,0.0,1.11,1.08,1.08,1025600,0.0,0.0
1981-06-12,0.0,1.11,1.08,1.11,262400,0.0,0.0
1981-06-15,0.0,1.12,1.11,1.11,414400,0.0,0.0
1981-06-16,0.0,1.11,1.08,1.08,68800,0.0,0.0
1981-06-17,0.0,1.08,1.05,1.06,734400,0.0,0.0
1981-06-18,0.0,1.09,1.07,1.07,318400,0.0,0.0
1981-06-19,0.0,1.06,1.06,1.06,78400,0.0,0.0
1981-06-22,0.0,1.07,1.06,1.06,88000,0.0,0.0
1981-06-23,0.0,1.06,1.04,1.04,560000,0.0,0.0
1981-06-24,0.0,1.05,1.04,1.05,184000,0.0,0.0
1981-06-25,0.0,1.05,1.04,1.05,660800,0.0,0.0
1981-06-26,0.0,1.06,1.05,1.06,155200,0.0,0.0
1981-06-29,0.0,1.05,1.03,1.03,932800,0.0,0.0
1981-06-30,0.0,1.05,1.04,1.05,315200,0.0,0.0
1981-07-01,0.0,1.05,1.03,1.03,1672000,0.0,0.0
1981-07-02,0.0,1.04,1.03,1.04,118400,0.0,0.0
1981-07-06,0.0,1.04,1.03,1.03,387200,0.0,0.0
1981-07-07,0.0,1.04,1.03,1.04,491200,0.0,0.0
1981-07-08,0.0,1.05,1.03,1.03,307200,0.0,0.0
1981-07-09,0.0,1.05,1.03,1.05,158400,0.0,0.0
1981-07-10,0.0,1.05,1.03,1.04,387200,0.0,0.0
1981-07-13,0.0,1.05,1.04,1.05,1337600,0.0,0.0
1981-07-14,0.0,1.05,1.03,1.03,472000,0.0,0.0
1981-07-15,0.0,1.04,1.03,1.04,94400,0.0,0.0
1981-07-16,0.0,1.03,1.03,1.03,478400,0.0,0.0
1981-07-17,0.0,1.04,1.03,1.04,796800,0.0,0.0
1981-07-20,0.0,1.03,1.03,1.03,46400,0.0,0.0
1981-07-21,0.0,1.03,1.02,1.02,353600,0.0,0.0
1981-07-22,0.0,1.03,1.02,1.02,1256000,0.0,0.0
1981-07-23,0.0,1.02,1.01,1.02,297600,0.0,0.0
1981-07-24,0.0,1.02,1.01,1.02,393600,0.0,0.0
1981-07-27,0.0,1.03,1.01,1.03,59200,0.0,0.0
1981-07-28,0.0,1.03,1.02,1.02,52800,0.0,0.0
1981-07-29,0.0,1.02,1.01,1.02,33600,0.0,0.0
1981-07-30,0.0,1.03,1.02,1.02,116800,0.0,0.0
1981-07-31,0.0,1.05,1.03,1.05,76800,0.0,0.0
1981-08-03,0.0,1.06,1.05,1.06,107200,0.0,0.0
1981-08-04,0.0,1.07,1.06,1.06,195200,0.0,0.0
1981-08-05,0.0,1.06,1.04,1.06,465600,0.0,0.0
1981-08-06,0.0,1.08,1.06,1.08,329600,0.0,0.0
1981-08-07,0.0,1.08,1.08,1.08,6400,0.0,0.0
1981-08-10,0.0,1.08,1.07,1.08,580800,0.0,0.0
1981-08-11,0.0,1.09,1.07,1.08,939200,0.0,0.0
1981-08-12,0.0,1.07,1.06,1.06,174400,0.0,0.0
1981-08-13,0.0,1.07,1.05,1.05,57600,0.0,0.0
1981-08-14,0.0,1.05,1.03,1.03,526400,0.0,0.0
1981-08-17,0.0,1.03,1.0,1.0,555200,0.0,0.0
1981-08-18,0.0,1.0,0.97,0.97,931200,0.0,0.0
1981-08-19,0.0,0.99,0.97,0.99,502400,0.0,0.0
1981-08-20,0.0,1.03,1.03,1.03,456000,0.0,0.0
1981-08-21,0.0,1.02,0.99,0.99,369600,0.0,0.0
1981-08-24,0.0,1.01,0.99,1.0,241600,0.0,0.0
1981-08-25,0.0,0.99,0.98,0.99,89600,0.0,0.0
1981-08-26,0.0,0.99,0.98,0.98,147200,0.0,0.0
1981-08-27,0.0,0.97,0.96,0.96,59200,0.0,0.0
1981-08-28,0.0,0.99,0.96,0.99,72000,0.0,0.0
1981-08-31,0.0,0.99,0.98,0.98,70400,0.0,0.0
1981-09-01,0.0,1.0,0.97,0.99,785600,0.0,0.0
1981-09-02,0.0,1.0,0.99,0.99,710400,0.0,0.0
1981-09-03,0.0,1.0,0.97,0.97,740800,0.0,0.0
1981-09-04,0.0,0.98,0.97,0.97,129600,0.0,0.0
1981-09-08,0.0,0.98,0.97,0.98,22400,0.0,0.0
1981-09-09,0.0,0.99,0.98,0.99,20800,0.0,0.0
1981-09-10,0.0,1.0,0.99,0.99,132800,0.0,0.0
1981-09-11,0.0,1.0,0.98,1.0,568000,0.0,0.0
1981-09-14,0.0,1.01,1.0,1.0,344000,0.0,0.0
1981-09-15,0.0,1.01,1.0,1.0,62400,0.0,0.0
1981-09-16,0.0,1.0,0.99,1.0,83200,0.0,0.0
1981-09-17,0.0,1.01,1.0,1.0,139200,0.0,0.0
1981-09-18,0.0,1.02,1.0,1.0,448000,0.0,0.0
1981-09-21,0.0,1.05,1.02,1.04,708800,0.0,0.0
1981-09-22,0.0,1.05,1.04,1.05,531200,0.0,0.0
1981-09-23,0.0,1.04,1.02,1.04,110400,0.0,0.0
1981-09-24,0.0,1.03,1.03,1.03,916800,0.0,0.0
1981-09-25,0.0,1.02,0.93,0.96,2329600,0.0,0.0
1981-09-28,0.0,0.98,0.94,0.98,512000,0.0,0.0
1981-09-29,0.0,1.01,0.99,1.01,456000,0.0,0.0
1981-09-30,0.0,1.02,1.0,1.01,364800,0.0,0.0
1981-10-01,0.0,1.01,0.99,0.99,347200,0.0,0.0
1981-10-02,0.0,0.99,0.96,0.97,971200,0.0,0.0
1981-10-05,0.0,0.97,0.96,0.97,163200,0.0,0.0
1981-10-06,0.0,0.98,0.97,0.98,366400,0.0,0.0
1981-10-07,0.0,0.99,0.98,0.98,136000,0.0,0.0
1981-10-08,0.0,1.0,0.98,0.99,633600,0.0,0.0
1981-10-09,0.0,1.0,0.99,1.0,155200,0.0,0.0
1981-10-12,0.0,1.0,0.99,1.0,371200,0.0,0.0
1981-10-13,0.0,1.01,1.0,1.0,452800,0.0,0.0
1981-10-14,0.0,1.01,1.0,1.0,59200,0.0,0.0
1981-10-15,0.0,1.0,1.0,1.0,1268800,0.0,0.0
1981-10-16,0.0,1.01,1.0,1.01,288000,0.0,0.0
1981-10-19,0.0,1.0,0.98,0.98,456000,0.0,0.0
1981-10-20,0.0,0.98,0.97,0.97,992000,0.0,0.0
1981-10-21,0.0,0.97,0.95,0.95,398400,0.0,0.0
1981-10-22,0.0,0.97,0.95,0.97,268800,0.0,0.0
1981-10-23,0.0,0.98,0.96,0.97,1233600,0.0,0.0
1981-10-26,0.0,0.97,0.95,0.95,788800,0.0,0.0
1981-10-27,0.0,0.95,0.94,0.94,435200,0.0,0.0
1981-10-28,0.0,0.94,0.92,0.92,2142400,0.0,0.0
1981-10-29,0.0,0.93,0.91,0.93,1068800,0.0,0.0
1981-10-30,0.0,0.93,0.92,0.92,430400,0.0,0.0
1981-11-02,0.0,0.96,0.92,0.95,312000,0.0,0.0
1981-11-03,0.0,0.96,0.95,0.96,1139200,0.0,0.0
1981-11-04,0.0,0.96,0.96,0.96,468800,0.0,0.0
1981-11-05,0.0,0.96,0.96,0.96,441600,0.0,0.0
1981-11-06,0.0,0.96,0.93,0.94,552000,0.0,0.0
1981-11-09,0.0,0.94,0.91,0.91,329600,0.0,0.0
1981-11-10,0.0,0.93,0.9,0.9,526400,0.0,0.0
1981-11-11,0.0,0.91,0.9,0.9,582400,0.0,0.0
1981-11-12,0.0,0.92,0.89,0.91,352000,0.0,0.0
1981-11-13,0.0,0.93,0.91,0.91,206400,0.0,0.0
1981-11-16,0.0,0.91,0.87,0.88,523200,0.0,0.0
1981-11-17,0.0,0.89,0.88,0.89,712000,0.0,0.0
1981-11-18,0.0,0.9,0.88,0.9,974400,0.0,0.0
1981-11-19,0.0,0.9,0.88,0.9,235200,0.0,0.0
1981-11-20,0.0,0.9,0.89,0.9,300800,0.0,0.0
1981-11-23,0.0,0.92,0.9,0.92,296000,0.0,0.0
1981-11-24,0.0,0.92,0.91,0.92,462400,0.0,0.0
1981-11-25,0.0,0.97,0.96,0.97,771200,0.0,0.0
1981-11-27,0.0,0.97,0.96,0.96,24000,0.0,0.0
1981-11-30,0.0,0.97,0.96,0.97,508800,0.0,0.0
1981-12-01,0.0,0.98,0.96,0.96,1689600,0.0,0.0
1981-12-02,0.0,0.96,0.94,0.94,544000,0.0,0.0
1981-12-03,0.0,0.94,0.91,0.93,368000,0.0,0.0
1981-12-04,0.0,0.96,0.93,0.96,740800,0.0,0.0
1981-12-07,0.0,0.96,0.95,0.95,280000,0.0,0.0
1981-12-08,0.0,0.94,0.92,0.94,1110400,0.0,0.0
1981-12-09,0.0,0.93,0.9,0.91,963200,0.0,0.0
1981-12-10,0.0,0.92,0.91,0.92,508800,0.0,0.0
1981-12-11,0.0,0.92,0.91,0.92,508800,0.0,0.0
1981-12-14,0.0,0.91,0.9,0.91,424000,0.0,0.0
1981-12-15,0.0,0.92,0.91,0.91,667200,0.0,0.0
1981-12-16,0.0,0.91,0.89,0.89,536000,0.0,0.0
1981-12-17,0.0,0.9,0.89,0.89,702400,0.0,0.0
1981-12-18,0.0,0.91,0.88,0.9,905600,0.0,0.0
1981-12-21,0.0,0.91,0.9,0.9,1476800,0.0,0.0
1981-12-22,0.0,0.91,0.9,0.9,744000,0.0,0.0
1981-12-23,0.0,0.91,0.9,0.9,97600,0.0,0.0
1981-12-24,0.0,0.91,0.89,0.9,94400,0.0,0.0
1981-12-28,0.0,0.91,0.9,0.91,174400,0.0,0.0
1981-12-29,0.0,0.91,0.9,0.9,105600,0.0,0.0
1981-12-30,0.0,0.91,0.9,0.9,360000,0.0,0.0
1981-12-31,0.0,0.9,0.9,0.9,78400,0.0,0.0
1982-01-04,0.0,0.91,0.9,0.91,606400,0.0,0.0
1982-01-05,0.0,0.92,0.9,0.92,382400,0.0,0.0
1982-01-06,0.0,0.94,0.93,0.94,1040000,0.0,0.0
1982-01-07,0.0,0.95,0.93,0.93,603200,0.0,0.0
1982-01-08,0.0,0.94,0.92,0.94,390400,0.0,0.0
1982-01-11,0.0,0.93,0.91,0.91,611200,0.0,0.0
1982-01-12,0.0,0.92,0.9,0.91,920000,0.0,0.0
1982-01-13,0.0,0.92,0.9,0.9,1128000,0.0,0.0
1982-01-14,0.0,0.91,0.9,0.91,499200,0.0,0.0
1982-01-15,0.0,0.91,0.9,0.9,428800,0.0,0.0
1982-01-18,0.0,0.91,0.89,0.91,564800,0.0,0.0
1982-01-19,0.0,0.9,0.89,0.9,121600,0.0,0.0
1982-01-20,0.0,0.91,0.89,0.91,147200,0.0,0.0
1982-01-21,0.0,0.91,0.9,0.91,308800,0.0,0.0
1982-01-22,0.0,0.9,0.88,0.88,252800,0.0,0.0
1982-01-25,0.0,0.89,0.88,0.89,443200,0.0,0.0
1982-01-26,0.0,0.91,0.9,0.91,185600,0.0,0.0
1982-01-27,0.0,0.91,0.9,0.91,158400,0.0,0.0
1982-01-28,0.0,0.92,0.9,0.91,553600,0.0,0.0
1982-01-29,0.0,0.94,0.92,0.94,1001600,0.0,0.0
1982-02-01,0.0,0.94,0.93,0.94,625600,0.0,0.0
1982-02-02,0.0,0.95,0.94,0.94,467200,0.0,0.0
1982-02-03,0.0,0.97,0.94,0.96,366400,0.0,0.0
1982-02-04,0.0,0.96,0.93,0.94,1003200,0.0,0.0
1982-02-05,0.0,0.93,0.93,0.93,188800,0.0,0.0
1982-02-08,0.0,0.93,0.91,0.92,723200,0.0,0.0
1982-02-09,0.0,0.94,0.91,0.93,409600,0.0,0.0
1982-02-10,0.0,0.95,0.93,0.94,68800,0.0,0.0
1982-02-11,0.0,0.94,0.93,0.94,80000,0.0,0.0
1982-02-12,0.0,0.94,0.94,0.94,459200,0.0,0.0
1982-02-16,0.0,0.94,0.93,0.94,553600,0.0,0.0
1982-02-17,0.0,0.97,0.94,0.96,131200,0.0,0.0
1982-02-18,0.0,0.98,0.95,0.97,521600,0.0,0.0
1982-02-19,0.0,1.0,0.97,1.0,547200,0.0,0.0
1982-02-22,0.0,1.0,1.0,1.0,452800,0.0,0.0
1982-02-23,0.0,1.03,1.0,1.02,2233600,0.0,0.0
1982-02-24,0.0,1.03,1.02,1.03,566400,0.0,0.0
1982-02-25,0.0,1.04,1.03,1.04,2380800,0.0,0.0
1982-02-26,0.0,1.04,1.03,1.03,700800,0.0,0.0
1982-03-01,0.0,1.03,1.03,1.03,916800,0.0,0.0
1982-03-02,0.0,1.05,1.03,1.05,2158400,0.0,0.0
1982-03-03,0.0,1.05,1.04,1.05,1499200,0.0,0.0
1982-03-04,0.0,1.05,1.03,1.03,524800,0.0,0.0
1982-03-05,0.0,1.03,1.02,1.03,665600,0.0,0.0
1982-03-08,0.0,1.04,1.03,1.03,353600,0.0,0.0
1982-03-09,0.0,1.05,1.03,1.03,1134400,0.0,0.0
1982-03-10,0.0,1.05,1.04,1.04,329600,0.0,0.0
1982-03-11,0.0,1.06,1.04,1.05,1910400,0.0,0.0
1982-03-12,0.0,1.06,1.05,1.05,1062400,0.0,0.0
1982-03-15,0.0,1.06,1.05,1.05,321600,0.0,0.0
1982-03-16,0.0,1.05,1.04,1.04,563200,0.0,0.0
1982-03-17,0.0,1.05,1.03,1.04,272000,0.0,0.0
1982-03-18,0.0,1.06,1.04,1.06,409600,0.0,0.0
1982-03-19,0.0,1.06,1.05,1.05,625600,0.0,0.0
1982-03-22,0.0,1.05,1.04,1.05,96000,0.0,0.0
1982-03-23,0.0,1.07,1.05,1.07,668800,0.0,0.0
1982-03-24,0.0,1.07,1.06,1.06,944000,0.0,0.0
1982-03-25,0.0,1.08,1.05,1.06,886400,0.0,0.0
1982-03-26,0.0,1.07,1.05,1.06,99200,0.0,0.0
1982-03-29,0.0,1.05,1.04,1.04,100800,0.0,0.0
1982-03-30,0.0,1.05,1.05,1.05,67200,0.0,0.0
1982-03-31,0.0,1.06,1.05,1.05,606400,0.0,0.0
1982-04-01,0.0,1.08,1.05,1.08,582400,0.0,0.0
1982-04-02,0.0,1.08,1.07,1.08,131200,0.0,0.0
1982-04-05,0.0,1.1,1.08,1.1,1006400,0.0,0.0
1982-04-06,0.0,1.11,1.1,1.1,584000,0.0,0.0
1982-04-07,0.0,1.11,1.1,1.1,928000,0.0,0.0
1982-04-08,0.0,1.1,1.09,1.1,192000,0.0,0.0
1982-04-12,0.0,1.11,1.09,1.11,1100800,0.0,0.0
1982-04-13,0.0,1.12,1.11,1.11,2692800,0.0,0.0
1982-04-14,0.0,1.12,1.1,1.11,240000,0.0,0.0
1982-04-15,0.0,1.11,1.09,1.1,166400,0.0,0.0
1982-04-16,0.0,1.1,1.09,1.09,371200,0.0,0.0
1982-04-19,0.0,1.1,1.08,1.09,144000,0.0,0.0
1982-04-20,0.0,1.1,1.09,1.1,473600,0.0,0.0
1982-04-21,0.0,1.12,1.1,1.11,500800,0.0,0.0
1982-04-22,0.0,1.13,1.12,1.13,1198400,0.0,0.0
1982-04-23,0.0,1.15,1.13,1.15,376000,0.0,0.0
1982-04-26,0.0,1.15,1.13,1.14,870400,0.0,0.0
1982-04-27,0.0,1.13,1.11,1.13,291200,0.0,0.0
1982-04-28,0.0,1.13,1.12,1.13,580800,0.0,0.0
1982-04-29,0.0,1.13,1.09,1.11,384000,0.0,0.0
1982-04-30,0.0,1.11,1.08,1.11,1958400,0.0,0.0
1982-05-03,0.0,1.11,1.09,1.1,872000,0.0,0.0
1982-05-04,0.0,1.12,1.11,1.12,200000,0.0,0.0
1982-05-05,0.0,1.11,1.11,1.11,51200,0.0,0.0
1982-05-06,0.0,1.13,1.12,1.13,1035200,0.0,0.0
1982-05-07,0.0,1.16,1.14,1.15,1121600,0.0,0.0
1982-05-10,0.0,1.15,1.14,1.14,398400,0.0,0.0
1982-05-11,0.0,1.14,1.14,1.14,710400,0.0,0.0
1982-05-12,0.0,1.16,1.14,1.14,3134400,0.0,0.0
1982-05-13,0.0,1.14,1.14,1.14,406400,0.0,0.0
1982-05-14,0.0,1.16,1.14,1.15,521600,0.0,0.0
1982-05-17,0.0,1.16,1.15,1.15,220800,0.0,0.0
1982-05-18,0.0,1.16,1.15,1.15,1243200,0.0,0.0
1982-05-19,0.0,1.14,1.13,1.13,873600,0.0,0.0
1982-05-20,0.0,1.13,1.1,1.1,1721600,0.0,0.0
1982-05-21,0.0,1.11,1.1,1.11,558400,0.0,0.0
1982-05-24,0.0,1.12,1.11,1.12,243200,0.0,0.0
1982-05-25,0.0,1.12,1.1,1.11,590400,0.0,0.0
1982-05-26,0.0,1.11,1.09,1.1,1329600,0.0,0.0
1982-05-27,0.0,1.11,1.1,1.1,337600,0.0,0.0
1982-05-28,0.0,1.11,1.09,1.11,940800,0.0,0.0
1982-06-01,0.0,1.11,1.1,1.1,160000,0.0,0.0
1982-06-02,0.0,1.12,1.1,1.11,204800,0.0,0.0
1982-06-03,0.0,1.14,1.12,1.13,456000,0.0,0.0
1982-06-04,0.0,1.14,1.12,1.12,1134400,0.0,0.0
1982-06-07,0.0,1.13,1.12,1.13,264000,0.0,0.0
1982-06-08,0.0,1.13,1.12,1.13,588800,0.0,0.0
1982-06-09,0.0,1.13,1.1,1.1,2420800,0.0,0.0
1982-06-10,0.0,1.11,1.09,1.1,878400,0.0,0.0
1982-06-11,0.0,1.12,1.1,1.12,737600,0.0,0.0
1982-06-14,0.0,1.12,1.11,1.11,1441600,0.0,0.0
1982-06-15,0.0,1.12,1.11,1.12,174400,0.0,0.0
1982-06-16,0.0,1.13,1.11,1.11,560000,0.0,0.0
1982-06-17,0.0,1.11,1.1,1.1,806400,0.0,0.0
1982-06-18,0.0,1.12,1.09,1.11,536000,0.0,0.0
1982-06-21,0.0,1.13,1.11,1.13,1704000,0.0,0.0
1982-06-22,0.0,1.16,1.13,1.16,579200,0.0,0.0
1982-06-23,0.0,1.15,1.14,1.14,571200,0.0,0.0
1982-06-24,0.0,1.16,1.14,1.16,1102400,0.0,0.0
1982-06-25,0.0,1.16,1.15,1.15,291200,0.0,0.0
1982-06-28,0.0,1.16,1.14,1.16,740800,0.0,0.0
1982-06-29,0.0,1.16,1.16,1.16,419200,0.0,0.0
1982-06-30,0.0,1.16,1.14,1.15,481600,0.0,0.0
1982-07-01,0.0,1.15,1.12,1.13,1364800,0.0,0.0
1982-07-02,0.0,1.13,1.11,1.11,1246400,0.0,0.0
1982-07-06,0.0,1.11,1.1,1.11,310400,0.0,0.0
1982-07-07,0.0,1.12,1.11,1.12,515200,0.0,0.0
1982-07-08,0.0,1.14,1.12,1.14,1184000,0.0,0.0
1982-07-09,0.0,1.16,1.15,1.15,1780800,0.0,0.0
1982-07-12,0.0,1.18,1.15,1.18,1708800,0.0,0.0
1982-07-13,0.0,1.2,1.18,1.2,1929600,0.0,0.0
1982-07-14,0.0,1.19,1.18,1.19,1131200,0.0,0.0
1982-07-15,0.0,1.2,1.19,1.19,576000,0.0,0.0
1982-07-16,0.0,1.22,1.19,1.21,1681600,0.0,0.0
1982-07-19,0.0,1.2,1.19,1.2,2628800,0.0,0.0
1982-07-20,0.0,1.19,1.18,1.19,1356800,0.0,0.0
1982-07-21,0.0,1.2,1.17,1.18,2899200,0.0,0.0
1982-07-22,0.0,1.17,1.15,1.15,534400,0.0,0.0
1982-07-23,0.0,1.16,1.14,1.15,118400,0.0,0.0
1982-07-26,0.0,1.15,1.13,1.13,352000,0.0,0.0
1982-07-27,0.0,1.12,1.11,1.12,905600,0.0,0.0
1982-07-28,0.0,1.14,1.13,1.13,864000,0.0,0.0
1982-07-29,0.0,1.13,1.11,1.12,289600,0.0,0.0
1982-07-30,0.0,1.13,1.11,1.12,254400,0.0,0.0
1982-08-02,0.0,1.13,1.11,1.12,326400,0.0,0.0
1982-08-03,0.0,1.14,1.12,1.13,1070400,0.0,0.0
1982-08-04,0.0,1.13,1.12,1.12,952000,0.0,0.0
1982-08-05,0.0,1.12,1.08,1.08,2217600,0.0,0.0
1982-08-06,0.0,1.09,1.08,1.08,779200,0.0,0.0
1982-08-09,0.0,1.09,1.08,1.09,364800,0.0,0.0
1982-08-10,0.0,1.1,1.09,1.09,2481600,0.0,0.0
1982-08-11,0.0,1.09,1.08,1.09,908800,0.0,0.0
1982-08-12,0.0,1.1,1.08,1.09,552000,0.0,0.0
1982-08-13,0.0,1.1,1.08,1.09,316800,0.0,0.0
1982-08-16,0.0,1.1,1.09,1.1,377600,0.0,0.0
1982-08-17,0.0,1.17,1.09,1.17,1593600,0.0,0.0
1982-08-18,0.0,1.21,1.12,1.12,1062400,0.0,0.0
1982-08-19,0.0,1.14,1.12,1.14,1139200,0.0,0.0
1982-08-20,0.0,1.18,1.14,1.18,1096000,0.0,0.0
1982-08-23,0.0,1.23,1.19,1.23,1025600,0.0,0.0
1982-08-24,0.0,1.26,1.23,1.23,1440000,0.0,0.0
1982-08-25,0.0,1.25,1.23,1.24,707200,0.0,0.0
1982-08-26,0.0,1.28,1.23,1.24,1097600,0.0,0.0
1982-08-27,0.0,1.23,1.22,1.23,185600,0.0,0.0
1982-08-30,0.0,1.23,1.21,1.22,1019200,0.0,0.0
1982-08-31,0.0,1.23,1.21,1.22,1240000,0.0,0.0
1982-09-01,0.0,1.26,1.23,1.25,745600,0.0,0.0
1982-09-02,0.0,1.27,1.26,1.27,628800,0.0,0.0
1982-09-03,0.0,1.31,1.27,1.3,499200,0.0,0.0
1982-09-07,0.0,1.31,1.29,1.3,484800,0.0,0.0
1982-09-08,0.0,1.33,1.29,1.32,718400,0.0,0.0
1982-09-09,0.0,1.32,1.31,1.32,444800,0.0,0.0
1982-09-10,0.0,1.31,1.29,1.3,425600,0.0,0.0
1982-09-13,0.0,1.3,1.29,1.3,462400,0.0,0.0
1982-09-14,0.0,1.32,1.3,1.31,1211200,0.0,0.0
1982-09-15,0.0,1.38,1.34,1.37,944000,0.0,0.0
1982-09-16,0.0,1.38,1.35,1.37,475200,0.0,0.0
1982-09-17,0.0,1.38,1.36,1.37,1204800,0.0,0.0
1982-09-20,0.0,1.37,1.36,1.37,371200,0.0,0.0
1982-09-21,0.0,1.38,1.36,1.38,3478400,0.0,0.0
1982-09-22,0.0,1.42,1.39,1.4,1080000,0.0,0.0
1982-09-23,0.0,1.41,1.39,1.41,734400,0.0,0.0
1982-09-24,0.0,1.42,1.4,1.4,252800,0.0,0.0
1982-09-27,0.0,1.4,1.39,1.39,3606400,0.0,0.0
1982-09-28,0.0,1.42,1.4,1.41,1086400,0.0,0.0
1982-09-29,0.0,1.4,1.37,1.38,806400,0.0,0.0
1982-09-30,0.0,1.39,1.37,1.37,1046400,0.0,0.0
1982-10-01,0.0,1.39,1.36,1.39,481600,0.0,0.0
1982-10-04,0.0,1.39,1.37,1.37,708800,0.0,0.0
1982-10-05,0.0,1.38,1.37,1.37,1137600,0.0,0.0
1982-10-06,0.0,1.37,1.35,1.36,929600,0.0,0.0
1982-10-07,0.0,1.45,1.43,1.45,628800,0.0,0.0
1982-10-08,0.0,1.46,1.43,1.45,1553600,0.0,0.0
1982-10-11,0.0,1.5,1.48,1.48,940800,0.0,0.0
1982-10-12,0.0,1.51,1.49,1.49,499200,0.0,0.0
1982-10-13,0.0,1.56,1.49,1.55,1224000,0.0,0.0
1982-10-14,0.0,1.56,1.52,1.52,1620800,0.0,0.0
1982-10-15,0.0,1.49,1.48,1.49,1172800,0.0,0.0
1982-10-18,0.0,1.52,1.49,1.51,352000,0.0,0.0
1982-10-19,0.0,1.51,1.5,1.5,556800,0.0,0.0
1982-10-20,0.0,1.5,1.49,1.49,152000,0.0,0.0
1982-10-21,0.0,1.51,1.49,1.51,1889600,0.0,0.0
1982-10-22,0.0,1.52,1.49,1.51,662400,0.0,0.0
1982-10-25,0.0,1.53,1.49,1.49,758400,0.0,0.0
1982-10-26,0.0,1.48,1.45,1.48,1372800,0.0,0.0
1982-10-27,0.0,1.5,1.48,1.49,388800,0.0,0.0
1982-10-28,0.0,1.51,1.49,1.5,377600,0.0,0.0
1982-10-29,0.0,1.53,1.49,1.53,315200,0.0,0.0
1982-11-01,0.0,1.52,1.52,1.52,172800,0.0,0.0
1982-11-02,0.0,1.56,1.52,1.55,707200,0.0,0.0
1982-11-03,0.0,1.6,1.54,1.6,561600,0.0,0.0
1982-11-04,0.0,1.65,1.59,1.64,787200,0.0,0.0
1982-11-05,0.0,1.65,1.63,1.65,515200,0.0,0.0
1982-11-08,0.0,1.65,1.63,1.63,300800,0.0,0.0
1982-11-09,0.0,1.66,1.63,1.66,220800,0.0,0.0
1982-11-10,0.0,1.68,1.65,1.67,200000,0.0,0.0
1982-11-11,0.0,1.67,1.63,1.65,721600,0.0,0.0
1982-11-12,0.0,1.67,1.66,1.66,641600,0.0,0.0
1982-11-15,0.0,1.66,1.65,1.66,515200,0.0,0.0
1982-11-16,0.0,1.64,1.58,1.59,1168000,0.0,0.0
1982-11-17,0.0,1.61,1.59,1.6,726400,0.0,0.0
1982-11-18,0.0,1.64,1.6,1.63,1449600,0.0,0.0
1982-11-19,0.0,1.68,1.64,1.66,219200,0.0,0.0
1982-11-22,0.0,1.69,1.64,1.64,243200,0.0,0.0
1982-11-23,0.0,1.63,1.6,1.6,1713600,0.0,0.0
1982-11-24,0.0,1.61,1.59,1.6,990400,0.0,0.0
1982-11-26,0.0,1.63,1.6,1.62,108800,0.0,0.0
1982-11-29,0.0,1.62,1.58,1.59,480000,0.0,0.0
1982-11-30,0.0,1.66,1.57,1.66,1320000,0.0,0.0
1982-12-01,0.0,1.7,1.68,1.68,225600,0.0,0.0
1982-12-02,0.0,1.72,1.69,1.7,584000,0.0,0.0
1982-12-03,0.0,1.76,1.71,1.75,502400,0.0,0.0
1982-12-06,0.0,1.75,1.72,1.75,339200,0.0,0.0
1982-12-07,0.0,1.78,1.75,1.78,347200,0.0,0.0
1982-12-08,0.0,1.83,1.78,1.8,456000,0.0,0.0
1982-12-09,0.0,1.79,1.77,1.77,1214400,0.0,0.0
1982-12-10,0.0,1.79,1.77,1.78,256000,0.0,0.0
1982-12-13,0.0,1.76,1.72,1.73,897600,0.0,0.0
1982-12-14,0.0,1.73,1.69,1.69,843200,0.0,0.0
1982-12-15,0.0,1.69,1.6,1.61,401600,0.0,0.0
1982-12-16,0.0,1.59,1.49,1.53,4339200,0.0,0.0
1982-12-17,0.0,1.6,1.53,1.6,963200,0.0,0.0
1982-12-20,0.0,1.61,1.58,1.6,1894400,0.0,0.0
1982-12-21,0.0,1.61,1.59,1.61,836800,0.0,0.0
1982-12-22,0.0,1.66,1.62,1.64,472000,0.0,0.0
1982-12-23,0.0,1.64,1.63,1.63,342400,0.0,0.0
1982-12-27,0.0,1.69,1.63,1.69,531200,0.0,0.0
1982-12-28,0.0,1.7,1.66,1.67,246400,0.0,0.0
1982-12-29,0.0,1.68,1.67,1.68,41600,0.0,0.0
1982-12-30,0.0,1.69,1.67,1.68,942400,0.0,0.0
1982-12-31,0.0,1.69,1.68,1.69,68800,0.0,0.0
1983-01-03,0.0,1.7,1.69,1.69,563200,0.0,0.0
1983-01-04,0.0,1.7,1.68,1.7,868800,0.0,0.0
1983-01-05,0.0,1.7,1.66,1.66,1204800,0.0,0.0
1983-01-06,0.0,1.63,1.59,1.61,1480000,0.0,0.0
1983-01-07,0.0,1.61,1.57,1.57,1217600,0.0,0.0
1983-01-10,0.0,1.61,1.53,1.61,2428800,0.0,0.0
1983-01-11,0.0,1.61,1.6,1.6,2368000,0.0,0.0
1983-01-12,0.0,1.6,1.57,1.58,923200,0.0,0.0
1983-01-13,0.0,1.6,1.57,1.57,1686400,0.0,0.0
1983-01-14,0.0,1.59,1.57,1.59,968000,0.0,0.0
1983-01-17,0.0,1.6,1.59,1.59,454400,0.0,0.0
1983-01-18,0.0,1.57,1.55,1.56,619200,0.0,0.0
1983-01-19,0.0,1.6,1.56,1.56,483200,0.0,0.0
1983-01-20,0.0,1.56,1.55,1.55,505600,0.0,0.0
1983-01-21,0.0,1.56,1.49,1.51,984000,0.0,0.0
1983-01-24,0.0,1.46,1.45,1.45,816000,0.0,0.0
1983-01-25,0.0,1.48,1.45,1.47,1588800,0.0,0.0
1983-01-26,0.0,1.49,1.47,1.47,401600,0.0,0.0
1983-01-27,0.0,1.49,1.46,1.49,1192000,0.0,0.0
1983-01-28,0.0,1.52,1.5,1.51,1001600,0.0,0.0
1983-01-31,0.0,1.58,1.51,1.58,2544000,0.0,0.0
1983-02-01,0.0,1.62,1.58,1.59,1464000,0.0,0.0
1983-02-02,0.0,1.61,1.58,1.61,460800,0.0,0.0
1983-02-03,0.0,1.62,1.6,1.61,164800,0.0,0.0
1983-02-04,0.0,1.63,1.61,1.62,715200,0.0,0.0
1983-02-07,0.0,1.65,1.62,1.64,790400,0.0,0.0
1983-02-08,0.0,1.66,1.64,1.64,1184000,0.0,0.0
1983-02-09,0.0,1.63,1.61,1.61,987200,0.0,0.0
1983-02-10,0.0,1.62,1.61,1.62,512000,0.0,0.0
1983-02-11,0.0,1.63,1.6,1.61,838400,0.0,0.0
1983-02-14,0.0,1.61,1.6,1.6,643200,0.0,0.0
1983-02-15,0.0,1.64,1.62,1.63,390400,0.0,0.0
1983-02-16,0.0,1.66,1.64,1.64,1577600,0.0,0.0
1983-02-17,0.0,1.66,1.64,1.66,555200,0.0,0.0
1983-02-18,0.0,1.69,1.66,1.68,1171200,0.0,0.0
1983-02-22,0.0,1.7,1.68,1.68,1113600,0.0,0.0
1983-02-23,0.0,1.69,1.66,1.67,539200,0.0,0.0
1983-02-24,0.0,1.68,1.66,1.67,532800,0.0,0.0
1983-02-25,0.0,1.67,1.67,1.67,905600,0.0,0.0
1983-02-28,0.0,1.68,1.66,1.67,321600,0.0,0.0
1983-03-01,0.0,1.68,1.67,1.68,808000,0.0,0.0
1983-03-02,0.0,1.74,1.68,1.72,769600,0.0,0.0
1983-03-03,0.0,1.75,1.72,1.75,523200,0.0,0.0
1983-03-04,0.0,1.78,1.75,1.76,860800,0.0,0.0
1983-03-07,0.0,1.8,1.77,1.8,998400,0.0,0.0
1983-03-08,0.0,1.82,1.79,1.79,764800,0.0,0.0
1983-03-09,0.0,1.79,1.77,1.79,868800,0.0,0.0
1983-03-10,0.0,1.8,1.78,1.79,156800,0.0,0.0
1983-03-11,0.0,1.81,1.79,1.81,99200,0.0,0.0
1983-03-14,0.0,1.83,1.78,1.79,1062400,0.0,0.0
1983-03-15,0.0,1.79,1.75,1.76,251200,0.0,0.0
1983-03-16,0.0,1.81,1.76,1.8,3640000,0.0,0.0
1983-03-17,0.0,1.81,1.8,1.8,145600,0.0,0.0
1983-03-18,0.0,1.85,1.81,1.85,230400,0.0,0.0
1983-03-21,0.0,1.89,1.86,1.86,744000,0.0,0.0
1983-03-22,0.0,1.89,1.87,1.89,174400,0.0,0.0
1983-03-23,0.0,1.89,1.88,1.89,112000,0.0,0.0
1983-03-24,0.0,1.9,1.89,1.9,432000,0.0,0.0
1983-03-25,0.0,1.93,1.89,1.92,494400,0.0,0.0
1983-03-28,0.0,1.92,1.9,1.91,840000,0.0,0.0
1983-03-29,0.0,1.94,1.91,1.93,2643200,0.0,0.0
1983-03-30,0.0,1.95,1.93,1.95,200000,0.0,0.0
1983-03-31,0.0,1.97,1.95,1.95,936000,0.0,0.0
1983-04-04,0.0,1.92,1.9,1.9,1420800,0.0,0.0
1983-04-05,0.0,1.92,1.89,1.89,616000,0.0,0.0
1983-04-06,0.0,1.88,1.86,1.86,424000,0.0,0.0
1983-04-07,0.0,1.87,1.85,1.86,158400,0.0,0.0
1983-04-08,0.0,1.89,1.87,1.89,460800,0.0,0.0
1983-04-11,0.0,1.91,1.9,1.9,377600,0.0,0.0
1983-04-12,0.0,1.93,1.91,1.93,737600,0.0,0.0
1983-04-13,0.0,1.96,1.94,1.95,220800,0.0,0.0
1983-04-14,0.0,1.96,1.94,1.94,209600,0.0,0.0
1983-04-15,0.0,1.94,1.92,1.92,121600,0.0,0.0
1983-04-18,0.0,1.94,1.91,1.92,721600,0.0,0.0
1983-04-19,0.0,1.93,1.9,1.92,880000,0.0,0.0
1983-04-20,0.0,1.95,1.91,1.95,556800,0.0,0.0
1983-04-21,0.0,1.98,1.94,1.96,448000,0.0,0.0
1983-04-22,0.0,1.97,1.95,1.97,646400,0.0,0.0
1983-04-25,0.0,1.99,1.96,1.96,702400,0.0,0.0
1983-04-26,0.0,1.98,1.95,1.98,524800,0.0,0.0
1983-04-27,0.0,1.98,1.96,1.96,220800,0.0,0.0
1983-04-28,0.0,1.98,1.96,1.97,734400,0.0,0.0
1983-04-29,0.0,2.03,1.97,2.03,366400,0.0,0.0
1983-05-02,0.0,2.06,1.97,2.0,716800,0.0,0.0
1983-05-03,0.0,1.97,1.91,1.94,292800,0.0,2.0
1983-05-04,0.0,1.95,1.91,1.91,320800,0.0,0.0
1983-05-05,0.0,1.98,1.91,1.98,620800,0.0,0.0
1983-05-06,0.0,1.98,1.94,1.97,689600,0.0,0.0
1983-05-09,0.0,2.04,1.97,2.03,171200,0.0,0.0
1983-05-10,0.0,2.04,1.99,2.04,220000,0.0,0.0
1983-05-11,0.0,2.04,2.01,2.03,286400,0.0,0.0
1983-05-12,0.0,2.04,2.01,2.02,324800,0.0,0.0
1983-05-13,0.0,2.02,1.99,2.0,200000,0.0,0.0
1983-05-16,0.0,2.01,1.97,2.01,880000,0.0,0.0
1983-05-17,0.0,2.03,2.01,2.01,1488800,0.0,0.0
1983-05-18,0.0,2.06,2.01,2.01,542400,0.0,0.0
1983-05-19,0.0,2.02,1.97,1.97,230400,0.0,0.0
1983-05-20,0.0,2.01,1.95,2.0,296000,0.0,0.0
1983-05-23,0.0,1.97,1.95,1.96,131200,0.0,0.0
1983-05-24,0.0,1.98,1.93,1.93,343200,0.0,0.0
1983-05-25,0.0,1.93,1.85,1.89,577600,0.0,0.0
1983-05-26,0.0,1.91,1.84,1.89,1126400,0.0,0.0
1983-05-27,0.0,1.94,1.9,1.93,548000,0.0,0.0
1983-05-31,0.0,1.96,1.91,1.94,1688000,0.0,0.0
1983-06-01,0.0,1.94,1.9,1.9,439200,0.0,0.0
1983-06-02,0.0,1.92,1.89,1.91,300000,0.0,0.0
1983-06-03,0.0,1.94,1.91,1.93,194400,0.0,0.0
1983-06-06,0.0,2.06,1.95,2.01,1610400,0.0,0.0
1983-06-07,0.0,2.02,1.95,1.96,893600,0.0,0.0
1983-06-08,0.0,2.01,1.96,2.0,1073600,0.0,0.0
1983-06-09,0.0,2.03,2.0,2.03,436000,0.0,0.0
1983-06-10,0.0,2.04,2.02,2.03,602400,0.0,0.0
1983-06-13,0.0,2.08,2.02,2.07,468800,0.0,0.0
1983-06-14,0.0,2.23,2.08,2.15,500000,0.0,0.0
1983-06-15,0.0,2.25,2.15,2.25,500800,0.0,0.0
1983-06-16,0.0,2.28,2.21,2.24,573600,0.0,0.0
1983-06-17,0.0,2.22,2.15,2.17,190400,0.0,0.0
1983-06-20,0.0,2.18,2.15,2.17,697600,0.0,0.0
1983-06-21,0.0,2.24,2.18,2.24,577600,0.0,0.0
1983-06-22,0.0,2.26,2.24,2.24,820000,0.0,0.0
1983-06-23,0.0,2.27,2.24,2.26,938400,0.0,0.0
1983-06-24,0.0,2.28,2.26,2.27,1146400,0.0,0.0
1983-06-27,0.0,2.28,2.22,2.23,590400,0.0,0.0
1983-06-28,0.0,2.22,2.18,2.19,770400,0.0,0.0
1983-06-29,0.0,2.22,2.19,2.21,221600,0.0,0.0
1983-06-30,0.0,2.21,2.2,2.2,215200,0.0,0.0
1983-07-01,0.0,2.22,2.19,2.22,468800,0.0,0.0
1983-07-05,0.0,2.22,2.13,2.14,210400,0.0,0.0
1983-07-06,0.0,2.12,2.08,2.11,1622400,0.0,0.0
1983-07-07,0.0,2.15,2.1,2.15,792000,0.0,0.0
1983-07-08,0.0,2.15,2.1,2.12,388800,0.0,0.0
1983-07-11,0.0,2.14,2.12,2.12,168800,0.0,0.0
1983-07-12,0.0,2.12,2.09,2.12,213600,0.0,0.0
1983-07-13,0.0,2.18,2.13,2.18,656800,0.0,0.0
1983-07-14,0.0,2.19,2.16,2.16,1149600,0.0,0.0
1983-07-15,0.0,2.17,2.12,2.13,412000,0.0,0.0
1983-07-18,0.0,2.13,2.07,2.07,198400,0.0,0.0
1983-07-19,0.0,2.08,2.06,2.07,729600,0.0,0.0
1983-07-20,0.0,2.13,2.07,2.09,448000,0.0,0.0
1983-07-21,0.0,2.07,2.03,2.03,1204800,0.0,0.0
1983-07-22,0.0,2.06,2.02,2.04,389600,0.0,0.0
1983-07-25,0.0,2.07,2.01,2.07,594400,0.0,0.0
1983-07-26,0.0,2.09,2.04,2.08,416000,0.0,0.0
1983-07-27,0.0,2.07,2.06,2.06,284000,0.0,0.0
1983-07-28,0.0,2.06,2.01,2.01,368800,0.0,0.0
1983-07-29,0.0,2.0,1.96,1.96,556800,0.0,0.0
1983-08-01,0.0,1.94,1.92,1.94,552000,0.0,0.0
1983-08-02,0.0,1.94,1.91,1.91,972800,0.0,0.0
1983-08-03,0.0,1.92,1.91,1.91,530400,0.0,0.0
1983-08-04,0.0,1.92,1.85,1.87,500800,0.0,0.0
1983-08-05,0.0,1.88,1.83,1.83,920000,0.0,0.0
1983-08-08,0.0,1.84,1.76,1.77,740800,0.0,0.0
1983-08-09,0.0,1.78,1.75,1.78,2454400,0.0,0.0
1983-08-10,0.0,1.79,1.78,1.79,1004000,0.0,0.0
1983-08-11,0.0,1.81,1.77,1.77,372800,0.0,0.0
1983-08-12,0.0,1.78,1.76,1.78,712800,0.0,0.0
1983-08-15,0.0,1.86,1.79,1.83,845600,0.0,0.0
1983-08-16,0.0,1.83,1.77,1.79,1592000,0.0,0.0
1983-08-17,0.0,1.79,1.77,1.78,1495200,0.0,0.0
1983-08-18,0.0,1.79,1.71,1.71,428000,0.0,0.0
1983-08-19,0.0,1.81,1.72,1.78,1416800,0.0,0.0
1983-08-22,0.0,1.83,1.78,1.78,1864800,0.0,0.0
1983-08-23,0.0,1.82,1.72,1.76,1076800,0.0,0.0
1983-08-24,0.0,1.75,1.69,1.69,578400,0.0,0.0
1983-08-25,0.0,1.74,1.69,1.73,2676800,0.0,0.0
1983-08-26,0.0,1.83,1.75,1.83,864000,0.0,0.0
1983-08-29,0.0,1.82,1.79,1.82,711200,0.0,0.0
1983-08-30,0.0,1.84,1.81,1.84,732800,0.0,0.0
1983-08-31,0.0,1.86,1.83,1.85,357600,0.0,0.0
1983-09-01,0.0,1.88,1.86,1.86,816800,0.0,0.0
1983-09-02,0.0,1.86,1.85,1.86,706400,0.0,0.0
1983-09-06,0.0,1.88,1.84,1.84,1420800,0.0,0.0
1983-09-07,0.0,1.85,1.78,1.82,2867200,0.0,0.0
1983-09-08,0.0,1.82,1.77,1.79,1336000,0.0,0.0
1983-09-09,0.0,1.81,1.77,1.77,1739200,0.0,0.0
1983-09-12,0.0,1.8,1.77,1.77,1556000,0.0,0.0
1983-09-13,0.0,1.79,1.75,1.78,920000,0.0,0.0
1983-09-14,0.0,1.78,1.73,1.73,1728000,0.0,0.0
1983-09-15,0.0,1.75,1.7,1.72,1395200,0.0,0.0
1983-09-16,0.0,1.75,1.71,1.75,465600,0.0,0.0
1983-09-19,0.0,1.76,1.72,1.73,1800000,0.0,0.0
1983-09-20,0.0,1.81,1.76,1.8,1845600,0.0,0.0
1983-09-21,0.0,1.84,1.81,1.82,756000,0.0,0.0
1983-09-22,0.0,1.82,1.79,1.79,1929600,0.0,0.0
1983-09-23,0.0,1.81,1.75,1.76,1524000,0.0,0.0
1983-09-26,0.0,1.81,1.77,1.81,2017600,0.0,0.0
1983-09-27,0.0,1.82,1.79,1.82,426400,0.0,0.0
1983-09-28,0.0,1.82,1.8,1.81,469600,0.0,0.0
1983-09-29,0.0,1.81,1.79,1.81,220800,0.0,0.0
1983-09-30,0.0,1.85,1.8,1.85,460000,0.0,0.0
1983-10-03,0.0,1.83,1.75,1.76,2268800,0.0,0.0
1983-10-04,0.0,1.81,1.75,1.79,406400,0.0,0.0
1983-10-05,0.0,1.79,1.76,1.78,1237600,0.0,0.0
1983-10-06,0.0,1.81,1.76,1.81,1666400,0.0,0.0
1983-10-07,0.0,1.88,1.82,1.88,616800,0.0,0.0
1983-10-10,0.0,1.86,1.85,1.86,1741600,0.0,0.0
1983-10-11,0.0,1.86,1.83,1.86,910400,0.0,0.0
1983-10-12,0.0,1.86,1.83,1.85,349600,0.0,0.0
1983-10-13,0.0,1.86,1.81,1.82,603200,0.0,0.0
1983-10-14,0.0,1.81,1.78,1.8,1005600,0.0,0.0
1983-10-17,0.0,1.81,1.78,1.81,1464800,0.0,0.0
1983-10-18,0.0,1.81,1.77,1.79,284000,0.0,0.0
1983-10-19,0.0,1.79,1.77,1.78,1241600,0.0,0.0
1983-10-20,0.0,1.79,1.75,1.76,2036000,0.0,0.0
1983-10-21,0.0,1.75,1.73,1.75,336000,0.0,0.0
1983-10-24,0.0,1.78,1.72,1.78,1558400,0.0,0.0
1983-10-25,0.0,1.78,1.75,1.76,1490400,0.0,0.0
1983-10-26,0.0,1.77,1.75,1.76,303200,0.0,0.0
1983-10-27,0.0,1.77,1.75,1.75,432000,0.0,0.0
1983-10-28,0.0,1.75,1.7,1.72,213600,0.0,0.0
1983-10-31,0.0,1.77,1.7,1.77,704800,0.0,0.0
1983-11-01,0.0,1.76,1.72,1.72,389600,0.0,0.0
1983-11-02,0.0,1.74,1.72,1.73,2215200,0.0,0.0
1983-11-03,0.0,1.73,1.72,1.72,1268800,0.0,0.0
1983-11-04,0.0,1.75,1.73,1.73,696000,0.0,0.0
1983-11-07,0.0,1.74,1.72,1.72,451200,0.0,0.0
1983-11-08,0.0,1.72,1.7,1.7,325600,0.0,0.0
1983-11-09,0.0,1.7,1.67,1.67,1234400,0.0,0.0
1983-11-10,0.0,1.67,1.65,1.67,1073600,0.0,0.0
1983-11-11,0.0,1.68,1.66,1.68,342400,0.0,0.0
1983-11-14,0.0,1.7,1.66,1.7,2851200,0.0,0.0
1983-11-15,0.0,1.7,1.65,1.66,871200,0.0,0.0
1983-11-16,0.0,1.66,1.59,1.63,1332800,0.0,0.0
1983-11-17,0.0,1.65,1.56,1.58,2920800,0.0,0.0
1983-11-18,0.0,1.58,1.54,1.58,856800,0.0,0.0
1983-11-21,0.0,1.65,1.58,1.65,2266400,0.0,0.0
1983-11-22,0.0,1.67,1.65,1.66,1332000,0.0,0.0
1983-11-23,0.0,1.67,1.64,1.67,1678400,0.0,0.0
1983-11-25,0.0,1.67,1.65,1.67,776800,0.0,0.0
1983-11-28,0.0,1.67,1.65,1.66,152800,0.0,0.0
1983-11-29,0.0,1.67,1.65,1.67,925600,0.0,0.0
1983-11-30,0.0,1.67,1.63,1.65,965600,0.0,0.0
1983-12-01,0.0,1.69,1.64,1.66,1266400,0.0,0.0
1983-12-02,0.0,1.68,1.66,1.67,540800,0.0,0.0
1983-12-05,0.0,1.67,1.6,1.6,956000,0.0,0.0
1983-12-06,0.0,1.6,1.55,1.58,1222400,0.0,0.0
1983-12-07,0.0,1.63,1.58,1.62,932000,0.0,0.0
1983-12-08,0.0,1.64,1.61,1.64,1153600,0.0,0.0
1983-12-09,0.0,1.64,1.6,1.63,2037600,0.0,0.0
1983-12-12,0.0,1.63,1.6,1.63,890400,0.0,0.0
1983-12-13,0.0,1.65,1.61,1.62,1218400,0.0,0.0
1983-12-14,0.0,1.62,1.58,1.58,610400,0.0,0.0
1983-12-15,0.0,1.61,1.56,1.61,869600,0.0,0.0
1983-12-16,0.0,1.61,1.55,1.58,1781600,0.0,0.0
1983-12-19,0.0,1.62,1.57,1.58,1361600,0.0,0.0
1983-12-20,0.0,1.6,1.55,1.57,1978400,0.0,0.0
1983-12-21,0.0,1.57,1.54,1.55,2829600,0.0,0.0
1983-12-22,0.0,1.57,1.51,1.53,1153600,0.0,0.0
1983-12-23,0.0,1.53,1.5,1.52,1056800,0.0,0.0
1983-12-27,0.0,1.63,1.52,1.62,3041600,0.0,0.0
1983-12-28,0.0,1.66,1.61,1.66,1135200,0.0,0.0
1983-12-29,0.0,1.69,1.67,1.67,676000,0.0,0.0
1983-12-30,0.0,1.68,1.66,1.67,310400,0.0,0.0
1984-01-03,0.0,1.71,1.66,1.68,676000,0.0,0.0
1984-01-04,0.0,1.69,1.66,1.67,970400,0.0,0.0
1984-01-05,0.0,1.69,1.67,1.68,592800,0.0,0.0
1984-01-06,0.0,1.69,1.67,1.67,1656000,0.0,0.0
1984-01-09,0.0,1.67,1.64,1.65,1233600,0.0,0.0
1984-01-10,0.0,1.69,1.66,1.67,824800,0.0,0.0
1984-01-11,0.0,1.73,1.66,1.72,793600,0.0,0.0
1984-01-12,0.0,1.74,1.67,1.69,929600,0.0,0.0
1984-01-13,0.0,1.7,1.66,1.67,300000,0.0,0.0
1984-01-16,0.0,1.7,1.66,1.67,1224000,0.0,0.0
1984-01-17,0.0,1.68,1.66,1.67,431200,0.0,0.0
1984-01-18,0.0,1.68,1.66,1.66,1220000,0.0,0.0
1984-01-19,0.0,1.69,1.66,1.66,692000,0.0,0.0
1984-01-20,0.0,1.67,1.63,1.64,642400,0.0,0.0
1984-01-23,0.0,1.65,1.59,1.6,834400,0.0,0.0
1984-01-24,0.0,1.63,1.61,1.63,524800,0.0,0.0
1984-01-25,0.0,1.69,1.63,1.63,1265600,0.0,0.0
1984-01-26,0.0,1.64,1.62,1.64,537600,0.0,0.0
1984-01-27,0.0,1.64,1.63,1.64,449600,0.0,0.0
1984-01-30,0.0,1.64,1.63,1.63,280800,0.0,0.0
1984-01-31,0.0,1.64,1.61,1.62,292000,0.0,0.0
1984-02-01,0.0,1.63,1.61,1.61,467200,0.0,0.0
1984-02-02,0.0,1.63,1.61,1.63,432800,0.0,0.0
1984-02-03,0.0,1.68,1.65,1.67,1431200,0.0,0.0
1984-02-06,0.0,1.66,1.63,1.64,579200,0.0,0.0
1984-02-07,0.0,1.65,1.61,1.63,1212800,0.0,0.0
1984-02-08,0.0,1.63,1.58,1.58,1056800,0.0,0.0
1984-02-09,0.0,1.61,1.57,1.59,164800,0.0,0.0
1984-02-10,0.0,1.6,1.58,1.6,441600,0.0,0.0
1984-02-13,0.0,1.59,1.57,1.59,702400,0.0,0.0
1984-02-14,0.0,1.59,1.56,1.57,1430400,0.0,0.0
1984-02-15,0.0,1.57,1.56,1.57,507200,0.0,0.0
1984-02-16,0.0,1.58,1.56,1.57,717600,0.0,0.0
1984-02-17,0.0,1.59,1.57,1.58,507200,0.0,0.0
1984-02-21,0.0,1.64,1.58,1.61,832800,0.0,0.0
1984-02-22,0.0,1.61,1.58,1.58,1576000,0.0,0.0
1984-02-23,0.0,1.59,1.55,1.57,1226400,0.0,0.0
1984-02-24,0.0,1.67,1.61,1.67,1048000,0.0,0.0
1984-02-27,0.0,1.7,1.65,1.7,549600,0.0,0.0
1984-02-28,0.0,1.69,1.66,1.67,372800,0.0,0.0
1984-02-29,0.0,1.67,1.65,1.67,394400,0.0,0.0
1984-03-01,0.0,1.68,1.66,1.67,172800,0.0,0.0
1984-03-02,0.0,1.67,1.65,1.66,882400,0.0,0.0
1984-03-05,0.0,1.67,1.63,1.64,696800,0.0,0.0
1984-03-06,0.0,1.64,1.61,1.63,276000,0.0,0.0
1984-03-07,0.0,1.65,1.61,1.63,623200,0.0,0.0
1984-03-08,0.0,1.63,1.6,1.61,269600,0.0,0.0
1984-03-09,0.0,1.65,1.6,1.63,104800,0.0,0.0
1984-03-12,0.0,1.71,1.65,1.69,209600,0.0,0.0
1984-03-13,0.0,1.76,1.7,1.72,1622400,0.0,0.0
1984-03-14,0.0,1.76,1.72,1.76,196000,0.0,0.0
1984-03-15,0.0,1.77,1.74,1.75,536000,0.0,0.0
1984-03-16,0.0,1.79,1.74,1.75,908000,0.0,0.0
1984-03-19,0.0,1.74,1.69,1.69,617600,0.0,0.0
1984-03-20,0.0,1.69,1.66,1.67,390400,0.0,0.0
1984-03-21,0.0,1.69,1.67,1.67,316000,0.0,0.0
1984-03-22,0.0,1.67,1.62,1.63,2405600,0.0,0.0
1984-03-23,0.0,1.61,1.56,1.58,1360000,0.0,0.0
1984-03-26,0.0,1.59,1.55,1.58,1726400,0.0,0.0
1984-03-27,0.0,1.6,1.58,1.58,487200,0.0,0.0
1984-03-28,0.0,1.62,1.58,1.61,504000,0.0,0.0
1984-03-29,0.0,1.69,1.65,1.68,548800,0.0,0.0
1984-03-30,0.0,1.69,1.67,1.69,185600,0.0,0.0
1984-04-02,0.0,1.68,1.67,1.67,348800,0.0,0.0
1984-04-03,0.0,1.68,1.66,1.67,99200,0.0,0.0
1984-04-04,0.0,1.69,1.67,1.68,350400,0.0,0.0
1984-04-05,0.0,1.7,1.67,1.69,407200,0.0,0.0
1984-04-06,0.0,1.67,1.64,1.65,1112000,0.0,0.0
1984-04-09,0.0,1.66,1.64,1.65,276000,0.0,0.0
1984-04-10,0.0,1.65,1.55,1.57,2298400,0.0,0.0
1984-04-11,0.0,1.57,1.47,1.52,3155200,0.0,0.0
1984-04-12,0.0,1.62,1.52,1.62,895200,0.0,0.0
1984-04-13,0.0,1.67,1.63,1.65,732000,0.0,0.0
1984-04-16,0.0,1.67,1.63,1.65,539200,0.0,0.0
1984-04-17,0.0,1.64,1.62,1.64,344000,0.0,0.0
1984-04-18,0.0,1.63,1.59,1.59,231200,0.0,0.0
1984-04-19,0.0,1.64,1.6,1.64,1368800,0.0,0.0
1984-04-23,0.0,1.67,1.64,1.65,259200,0.0,0.0
1984-04-24,0.0,1.66,1.63,1.66,515200,0.0,0.0
1984-04-25,0.0,1.67,1.64,1.67,273600,0.0,0.0
1984-04-26,0.0,1.67,1.65,1.66,396000,0.0,0.0
1984-04-27,0.0,1.65,1.64,1.64,258400,0.0,0.0
1984-04-30,0.0,1.65,1.63,1.64,284800,0.0,0.0
1984-05-01,0.0,1.67,1.65,1.67,516800,0.0,0.0
1984-05-02,0.0,1.67,1.65,1.65,250400,0.0,0.0
1984-05-03,0.0,1.67,1.64,1.67,523200,0.0,0.0
1984-05-04,0.0,1.66,1.65,1.65,244800,0.0,0.0
1984-05-07,0.0,1.64,1.63,1.64,562400,0.0,0.0
1984-05-08,0.0,1.64,1.63,1.64,554400,0.0,0.0
1984-05-09,0.0,1.67,1.64,1.66,560800,0.0,0.0
1984-05-10,0.0,1.67,1.64,1.66,284000,0.0,0.0
1984-05-11,0.0,1.66,1.63,1.64,644800,0.0,0.0
1984-05-14,0.0,1.66,1.62,1.62,1109600,0.0,0.0
1984-05-15,0.0,1.62,1.6,1.62,317600,0.0,0.0
1984-05-16,0.0,1.62,1.58,1.6,868800,0.0,0.0
1984-05-17,0.0,1.61,1.58,1.61,562400,0.0,0.0
1984-05-18,0.0,1.63,1.6,1.63,386400,0.0,0.0
1984-05-21,0.0,1.61,1.53,1.55,416000,0.0,0.0
1984-05-22,0.0,1.6,1.55,1.56,1434400,0.0,0.0
1984-05-23,0.0,1.57,1.56,1.56,305600,0.0,0.0
1984-05-24,0.0,1.55,1.52,1.53,659200,0.0,0.0
1984-05-25,0.0,1.55,1.52,1.55,852000,0.0,0.0
1984-05-29,0.0,1.55,1.53,1.53,160000,0.0,0.0
1984-05-30,0.0,1.58,1.52,1.58,692800,0.0,0.0
1984-05-31,0.0,1.6,1.57,1.6,988800,0.0,0.0
1984-06-01,0.0,1.64,1.6,1.64,736000,0.0,0.0
1984-06-04,0.0,1.69,1.65,1.66,298400,0.0,0.0
1984-06-05,0.0,1.67,1.63,1.66,1164000,0.0,0.0
1984-06-06,0.0,1.7,1.67,1.7,407200,0.0,0.0
1984-06-07,0.0,1.72,1.69,1.72,267200,0.0,0.0
1984-06-08,0.0,1.71,1.69,1.69,205600,0.0,0.0
1984-06-11,0.0,1.7,1.68,1.68,84800,0.0,0.0
1984-06-12,0.0,1.69,1.68,1.69,685600,0.0,0.0
1984-06-13,0.0,1.72,1.69,1.69,608000,0.0,0.0
1984-06-14,0.0,1.7,1.67,1.67,209600,0.0,0.0
1984-06-15,0.0,1.68,1.66,1.67,324000,0.0,0.0
1984-06-18,0.0,1.72,1.66,1.69,820000,0.0,0.0
1984-06-19,0.0,1.73,1.7,1.72,1361600,0.0,0.0
1984-06-20,0.0,1.75,1.69,1.75,1458400,0.0,0.0
1984-06-21,0.0,1.79,1.75,1.76,981600,0.0,0.0
1984-06-22,0.0,1.79,1.76,1.77,676800,0.0,0.0
1984-06-25,0.0,1.78,1.72,1.74,813600,0.0,0.0
1984-06-26,0.0,1.75,1.72,1.72,864800,0.0,0.0
1984-06-27,0.0,1.72,1.7,1.71,212000,0.0,0.0
1984-06-28,0.0,1.71,1.69,1.71,862400,0.0,0.0
1984-06-29,0.0,1.76,1.71,1.72,547200,0.0,0.0
1984-07-02,0.0,1.72,1.7,1.72,743200,0.0,0.0
1984-07-03,0.0,1.75,1.72,1.75,1574400,0.0,0.0
1984-07-05,0.0,1.78,1.76,1.77,1270400,0.0,0.0
1984-07-06,0.0,1.77,1.75,1.76,495200,0.0,0.0
1984-07-09,0.0,1.76,1.73,1.76,464000,0.0,0.0
1984-07-10,0.0,1.77,1.73,1.75,895200,0.0,0.0
1984-07-11,0.0,1.75,1.73,1.73,214400,0.0,0.0
1984-07-12,0.0,1.74,1.72,1.74,988800,0.0,0.0
1984-07-13,0.0,1.76,1.75,1.76,502400,0.0,0.0
1984-07-16,0.0,1.76,1.74,1.75,236800,0.0,0.0
1984-07-17,0.0,1.79,1.76,1.78,392000,0.0,0.0
1984-07-18,0.0,1.77,1.74,1.76,712800,0.0,0.0
1984-07-19,0.0,1.75,1.74,1.75,372000,0.0,0.0
1984-07-20,0.0,1.76,1.73,1.74,1175200,0.0,0.0
1984-07-23,0.0,1.73,1.69,1.7,582400,0.0,0.0
1984-07-24,0.0,1.72,1.71,1.72,557600,0.0,0.0
1984-07-25,0.0,1.8,1.73,1.78,722400,0.0,0.0
1984-07-26,0.0,1.78,1.76,1.76,550400,0.0,0.0
1984-07-27,0.0,1.81,1.78,1.81,1070400,0.0,0.0
1984-07-30,0.0,1.79,1.76,1.77,322400,0.0,0.0
1984-07-31,0.0,1.79,1.77,1.77,600800,0.0,0.0
1984-08-01,0.0,1.88,1.77,1.86,6431200,0.0,0.0
1984-08-02,0.0,1.9,1.87,1.89,3805600,0.0,0.0
1984-08-03,0.0,2.01,1.89,1.97,3452800,0.0,0.0
1984-08-06,0.0,2.02,1.96,2.0,1196000,0.0,0.0
1984-08-07,0.0,2.03,2.0,2.0,794400,0.0,0.0
1984-08-08,0.0,2.08,2.03,2.06,1242400,0.0,0.0
1984-08-09,0.0,2.18,2.0,2.16,3849600,0.0,0.0
1984-08-10,0.0,2.15,2.06,2.07,1376000,0.0,0.0
1984-08-13,0.0,2.03,1.99,2.01,1075200,0.0,0.0
1984-08-14,0.0,2.02,1.96,1.97,1502400,0.0,0.0
1984-08-15,0.0,1.94,1.89,1.89,938400,0.0,0.0
1984-08-16,0.0,1.91,1.88,1.91,670400,0.0,0.0
1984-08-17,0.0,1.92,1.88,1.88,1582400,0.0,0.0
1984-08-20,0.0,1.89,1.88,1.88,476000,0.0,0.0
1984-08-21,0.0,1.91,1.86,1.91,2510400,0.0,0.0
1984-08-22,0.0,1.96,1.91,1.91,1596000,0.0,0.0
1984-08-23,0.0,1.92,1.88,1.9,895200,0.0,0.0
1984-08-24,0.0,1.91,1.88,1.89,827200,0.0,0.0
1984-08-27,0.0,1.91,1.88,1.91,611200,0.0,0.0
1984-08-28,0.0,1.97,1.9,1.96,775200,0.0,0.0
1984-08-29,0.0,1.98,1.95,1.96,373600,0.0,0.0
1984-08-30,0.0,1.98,1.95,1.97,320800,0.0,0.0
1984-08-31,0.0,1.96,1.94,1.96,759200,0.0,0.0
1984-09-04,0.0,1.96,1.93,1.95,237600,0.0,0.0
1984-09-05,0.0,1.92,1.9,1.91,321600,0.0,0.0
1984-09-06,0.0,1.91,1.89,1.89,256000,0.0,0.0
1984-09-07,0.0,1.92,1.9,1.91,394400,0.0,0.0
1984-09-10,0.0,1.92,1.89,1.91,421600,0.0,0.0
1984-09-11,0.0,1.92,1.9,1.9,192000,0.0,0.0
1984-09-12,0.0,1.91,1.89,1.89,187200,0.0,0.0
1984-09-13,0.0,1.88,1.85,1.88,940000,0.0,0.0
1984-09-14,0.0,1.9,1.84,1.84,1577600,0.0,0.0
1984-09-17,0.0,1.89,1.83,1.86,2983200,0.0,0.0
1984-09-18,0.0,1.88,1.85,1.88,362400,0.0,0.0
1984-09-19,0.0,1.9,1.84,1.86,1586400,0.0,0.0
1984-09-20,0.0,1.86,1.84,1.86,672000,0.0,0.0
1984-09-21,0.0,1.86,1.75,1.75,529600,0.0,0.0
1984-09-24,0.0,1.82,1.72,1.81,724000,0.0,0.0
1984-09-25,0.0,1.81,1.77,1.79,1356800,0.0,0.0
1984-09-26,0.0,1.81,1.78,1.81,542400,0.0,0.0
1984-09-27,0.0,1.81,1.8,1.81,128000,0.0,0.0
1984-09-28,0.0,1.83,1.81,1.83,602400,0.0,0.0
1984-10-01,0.0,1.83,1.79,1.81,256800,0.0,0.0
1984-10-02,0.0,1.82,1.79,1.81,1872000,0.0,0.0
1984-10-03,0.0,1.8,1.78,1.78,467200,0.0,0.0
1984-10-04,0.0,1.79,1.78,1.79,276000,0.0,0.0
1984-10-05,0.0,1.79,1.77,1.77,460000,0.0,0.0
1984-10-08,0.0,1.76,1.72,1.74,1696000,0.0,0.0
1984-10-09,0.0,1.73,1.69,1.7,758400,0.0,0.0
1984-10-10,0.0,1.72,1.69,1.72,2207200,0.0,0.0
1984-10-11,0.0,1.77,1.73,1.76,592800,0.0,0.0
1984-10-12,0.0,1.8,1.78,1.79,943200,0.0,0.0
1984-10-15,0.0,1.82,1.79,1.81,1178400,0.0,0.0
1984-10-16,0.0,1.81,1.79,1.8,401600,0.0,0.0
1984-10-17,0.0,1.85,1.79,1.83,744000,0.0,0.0
1984-10-18,0.0,1.91,1.83,1.91,1715200,0.0,0.0
1984-10-19,0.0,1.95,1.94,1.94,1637600,0.0,0.0
1984-10-22,0.0,1.97,1.92,1.97,499200,0.0,0.0
1984-10-23,0.0,1.98,1.88,1.89,1991200,0.0,0.0
1984-10-24,0.0,1.89,1.85,1.86,394400,0.0,0.0
1984-10-25,0.0,1.86,1.79,1.79,573600,0.0,0.0
1984-10-26,0.0,1.79,1.77,1.79,888000,0.0,0.0
1984-10-29,0.0,1.8,1.77,1.79,228000,0.0,0.0
1984-10-30,0.0,1.88,1.81,1.86,590400,0.0,0.0
1984-10-31,0.0,1.88,1.85,1.86,560800,0.0,0.0
1984-11-01,0.0,1.93,1.86,1.91,1435200,0.0,0.0
1984-11-02,0.0,1.93,1.9,1.92,532000,0.0,0.0
1984-11-05,0.0,1.93,1.89,1.91,409600,0.0,0.0
1984-11-06,0.0,1.96,1.91,1.94,563200,0.0,0.0
1984-11-07,0.0,1.92,1.88,1.89,960000,0.0,0.0
1984-11-08,0.0,1.92,1.87,1.89,999200,0.0,0.0
1984-11-09,0.0,1.91,1.89,1.91,356800,0.0,0.0
1984-11-12,0.0,1.91,1.89,1.9,227200,0.0,0.0
1984-11-13,0.0,1.9,1.88,1.88,248800,0.0,0.0
1984-11-14,0.0,1.89,1.86,1.87,1272800,0.0,0.0
1984-11-15,0.0,1.87,1.85,1.87,628000,0.0,0.0
1984-11-16,0.0,1.88,1.83,1.83,582400,0.0,0.0
1984-11-19,0.0,1.84,1.79,1.81,258400,0.0,0.0
1984-11-20,0.0,1.82,1.81,1.82,1788000,0.0,0.0
1984-11-21,0.0,1.81,1.8,1.81,194400,0.0,0.0
1984-11-23,0.0,1.82,1.81,1.82,810400,0.0,0.0
1984-11-26,0.0,1.86,1.83,1.85,1252000,0.0,0.0
1984-11-27,0.0,1.84,1.83,1.83,220000,0.0,0.0
1984-11-28,0.0,1.89,1.82,1.83,1388800,0.0,0.0
1984-11-29,0.0,1.86,1.82,1.84,1342400,0.0,0.0
1984-11-30,0.0,1.84,1.83,1.83,320000,0.0,0.0
1984-12-03,0.0,1.82,1.78,1.8,625600,0.0,0.0
1984-12-04,0.0,1.81,1.8,1.8,497600,0.0,0.0
1984-12-05,0.0,1.81,1.79,1.8,570400,0.0,0.0
1984-12-06,0.0,1.79,1.76,1.79,1285600,0.0,0.0
1984-12-07,0.0,1.79,1.75,1.76,414400,0.0,0.0
1984-12-10,0.0,1.79,1.76,1.79,557600,0.0,0.0
1984-12-11,0.0,1.79,1.77,1.79,704000,0.0,0.0
1984-12-12,0.0,1.78,1.73,1.75,842400,0.0,0.0
1984-12-13,0.0,1.83,1.75,1.81,1414400,0.0,0.0
1984-12-14,0.0,1.84,1.81,1.84,414400,0.0,0.0
1984-12-17,1.86,1.88,1.83,1.86,741600,0.0,0.0
1984-12-18,1.88,1.94,1.88,1.93,784800,0.0,0.0
1984-12-19,1.92,1.92,1.86,1.88,1562400,0.0,0.0
1984-12-20,1.86,1.89,1.85,1.88,664800,0.0,0.0
1984-12-21,1.86,1.86,1.77,1.79,578400,0.0,0.0
1984-12-24,1.81,1.82,1.81,1.81,170400,0.0,0.0
1984-12-26,1.82,1.82,1.81,1.82,348000,0.0,0.0
1984-12-27,1.82,1.84,1.81,1.81,380800,0.0,0.0
1984-12-28,1.81,1.81,1.78,1.78,1130400,0.0,0.0
1984-12-31,1.78,1.78,1.73,1.78,911200,0.0,0.0
1985-01-02,1.77,1.77,1.69,1.69,1360000,0.0,0.0
1985-01-03,1.71,1.75,1.71,1.75,996800,0.0,0.0
1985-01-04,1.73,1.78,1.73,1.76,421600,0.0,0.0
1985-01-07,1.79,1.8,1.77,1.78,580000,0.0,0.0
1985-01-08,1.78,1.79,1.73,1.75,973600,0.0,0.0
1985-01-09,1.77,1.78,1.76,1.76,496800,0.0,0.0
1985-01-10,1.76,1.81,1.76,1.8,444800,0.0,0.0
1985-01-11,1.78,1.85,1.78,1.85,2984000,0.0,0.0
1985-01-14,1.85,1.91,1.84,1.9,3213600,0.0,0.0
1985-01-15,1.91,1.91,1.89,1.89,3285600,0.0,0.0
1985-01-16,1.9,1.93,1.89,1.92,1461600,0.045,0.0
1985-01-17,1.92,1.92,1.91,1.92,477600,0.0,0.0
1985-01-18,1.92,1.92,1.91,1.92,668800,0.0,0.0
1985-01-21,1.91,1.94,1.91,1.93,2425600,0.0,0.0
1985-01-22,1.94,2.04,1.94,2.01,2204000,0.0,0.0
1985-01-23,2.01,2.01,1.99,2.0,726400,0.0,0.0
1985-01-24,2.01,2.03,2.0,2.03,1661600,0.0,0.0
1985-01-25,2.02,2.03,1.9,2.0,1444800,0.0,0.0
1985-01-28,2.0,2.01,1.97,1.98,627200,0.0,0.0
1985-01-29,1.97,1.97,1.94,1.97,926400,0.0,0.0
1985-01-30,1.98,2.01,1.98,2.01,1828800,0.0,0.0
1985-01-31,2.01,2.01,1.97,1.98,827200,0.0,0.0
1985-02-01,1.99,1.99,1.97,1.97,683200,0.0,0.0
1985-02-04,1.98,2.0,1.98,2.0,736800,0.0,0.0
1985-02-05,2.04,2.09,2.04,2.07,1245600,0.0,0.0
1985-02-06,2.09,2.09,2.06,2.06,581600,0.0,0.0
1985-02-07,2.06,2.07,2.05,2.06,413600,0.0,0.0
1985-02-08,2.06,2.09,2.06,2.07,683200,0.0,0.0
1985-02-11,2.07,2.09,2.07,2.08,282400,0.0,0.0
1985-02-12,2.09,2.09,2.07,2.07,547200,0.0,0.0
1985-02-13,2.07,2.17,2.07,2.16,486400,0.0,0.0
1985-02-14,2.17,2.2,2.14,2.14,2080000,0.0,0.0
1985-02-15,2.13,2.15,2.13,2.15,696800,0.0,0.0
1985-02-19,2.14,2.14,2.1,2.13,924800,0.0,0.0
1985-02-20,2.12,2.12,2.06,2.07,938400,0.0,0.0
1985-02-21,2.06,2.07,2.03,2.05,547200,0.0,0.0
1985-02-22,2.04,2.05,2.0,2.0,471200,0.0,0.0
1985-02-25,2.0,2.0,1.97,1.99,765600,0.0,0.0
1985-02-26,1.99,2.05,1.99,2.03,888000,0.0,0.0
1985-02-27,2.03,2.03,2.01,2.01,566400,0.0,0.0
1985-02-28,2.02,2.04,1.98,2.04,952800,0.0,0.0
1985-03-01,2.04,2.11,2.04,2.07,1145600,0.0,0.0
1985-03-04,2.09,2.09,1.98,2.01,748000,0.0,0.0
1985-03-05,2.01,2.06,2.01,2.06,1109600,0.0,0.0
1985-03-06,2.06,2.09,2.06,2.06,420800,0.0,0.0
1985-03-07,2.09,2.09,2.06,2.09,630400,0.0,0.0
1985-03-08,2.08,2.1,2.08,2.08,168000,0.0,0.0
1985-03-11,2.07,2.07,2.05,2.06,740800,0.0,0.0
1985-03-12,2.06,2.07,2.03,2.07,1605600,0.0,0.0
1985-03-13,2.04,2.06,2.04,2.05,260000,0.0,0.0
1985-03-14,2.03,2.03,2.0,2.02,527200,0.0,0.0
1985-03-15,2.01,2.04,2.01,2.01,839200,0.0,0.0
1985-03-18,2.01,2.06,2.0,2.06,633600,0.0,0.0
1985-03-19,2.05,2.07,2.04,2.07,1097600,0.0,0.0
1985-03-20,2.09,2.11,2.08,2.1,675200,0.0,0.0
1985-03-21,2.1,2.14,2.1,2.14,578400,0.0,0.0
1985-03-22,2.14,2.14,2.11,2.12,741600,0.0,0.0
1985-03-25,2.11,2.12,2.09,2.1,160000,0.0,0.0
1985-03-26,2.09,2.11,2.09,2.1,274400,0.0,0.0
1985-03-27,2.09,2.12,2.09,2.1,252800,0.0,0.0
1985-03-28,2.11,2.15,2.11,2.14,2114400,0.0,0.0
1985-03-29,2.14,2.15,2.14,2.14,288800,0.0,0.0
1985-04-01,2.14,2.18,2.14,2.16,1123200,0.0,0.0
1985-04-02,2.17,2.19,2.16,2.16,604000,0.0,0.0
1985-04-03,2.16,2.17,2.15,2.17,1121600,0.0,0.0
1985-04-04,2.16,2.17,2.15,2.17,552000,0.0,0.0
1985-04-08,2.16,2.17,2.12,2.13,415200,0.0,0.0
1985-04-09,2.14,2.15,1.97,2.05,2188000,0.0,0.0
1985-04-10,1.99,2.05,1.99,2.05,1840800,0.0,0.0
1985-04-11,2.06,2.07,2.02,2.03,779200,0.0,0.0
1985-04-12,2.03,2.04,2.03,2.04,837600,0.0,0.0
1985-04-15,2.04,2.06,2.03,2.04,471200,0.0,0.0
1985-04-16,2.04,2.07,2.04,2.06,497600,0.045,0.0
1985-04-17,2.05,2.07,2.05,2.06,1123200,0.0,0.0
1985-04-18,2.06,2.08,2.06,2.08,274400,0.0,0.0
1985-04-19,2.08,2.09,2.08,2.09,312000,0.0,0.0
1985-04-22,2.09,2.18,2.07,2.1,316000,0.0,0.0
1985-04-23,2.12,2.12,2.09,2.1,238400,0.0,0.0
1985-04-24,2.12,2.12,2.1,2.12,253600,0.0,0.0
1985-04-25,2.12,2.12,2.1,2.1,140000,0.0,0.0
1985-04-26,2.11,2.13,2.11,2.11,377600,0.0,0.0
1985-04-29,2.12,2.14,2.09,2.1,352000,0.0,0.0
1985-04-30,2.1,2.1,2.08,2.09,648000,0.0,0.0
1985-05-01,2.05,2.1,2.05,2.05,469600,0.0,0.0
1985-05-02,2.06,2.07,2.06,2.06,91200,0.0,0.0
1985-05-03,2.07,2.08,2.06,2.08,204000,0.0,0.0
1985-05-06,2.07,2.07,2.06,2.06,167200,0.0,0.0
1985-05-07,2.05,2.07,1.98,1.99,7957600,0.0,0.0
1985-05-08,1.99,2.04,1.99,2.04,1448800,0.0,0.0
1985-05-09,2.04,2.05,2.04,2.04,924000,0.0,0.0
1985-05-10,2.05,2.06,2.04,2.06,856000,0.0,0.0
1985-05-13,2.07,2.14,2.06,2.13,840000,0.0,0.0
1985-05-14,2.14,2.17,2.14,2.17,988000,0.0,0.0
1985-05-15,2.18,2.18,2.17,2.17,748000,0.0,0.0
1985-05-16,2.17,2.18,2.15,2.16,552800,0.0,0.0
1985-05-17,2.15,2.26,2.15,2.24,2938400,0.0,0.0
1985-05-20,2.27,2.29,2.26,2.29,997600,0.0,0.0
1985-05-21,2.27,2.28,2.26,2.27,497600,0.0,0.0
1985-05-22,2.27,2.28,2.23,2.28,717600,0.0,0.0
1985-05-23,2.28,2.28,2.23,2.25,1176000,0.0,0.0
1985-05-24,2.24,2.26,2.24,2.26,1090400,0.0,0.0
1985-05-28,2.26,2.26,2.23,2.23,383200,0.0,0.0
1985-05-29,2.22,2.24,2.21,2.23,801600,0.0,0.0
1985-05-30,2.24,2.27,2.23,2.23,624000,0.0,0.0
1985-05-31,2.23,2.29,2.23,2.27,628800,0.0,0.0
1985-06-03,2.28,2.28,2.26,2.28,248000,0.0,0.0
1985-06-04,2.28,2.3,2.27,2.28,1018400,0.0,0.0
1985-06-05,2.31,2.36,2.31,2.36,1283200,0.0,0.0
1985-06-06,2.35,2.36,2.33,2.36,1192000,0.0,0.0
1985-06-07,2.34,2.34,2.31,2.31,587200,0.0,0.0
1985-06-10,2.31,2.32,2.29,2.3,362400,0.0,0.0
1985-06-11,2.3,2.32,2.3,2.31,968000,0.0,0.0
1985-06-12,2.33,2.34,2.3,2.31,1081600,0.0,0.0
1985-06-13,2.31,2.31,2.25,2.28,907200,0.0,0.0
1985-06-14,2.3,2.3,2.28,2.28,721600,0.0,0.0
1985-06-17,2.29,2.29,2.28,2.28,971200,0.0,0.0
1985-06-18,2.28,2.29,2.26,2.26,472000,0.0,0.0
1985-06-19,2.27,2.29,2.26,2.27,2012800,0.0,0.0
1985-06-20,2.27,2.29,2.27,2.27,381600,0.0,0.0
1985-06-21,2.28,2.29,2.27,2.28,1277600,0.0,0.0
1985-06-24,2.27,2.27,2.26,2.26,592000,0.0,0.0
1985-06-25,2.28,2.34,2.27,2.32,503200,0.0,0.0
1985-06-26,2.34,2.34,2.32,2.34,493600,0.0,0.0
1985-06-27,2.33,2.34,2.32,2.33,408000,0.0,0.0
1985-06-28,2.33,2.34,2.32,2.34,207200,0.0,0.0
1985-07-01,2.34,2.34,2.3,2.31,612000,0.0,0.0
1985-07-02,2.31,2.32,2.29,2.3,857600,0.0,0.0
1985-07-03,2.29,2.29,2.26,2.26,311200,0.0,0.0
1985-07-05,2.26,2.28,2.26,2.28,146400,0.0,0.0
1985-07-08,2.29,2.29,2.26,2.26,801600,0.0,0.0
1985-07-09,2.26,2.28,2.25,2.26,299200,0.0,0.0
1985-07-10,2.26,2.28,2.26,2.27,164000,0.0,0.0
1985-07-11,2.28,2.29,2.27,2.28,926400,0.0,0.0
1985-07-12,2.26,2.27,2.22,2.23,696800,0.0,0.0
1985-07-15,2.23,2.25,2.22,2.23,500800,0.0,0.0
1985-07-16,2.24,2.26,2.23,2.24,698400,0.0,0.0
1985-07-17,2.27,2.28,2.26,2.27,441600,0.045,0.0
1985-07-18,2.27,2.27,2.25,2.25,624800,0.0,0.0
1985-07-19,2.26,2.26,2.24,2.26,196800,0.0,0.0
1985-07-22,2.26,2.26,2.24,2.24,188800,0.0,0.0
1985-07-23,2.24,2.24,2.21,2.22,674400,0.0,0.0
1985-07-24,2.21,2.22,2.19,2.21,372000,0.0,0.0
1985-07-25,2.23,2.23,2.18,2.18,488000,0.0,0.0
1985-07-26,2.16,2.18,2.16,2.18,323200,0.0,0.0
1985-07-29,2.2,2.2,2.16,2.16,801600,0.0,0.0
1985-07-30,2.16,2.16,2.14,2.14,522400,0.0,0.0
1985-07-31,2.15,2.16,2.11,2.12,1790400,0.0,0.0
1985-08-01,2.12,2.15,2.1,2.15,1695200,0.0,0.0
1985-08-02,2.15,2.15,2.13,2.13,401600,0.0,0.0
1985-08-05,2.14,2.15,2.12,2.13,784000,0.0,0.0
1985-08-06,2.15,2.17,2.12,2.12,1172000,0.0,0.0
1985-08-07,2.11,2.14,2.11,2.13,229600,0.0,0.0
1985-08-08,2.13,2.18,2.13,2.18,1368000,0.0,0.0
1985-08-09,2.18,2.2,2.17,2.2,366400,0.0,0.0
1985-08-12,2.18,2.2,2.16,2.19,849600,0.0,0.0
1985-08-13,2.2,2.23,2.2,2.21,1260800,0.0,0.0
1985-08-14,2.2,2.23,2.2,2.22,428800,0.0,0.0
1985-08-15,2.23,2.23,2.21,2.21,553600,0.0,0.0
1985-08-16,2.2,2.22,2.19,2.19,1360000,0.0,0.0
1985-08-19,2.19,2.21,2.19,2.21,182400,0.0,0.0
1985-08-20,2.21,2.21,2.18,2.19,372000,0.0,0.0
1985-08-21,2.19,2.2,2.17,2.19,947200,0.0,0.0
1985-08-22,2.2,2.2,2.17,2.18,716800,0.0,0.0
1985-08-23,2.18,2.2,2.14,2.16,272800,0.0,0.0
1985-08-26,2.16,2.18,2.16,2.17,143200,0.0,0.0
1985-08-27,2.17,2.17,2.13,2.15,388000,0.0,0.0
1985-08-28,2.15,2.16,2.13,2.13,692800,0.0,0.0
1985-08-29,2.14,2.16,2.12,2.15,656000,0.0,0.0
1985-08-30,2.15,2.15,2.11,2.13,438400,0.0,0.0
1985-09-03,2.12,2.14,2.12,2.14,212800,0.0,0.0
1985-09-04,2.14,2.15,2.12,2.13,417600,0.0,0.0
1985-09-05,2.13,2.13,2.1,2.1,516000,0.0,0.0
1985-09-06,2.12,2.13,2.12,2.13,701600,0.0,0.0
1985-09-09,2.13,2.15,2.12,2.15,596800,0.0,0.0
1985-09-10,2.15,2.17,2.13,2.15,224000,0.0,0.0
1985-09-11,2.13,2.13,2.11,2.11,1362400,0.0,0.0
1985-09-12,2.12,2.13,2.11,2.13,1351200,0.0,0.0
1985-09-13,2.13,2.13,2.12,2.13,129600,0.0,0.0
1985-09-16,2.14,2.15,2.12,2.15,313600,0.0,0.0
1985-09-17,2.14,2.15,2.12,2.15,256000,0.0,0.0
1985-09-18,2.15,2.15,2.1,2.11,215200,0.0,0.0
1985-09-19,2.1,2.13,2.1,2.13,360000,0.0,0.0
1985-09-20,2.13,2.15,2.13,2.13,538400,0.0,0.0
1985-09-23,2.12,2.15,2.12,2.15,1171200,0.0,0.0
1985-09-24,2.14,2.16,2.14,2.16,814400,0.0,0.0
1985-09-25,2.16,2.16,2.15,2.16,303200,0.0,0.0
1985-09-26,2.15,2.15,2.09,2.1,788800,0.0,0.0
1985-09-30,2.1,2.1,2.07,2.08,299200,0.0,0.0
1985-10-01,2.08,2.11,2.08,2.11,175200,0.0,0.0
1985-10-02,2.1,2.13,2.1,2.12,618400,0.0,0.0
1985-10-03,2.13,2.13,2.1,2.1,636800,0.0,0.0
1985-10-04,2.1,2.1,2.08,2.08,256800,0.0,0.0
1985-10-07,2.09,2.13,2.08,2.13,1119200,0.0,0.0
1985-10-08,2.15,2.16,2.12,2.15,925600,0.0,0.0
1985-10-09,2.14,2.15,2.13,2.15,123200,0.0,0.0
1985-10-10,2.16,2.16,2.13,2.15,440000,0.0,0.0
1985-10-11,2.13,2.15,2.13,2.13,767200,0.0,0.0
1985-10-14,2.15,2.2,2.15,2.18,272000,0.0,0.0
1985-10-15,2.2,2.25,2.18,2.25,240800,0.0,0.0
1985-10-16,2.26,2.26,2.24,2.26,345600,0.0,0.0
1985-10-17,2.26,2.26,2.22,2.22,147200,0.0,0.0
1985-10-18,2.22,2.23,2.2,2.2,108000,0.0,0.0
1985-10-21,2.26,2.28,2.21,2.26,478400,0.045,0.0
1985-10-22,2.25,2.27,2.25,2.27,279200,0.0,0.0
1985-10-23,2.28,2.29,2.27,2.28,274400,0.0,0.0
1985-10-24,2.29,2.29,2.26,2.27,262400,0.0,0.0
1985-10-25,2.26,2.26,2.24,2.25,139200,0.0,0.0
1985-10-28,2.24,2.24,2.22,2.22,364000,0.0,0.0
1985-10-29,2.22,2.27,2.22,2.27,264000,0.0,0.0
1985-10-30,2.26,2.26,2.21,2.23,588000,0.0,0.0
1985-10-31,2.23,2.23,2.19,2.19,360800,0.0,0.0
1985-11-01,2.19,2.21,2.19,2.19,500800,0.0,0.0
1985-11-04,2.19,2.22,2.19,2.21,1982400,0.0,0.0
1985-11-05,2.21,2.22,2.2,2.22,1054400,0.0,0.0
1985-11-06,2.23,2.27,2.23,2.26,2036000,0.0,0.0
1985-11-07,2.24,2.31,2.24,2.31,1535200,0.0,0.0
1985-11-08,2.31,2.32,2.29,2.31,514400,0.0,0.0
1985-11-11,2.32,2.36,2.31,2.36,817600,0.0,0.0
1985-11-12,2.36,2.38,2.35,2.37,1527200,0.0,0.0
1985-11-13,2.36,2.39,2.36,2.39,1127200,0.0,0.0
1985-11-14,2.4,2.43,2.39,2.42,2244000,0.0,0.0
1985-11-15,2.43,2.46,2.43,2.46,745600,0.0,0.0
1985-11-18,2.46,2.47,2.44,2.47,801600,0.0,0.0
1985-11-19,2.47,2.5,2.46,2.5,834400,0.0,0.0
1985-11-20,2.48,2.5,2.48,2.49,241600,0.0,0.0
1985-11-21,2.5,2.51,2.48,2.5,568800,0.0,0.0
1985-11-22,2.5,2.5,2.46,2.47,561600,0.0,0.0
1985-11-25,2.47,2.47,2.42,2.42,289600,0.0,0.0
1985-11-26,2.42,2.45,2.42,2.43,648800,0.0,0.0
1985-11-27,2.44,2.47,2.44,2.46,489600,0.0,0.0
1985-11-29,2.47,2.47,2.42,2.44,581600,0.0,0.0
1985-12-02,2.44,2.45,2.42,2.45,463200,0.0,0.0
1985-12-03,2.45,2.45,2.44,2.45,639200,0.0,0.0
1985-12-04,2.44,2.44,2.41,2.42,1380800,0.0,0.0
1985-12-05,2.44,2.46,2.42,2.42,1413600,0.0,0.0
1985-12-06,2.42,2.46,2.4,2.42,1364800,0.0,0.0
1985-12-09,2.42,2.44,2.42,2.43,586400,0.0,0.0
1985-12-10,2.44,2.46,2.42,2.46,871200,0.0,0.0
1985-12-11,2.46,2.47,2.45,2.46,1084000,0.0,0.0
1985-12-12,2.47,2.47,2.45,2.47,1792000,0.0,0.0
1985-12-13,2.47,2.52,2.46,2.51,683200,0.0,0.0
1985-12-16,2.54,2.61,2.52,2.58,872800,0.0,0.0
1985-12-17,2.6,2.61,2.57,2.6,1000000,0.0,0.0
1985-12-18,2.58,2.6,2.57,2.57,1180000,0.0,0.0
1985-12-19,2.58,2.58,2.57,2.57,1252000,0.0,0.0
1985-12-20,2.57,2.59,2.57,2.58,1192800,0.0,0.0
1985-12-23,2.57,2.57,2.51,2.52,372800,0.0,0.0
1985-12-24,2.5,2.54,2.5,2.5,191200,0.0,0.0
1985-12-26,2.5,2.5,2.47,2.47,96000,0.0,0.0
1985-12-27,2.48,2.5,2.48,2.49,768000,0.0,0.0
1985-12-30,2.49,2.52,2.48,2.52,200800,0.0,0.0
1985-12-31,2.52,2.54,2.48,2.5,272800,0.0,0.0
1986-01-02,2.5,2.52,2.45,2.52,668000,0.0,0.0
1986-01-03,2.53,2.57,2.53,2.56,585600,0.0,0.0
1986-01-06,2.58,2.59,2.55,2.56,344000,0.0,0.0
1986-01-07,2.55,2.61,2.55,2.6,497600,0.0,0.0
1986-01-08,2.61,2.61,2.45,2.47,832000,0.0,0.0
1986-01-09,2.47,2.47,2.44,2.45,647200,0.0,0.0
1986-01-10,2.45,2.53,2.45,2.5,798400,0.0,0.0
1986-01-13,2.52,2.52,2.47,2.48,675200,0.0,0.0
1986-01-14,2.47,2.5,2.45,2.46,281600,0.0,0.0
1986-01-15,2.46,2.5,2.46,2.48,498400,0.0,0.0
1986-01-16,2.52,2.53,2.48,2.5,772800,0.0,0.0
1986-01-17,2.49,2.54,2.49,2.49,1168000,0.04875,0.0
1986-01-20,2.52,2.52,2.5,2.51,259200,0.0,0.0
1986-01-21,2.51,2.53,2.49,2.51,545600,0.0,0.0
1986-01-22,2.49,2.53,2.49,2.52,761600,0.0,0.0
1986-01-23,2.52,2.52,2.5,2.52,473600,0.0,0.0
1986-01-24,2.53,2.53,2.52,2.52,659200,0.0,0.0
1986-01-27,2.53,2.53,2.52,2.52,301600,0.0,0.0
1986-01-28,2.52,2.54,2.51,2.54,426400,0.0,0.0
1986-01-29,2.58,2.68,2.54,2.54,594400,0.0,0.0
1986-01-30,2.63,2.67,2.63,2.65,442400,0.0,0.0
1986-01-31,2.67,2.8,2.67,2.7,901600,0.0,0.0
1986-02-03,2.69,2.71,2.68,2.7,638400,0.0,0.0
1986-02-04,2.72,2.73,2.69,2.73,1049600,0.0,0.0
1986-02-05,2.73,2.79,2.72,2.79,456800,0.0,0.0
1986-02-06,2.8,2.83,2.8,2.8,803200,0.0,0.0
1986-02-07,2.79,2.8,2.7,2.76,598400,0.0,0.0
1986-02-10,2.73,2.76,2.72,2.74,688000,0.0,0.0
1986-02-11,2.74,2.77,2.73,2.75,695200,0.0,0.0
1986-02-12,2.73,2.77,2.72,2.72,445600,0.0,0.0
1986-02-13,2.73,2.74,2.69,2.72,485600,0.0,0.0
1986-02-14,2.72,2.83,2.72,2.83,413600,0.0,0.0
1986-02-18,2.82,2.83,2.8,2.83,1028000,0.0,0.0
1986-02-19,2.82,2.85,2.82,2.83,574400,0.0,0.0
1986-02-20,2.83,2.9,2.83,2.88,466400,0.0,0.0
1986-02-21,2.89,2.94,2.88,2.94,312800,0.0,0.0
1986-02-24,2.93,2.97,2.87,2.87,473600,0.0,0.0
1986-02-25,2.87,2.89,2.87,2.87,676000,0.0,0.0
1986-02-26,2.85,2.87,2.83,2.87,740800,0.0,0.0
1986-02-27,2.88,2.93,2.88,2.92,449600,0.0,0.0
1986-02-28,2.95,3.04,2.93,3.03,723200,0.0,0.0
1986-03-03,3.01,3.03,2.9,2.91,700000,0.0,0.0
1986-03-04,2.91,2.93,2.89,2.93,782400,0.0,0.0
1986-03-05,2.92,2.95,2.91,2.95,697600,0.0,0.0
1986-03-06,2.95,2.98,2.95,2.98,349600,0.0,0.0
1986-03-07,2.98,3.01,2.95,3.01,914400,0.0,0.0
1986-03-10,3.01,3.04,3.0,3.04,283200,0.0,0.0
1986-03-11,3.03,3.09,3.01,3.09,712800,0.0,0.0
1986-03-12,3.09,3.11,3.04,3.05,588000,0.0,0.0
1986-03-13,3.05,3.06,2.99,3.0,600800,0.0,0.0
1986-03-14,3.0,3.12,2.99,3.11,2444800,0.0,0.0
1986-03-17,3.11,3.16,3.1,3.16,1064800,0.0,0.0
1986-03-18,3.15,3.16,3.13,3.14,1823200,0.0,0.0
1986-03-19,3.16,3.18,3.14,3.15,1025600,0.0,0.0
1986-03-20,3.16,3.16,3.14,3.15,608000,0.0,0.0
1986-03-21,3.14,3.15,3.11,3.11,1082400,0.0,0.0
1986-03-24,3.13,3.16,3.13,3.16,692800,0.0,0.0
1986-03-25,3.16,3.18,3.08,3.18,736800,0.0,0.0
1986-03-26,3.18,3.2,3.15,3.2,1079200,0.0,0.0
1986-03-27,3.2,3.21,3.19,3.19,399200,0.0,0.0
1986-03-31,3.18,3.18,3.09,3.13,295200,0.0,0.0
1986-04-01,3.11,3.11,2.92,2.97,958400,0.0,0.0
1986-04-02,2.95,3.08,2.94,3.08,889600,0.0,0.0
1986-04-03,3.06,3.08,2.99,3.01,517600,0.0,0.0
1986-04-04,3.0,3.04,2.99,3.01,799200,0.0,0.0
1986-04-07,3.0,3.01,2.98,3.01,661600,0.0,0.0
1986-04-08,3.02,3.09,3.01,3.09,676000,0.0,0.0
1986-04-09,3.11,3.14,3.1,3.14,728800,0.0,0.0
1986-04-10,3.14,3.14,3.12,3.12,336000,0.0,0.0
1986-04-11,3.12,3.13,3.08,3.1,376800,0.0,0.0
1986-04-14,3.14,3.15,3.1,3.13,388000,0.0,0.0
1986-04-15,3.1,3.15,3.1,3.1,206400,0.04875,0.0
1986-04-16,3.1,3.2,3.1,3.2,517600,0.0,0.0
1986-04-17,3.21,3.31,3.2,3.3,2261600,0.0,0.0
1986-04-18,3.3,3.35,3.3,3.35,384000,0.0,0.0
1986-04-21,3.35,3.4,3.35,3.4,805600,0.0,0.0
1986-04-22,3.36,3.37,3.26,3.26,423200,0.0,0.0
1986-04-23,3.26,3.31,3.21,3.27,457600,0.0,0.0
1986-04-24,3.22,3.22,3.17,3.18,124800,0.0,0.0
1986-04-25,3.21,3.21,3.18,3.19,577600,0.0,0.0
1986-04-28,3.2,3.2,3.12,3.15,699200,0.0,0.0
1986-04-29,3.13,3.15,3.1,3.13,854400,0.0,0.0
1986-04-30,3.13,3.13,3.08,3.1,200000,0.0,0.0
1986-05-01,3.11,3.12,3.07,3.11,396000,0.0,0.0
1986-05-02,3.08,3.1,3.07,3.07,292800,0.0,0.0
1986-05-05,3.07,3.1,3.06,3.08,563200,0.0,0.0
1986-05-06,3.08,3.1,3.04,3.07,1087200,0.0,0.0
1986-05-07,3.05,3.08,3.05,3.08,494400,0.0,0.0
1986-05-08,3.1,3.15,3.1,3.15,1028000,0.0,0.0
1986-05-09,3.15,3.2,3.15,3.17,616000,0.0,0.0
1986-05-12,3.18,3.22,3.17,3.22,792800,0.0,0.0
1986-05-13,3.23,3.25,3.19,3.21,561600,0.0,0.0
1986-05-14,3.23,3.3,3.22,3.3,1340000,0.0,0.0
1986-05-15,3.28,3.31,3.23,3.24,746400,0.0,0.0
1986-05-16,3.22,3.22,3.16,3.16,665600,0.0,0.0
1986-05-19,3.17,3.17,3.11,3.14,372800,0.0,0.0
1986-05-20,3.14,3.17,3.13,3.17,910400,0.0,0.0
1986-05-21,3.17,3.21,3.17,3.17,912800,0.0,0.0
1986-05-22,3.22,3.41,3.22,3.4,1088800,0.0,0.0
1986-05-23,3.4,3.43,3.35,3.37,889600,0.0,0.0
1986-05-27,3.4,3.45,3.4,3.45,504000,0.0,0.0
1986-05-28,3.46,3.56,3.46,3.54,672000,0.0,0.0
1986-05-29,3.57,3.61,3.55,3.61,361600,0.0,0.0
1986-05-30,3.61,3.7,3.57,3.57,886400,0.0,0.0
1986-06-02,3.59,3.59,3.45,3.47,596000,0.0,0.0
1986-06-03,3.48,3.55,3.44,3.51,340800,0.0,0.0
1986-06-04,3.52,3.52,3.47,3.5,773600,0.0,0.0
1986-06-05,3.48,3.5,3.48,3.5,168800,0.0,0.0
1986-06-06,3.5,3.54,3.49,3.51,312000,0.0,0.0
1986-06-09,3.49,3.49,3.43,3.43,505600,0.0,0.0
1986-06-10,3.43,3.45,3.43,3.43,356000,0.0,0.0
1986-06-11,3.46,3.46,3.42,3.43,376000,0.0,0.0
1986-06-12,3.43,3.43,3.41,3.41,280000,0.0,0.0
1986-06-13,3.41,3.45,3.41,3.44,432800,0.0,0.0
1986-06-16,3.45,3.45,3.41,3.41,449600,0.0,0.0
1986-06-17,3.42,3.43,3.31,3.36,566400,0.0,0.0
1986-06-18,3.38,3.39,3.36,3.39,459200,0.0,0.0
1986-06-19,3.39,3.43,3.38,3.41,1041600,0.0,0.0
1986-06-20,3.42,3.44,3.41,3.43,1175200,0.0,0.0
1986-06-23,3.48,3.52,3.46,3.49,815200,0.0,0.0
1986-06-24,3.5,3.55,3.49,3.51,1323200,0.0,0.0
1986-06-25,3.51,3.56,3.51,3.54,627200,0.0,0.0
1986-06-26,3.55,3.59,3.54,3.57,730400,0.0,0.0
1986-06-27,3.57,3.58,3.56,3.56,313600,0.0,0.0
1986-06-30,3.56,3.57,3.55,3.56,224800,0.0,0.0
1986-07-01,3.59,3.59,3.55,3.56,833600,0.0,0.0
1986-07-02,3.55,3.55,3.52,3.54,1052000,0.0,0.0
1986-07-03,3.54,3.54,3.5,3.5,602400,0.0,0.0
1986-07-07,3.5,3.5,3.37,3.37,1398400,0.0,0.0
1986-07-08,3.36,3.36,3.23,3.27,1030400,0.0,0.0
1986-07-09,3.27,3.28,3.22,3.27,677600,0.0,0.0
1986-07-10,3.28,3.31,3.16,3.24,690400,0.0,0.0
1986-07-11,3.22,3.25,3.22,3.25,1067200,0.0,0.0
1986-07-14,3.25,3.25,3.16,3.16,424000,0.0,0.0
1986-07-15,3.16,3.17,3.11,3.13,992800,0.0,0.0
1986-07-16,3.13,3.2,3.11,3.16,459200,0.0,0.0
1986-07-17,3.19,3.22,3.17,3.19,1177600,0.04875,0.0
1986-07-18,3.2,3.22,3.17,3.17,448800,0.0,0.0
1986-07-21,3.13,3.19,3.13,3.19,572000,0.0,0.0
1986-07-22,3.2,3.23,3.19,3.2,480800,0.0,0.0
1986-07-23,3.2,3.23,3.19,3.2,647200,0.0,0.0
1986-07-24,3.21,3.21,3.16,3.16,388800,0.0,0.0
1986-07-25,3.15,3.15,3.09,3.1,755200,0.0,0.0
1986-07-28,3.11,3.13,3.11,3.13,1272000,0.0,0.0
1986-07-29,3.12,3.12,3.09,3.1,747200,0.0,0.0
1986-07-30,3.09,3.1,3.03,3.04,542400,0.0,0.0
1986-07-31,3.04,3.12,3.04,3.12,325600,0.0,0.0
1986-08-01,3.12,3.17,3.11,3.16,919200,0.0,0.0
1986-08-04,3.15,3.15,3.08,3.15,860800,0.0,0.0
1986-08-05,3.15,3.18,3.13,3.13,551200,0.0,0.0
1986-08-06,3.14,3.16,3.07,3.07,492800,0.0,0.0
1986-08-07,3.08,3.09,3.05,3.05,1026400,0.0,0.0
1986-08-08,3.05,3.09,3.05,3.05,922400,0.0,0.0
1986-08-11,3.03,3.08,3.03,3.08,965600,0.0,0.0
1986-08-12,3.1,3.13,3.09,3.12,639200,0.0,0.0
1986-08-13,3.12,3.2,3.12,3.2,1268000,0.0,0.0
1986-08-14,3.2,3.27,3.2,3.23,534400,0.0,0.0
1986-08-15,3.24,3.25,3.22,3.25,341600,0.0,0.0
1986-08-18,3.25,3.25,3.22,3.24,281600,0.0,0.0
1986-08-19,3.24,3.27,3.24,3.24,690400,0.0,0.0
1986-08-20,3.24,3.25,3.23,3.25,656800,0.0,0.0
1986-08-21,3.27,3.27,3.25,3.25,423200,0.0,0.0
1986-08-22,3.24,3.25,3.19,3.23,496800,0.0,0.0
1986-08-25,3.22,3.22,3.17,3.19,400800,0.0,0.0
1986-08-26,3.17,3.25,3.17,3.24,1340000,0.0,0.0
1986-08-27,3.24,3.38,3.24,3.35,1169600,0.0,0.0
1986-08-28,3.36,3.4,3.33,3.37,564000,0.0,0.0
1986-08-29,3.36,3.39,3.27,3.27,340000,0.0,0.0
1986-09-02,3.28,3.34,3.25,3.25,886400,0.0,0.0
1986-09-03,3.27,3.33,3.22,3.33,430400,0.0,0.0
1986-09-04,3.32,3.38,3.31,3.38,1523200,0.0,0.0
1986-09-05,3.4,3.47,3.39,3.39,536800,0.0,0.0
1986-09-08,3.38,3.39,3.34,3.36,536000,0.0,0.0
1986-09-09,3.35,3.36,3.33,3.34,1542400,0.0,0.0
1986-09-10,3.33,3.34,3.3,3.32,552000,0.0,0.0
1986-09-11,3.29,3.29,3.1,3.17,1292000,0.0,0.0
1986-09-12,3.13,3.13,2.95,2.96,2408000,0.0,0.0
1986-09-15,2.98,2.99,2.93,2.94,775200,0.0,0.0
1986-09-16,2.94,2.94,2.86,2.91,461600,0.0,0.0
1986-09-17,2.93,2.95,2.9,2.9,576800,0.0,0.0
1986-09-18,2.92,2.92,2.8,2.87,611200,0.0,0.0
1986-09-19,2.87,2.88,2.84,2.88,1020800,0.0,0.0
1986-09-22,2.89,2.99,2.86,2.98,792800,0.0,0.0
1986-09-23,3.03,3.03,2.91,2.91,647200,0.0,0.0
1986-09-24,2.91,2.98,2.91,2.98,835200,0.0,0.0
1986-09-25,2.98,2.98,2.93,2.94,386400,0.0,0.0
1986-09-26,2.91,2.98,2.91,2.96,705600,0.0,0.0
1986-09-29,2.93,2.95,2.92,2.93,303200,0.0,0.0
1986-09-30,2.93,2.95,2.92,2.93,1465600,0.0,0.0
1986-10-01,2.9,2.95,2.85,2.86,1304000,0.0,0.0
1986-10-02,2.84,2.88,2.84,2.85,1412000,0.0,0.0
1986-10-03,2.86,2.9,2.85,2.85,1935200,0.0,0.0
1986-10-06,2.85,2.85,2.81,2.84,1286400,0.0,0.0
1986-10-07,2.84,2.85,2.8,2.84,1863200,0.0,0.0
1986-10-08,2.85,2.95,2.84,2.93,966400,0.0,0.0
1986-10-09,2.94,3.0,2.94,2.96,984800,0.0,0.0
1986-10-10,2.94,3.0,2.93,2.96,253600,0.0,0.0
1986-10-13,2.96,2.99,2.96,2.96,156000,0.0,0.0
1986-10-14,2.98,3.01,2.95,3.0,392000,0.0,0.0
1986-10-15,3.03,3.06,3.0,3.03,770400,0.04875,0.0
1986-10-16,3.07,3.1,3.05,3.06,1948000,0.0,0.0
1986-10-17,3.05,3.1,3.02,3.07,448000,0.0,0.0
1986-10-20,3.05,3.05,2.98,3.0,597600,0.0,0.0
1986-10-21,3.01,3.05,2.98,3.03,483200,0.0,0.0
1986-10-22,3.03,3.05,2.98,3.02,1160800,0.0,0.0
1986-10-23,3.03,3.14,3.01,3.14,2163200,0.0,0.0
1986-10-24,3.15,3.17,3.1,3.12,963200,0.0,0.0
1986-10-27,3.13,3.15,3.05,3.15,641600,0.0,0.0
1986-10-28,3.14,3.21,3.1,3.2,1296000,0.0,0.0
1986-10-29,3.19,3.21,3.17,3.18,1293600,0.0,0.0
1986-10-30,3.2,3.24,3.19,3.24,1568800,0.0,0.0
1986-10-31,3.21,3.22,3.18,3.22,300000,0.0,0.0
1986-11-03,3.19,3.24,3.19,3.21,1312800,0.0,0.0
1986-11-04,3.21,3.3,3.19,3.27,627200,0.0,0.0
1986-11-05,3.27,3.27,3.2,3.23,623200,0.0,0.0
1986-11-06,3.24,3.28,3.19,3.23,308800,0.0,0.0
1986-11-07,3.23,3.23,3.15,3.16,536800,0.0,0.0
1986-11-10,3.16,3.19,3.14,3.19,423200,0.0,0.0
1986-11-11,3.21,3.3,3.2,3.3,248800,0.0,0.0
1986-11-12,3.31,3.32,3.26,3.26,425600,0.0,0.0
1986-11-13,3.25,3.26,3.23,3.23,224800,0.0,0.0
1986-11-14,3.19,3.19,3.15,3.15,698400,0.0,0.0
1986-11-17,3.11,3.15,3.1,3.1,368800,0.0,0.0
1986-11-18,3.05,3.08,2.84,2.92,1499200,0.0,0.0
1986-11-19,2.91,2.99,2.87,2.97,916000,0.0,0.0
1986-11-20,2.98,3.02,2.97,3.0,663200,0.0,0.0
1986-11-21,3.0,3.04,2.97,3.03,1032800,0.0,0.0
1986-11-24,3.04,3.07,3.04,3.07,1268000,0.0,0.0
1986-11-25,3.05,3.07,3.05,3.07,664800,0.0,0.0
1986-11-26,3.09,3.15,3.09,3.12,1228000,0.0,0.0
1986-11-28,3.14,3.17,3.12,3.17,272800,0.0,0.0
1986-12-01,3.16,3.17,3.12,3.15,976000,0.0,0.0
1986-12-02,3.16,3.29,3.16,3.26,1570400,0.0,0.0
1986-12-03,3.26,3.28,3.21,3.21,738400,0.0,0.0
1986-12-04,3.19,3.24,3.19,3.24,1034400,0.0,0.0
1986-12-05,3.22,3.24,3.2,3.21,711200,0.0,0.0
1986-12-08,3.21,3.22,3.15,3.19,1300800,0.0,0.0
1986-12-09,3.18,3.21,3.14,3.14,791200,0.0,0.0
1986-12-10,3.11,3.14,3.1,3.12,1044000,0.0,0.0
1986-12-11,3.12,3.12,3.07,3.1,1264800,0.0,0.0
1986-12-12,3.06,3.07,2.99,3.0,664000,0.0,0.0
1986-12-15,2.96,2.96,2.86,2.91,1482400,0.0,0.0
1986-12-16,2.93,2.94,2.87,2.89,2068000,0.0,0.0
1986-12-17,2.87,2.89,2.83,2.83,1821600,0.0,0.0
1986-12-18,2.82,2.82,2.76,2.79,2999200,0.0,0.0
1986-12-19,2.78,2.92,2.76,2.89,2276000,0.0,0.0
1986-12-22,2.84,2.84,2.76,2.77,1791200,0.0,0.0
1986-12-23,2.77,2.77,2.7,2.77,2152000,0.0,0.0
1986-12-24,2.76,2.77,2.74,2.77,1567200,0.0,0.0
1986-12-26,2.77,2.77,2.75,2.76,245600,0.0,0.0
1986-12-29,2.74,2.74,2.7,2.72,1236800,0.0,0.0
1986-12-30,2.73,2.73,2.67,2.71,712000,0.0,0.0
1986-12-31,2.72,2.76,2.7,2.74,729600,0.0,0.0
1987-01-02,2.77,2.81,2.75,2.79,1448000,0.0,0.0
1987-01-05,2.79,2.83,2.78,2.83,4052000,0.0,0.0
1987-01-06,2.84,2.88,2.81,2.86,3460800,0.0,0.0
1987-01-07,2.87,2.89,2.86,2.88,2197600,0.0,0.0
1987-01-08,2.89,2.96,2.88,2.93,1245600,0.0,0.0
1987-01-09,2.92,2.99,2.92,2.97,582400,0.0,0.0
1987-01-12,2.97,2.99,2.95,2.95,1554400,0.0,0.0
1987-01-13,2.93,2.96,2.93,2.96,1652800,0.0,0.0
1987-01-14,2.97,3.02,2.96,3.0,743200,0.0,0.0
1987-01-15,3.0,3.03,2.98,3.0,3579200,0.0,0.0
1987-01-16,2.98,2.99,2.92,2.95,1560800,0.0,0.0
1987-01-19,2.95,3.0,2.95,2.99,369600,0.0,0.0
1987-01-20,3.01,3.04,3.01,3.01,880000,0.055,0.0
1987-01-21,2.99,3.04,2.99,3.03,1278400,0.0,0.0
1987-01-22,3.02,3.08,3.01,3.07,1200000,0.0,0.0
1987-01-23,3.08,3.33,3.07,3.12,1580800,0.0,0.0
1987-01-26,3.08,3.13,3.06,3.12,516800,0.0,0.0
1987-01-27,3.12,3.17,3.07,3.07,946400,0.0,0.0
1987-01-28,3.1,3.15,3.1,3.12,551200,0.0,0.0
1987-01-29,3.15,3.16,3.1,3.11,516000,0.0,0.0
1987-01-30,3.11,3.16,3.11,3.13,1525600,0.0,0.0
1987-02-02,3.13,3.19,3.11,3.13,393600,0.0,0.0
1987-02-03,3.12,3.19,3.12,3.14,502400,0.0,0.0
1987-02-04,3.13,3.2,3.13,3.17,625600,0.0,0.0
1987-02-05,3.19,3.22,3.19,3.2,1114400,0.0,0.0
1987-02-06,3.23,3.26,3.19,3.19,2852800,0.0,0.0
1987-02-09,3.2,3.2,3.18,3.19,1060800,0.0,0.0
1987-02-10,3.2,3.24,3.19,3.21,1020800,0.0,0.0
1987-02-11,3.24,3.33,3.24,3.33,798400,0.0,0.0
1987-02-12,3.33,3.33,3.25,3.25,1612800,0.0,0.0
1987-02-13,3.24,3.35,3.21,3.35,1750400,0.0,0.0
1987-02-17,3.34,3.44,3.34,3.44,875200,0.0,0.0
1987-02-18,3.43,3.45,3.36,3.42,1656800,0.0,0.0
1987-02-19,3.43,3.46,3.41,3.45,1204800,0.0,0.0
1987-02-20,3.46,3.56,3.46,3.56,1220800,0.0,0.0
1987-02-23,3.54,3.57,3.53,3.56,912800,0.0,0.0
1987-02-24,3.55,3.58,3.54,3.58,721600,0.0,0.0
1987-02-25,3.58,3.59,3.56,3.59,833600,0.0,0.0
1987-02-26,3.59,3.65,3.56,3.63,516000,0.0,0.0
1987-02-27,3.65,3.74,3.65,3.72,683200,0.0,0.0
1987-03-02,3.73,3.75,3.66,3.66,1100000,0.0,0.0
1987-03-03,3.66,3.66,3.59,3.6,575200,0.0,0.0
1987-03-04,3.58,3.62,3.56,3.61,870400,0.0,0.0
1987-03-05,3.63,3.63,3.55,3.58,1950400,0.0,0.0
1987-03-06,3.56,3.6,3.56,3.6,1097600,0.0,0.0
1987-03-09,3.61,3.63,3.59,3.63,508800,0.0,0.0
1987-03-10,3.66,3.68,3.65,3.68,1162400,0.0,0.0
1987-03-11,3.72,3.72,3.66,3.7,784800,0.0,0.0
1987-03-12,3.7,3.7,3.65,3.67,609600,0.0,0.0
1987-03-13,3.66,3.67,3.61,3.61,796000,0.0,0.0
1987-03-16,3.59,3.59,3.56,3.58,1133600,0.0,0.0
1987-03-17,3.56,3.59,3.55,3.58,620000,0.0,0.0
1987-03-18,3.58,3.62,3.56,3.58,1812800,0.0,0.0
1987-03-19,3.58,3.67,3.58,3.63,1148000,0.0,0.0
1987-03-20,3.65,3.74,3.64,3.74,824800,0.0,0.0
1987-03-23,3.72,3.74,3.7,3.74,592000,0.0,0.0
1987-03-24,3.72,3.78,3.68,3.76,1190400,0.0,0.0
1987-03-25,3.76,3.79,3.73,3.77,829600,0.0,0.0
1987-03-26,3.76,3.81,3.76,3.79,285600,0.0,0.0
1987-03-27,3.79,3.82,3.72,3.72,358400,0.0,0.0
1987-03-30,3.67,3.67,3.59,3.65,677600,0.0,0.0
1987-03-31,3.66,3.72,3.65,3.72,789600,0.0,0.0
1987-04-01,3.71,3.71,3.67,3.71,627200,0.0,0.0
1987-04-02,3.71,3.72,3.64,3.71,637600,0.0,0.0
1987-04-03,3.72,3.95,3.71,3.91,783200,0.0,0.0
1987-04-06,3.89,3.9,3.84,3.87,509600,0.0,0.0
1987-04-07,3.87,3.9,3.74,3.77,711200,0.0,0.0
1987-04-08,3.72,3.75,3.66,3.71,531200,0.0,0.0
1987-04-09,3.71,3.71,3.63,3.63,1484800,0.0,0.0
1987-04-10,3.62,3.65,3.59,3.63,1082400,0.0,0.0
1987-04-13,3.59,3.63,3.59,3.6,842400,0.0,0.0
1987-04-14,3.56,3.57,3.43,3.44,3217600,0.0,0.0
1987-04-15,3.51,3.52,3.44,3.52,1456000,0.0,0.0
1987-04-16,3.54,3.59,3.53,3.54,1114400,0.0,0.0
1987-04-20,3.46,3.55,3.42,3.46,581600,0.055,0.0
1987-04-21,3.46,3.53,3.39,3.53,1391200,0.0,0.0
1987-04-22,3.55,3.59,3.46,3.47,1148800,0.0,0.0
1987-04-23,3.47,3.47,3.43,3.45,1888800,0.0,0.0
1987-04-24,3.44,3.45,3.3,3.37,762400,0.0,0.0
1987-04-27,3.35,3.47,3.26,3.39,1007200,0.0,0.0
1987-04-28,3.37,3.39,3.33,3.33,1036800,0.0,0.0
1987-04-29,3.36,3.36,3.32,3.33,1611200,0.0,0.0
1987-04-30,3.32,3.38,3.31,3.38,1486400,0.0,0.0
1987-05-01,3.37,3.45,3.37,3.44,1813600,0.0,0.0
1987-05-04,3.46,3.55,3.46,3.51,748800,0.0,0.0
1987-05-05,3.5,3.6,3.5,3.54,715200,0.0,0.0
1987-05-06,3.54,3.55,3.48,3.5,757600,0.0,0.0
1987-05-07,3.48,3.51,3.45,3.49,591200,0.0,0.0
1987-05-08,3.5,3.51,3.44,3.46,628000,0.0,0.0
1987-05-11,3.44,3.5,3.43,3.43,1042400,0.0,0.0
1987-05-12,3.42,3.42,3.38,3.4,1004800,0.0,0.0
1987-05-13,3.41,3.42,3.35,3.35,4307200,0.0,0.0
1987-05-14,3.36,3.37,3.33,3.37,1158400,0.0,0.0
1987-05-15,3.35,3.35,3.2,3.26,560000,0.0,0.0
1987-05-18,3.26,3.26,3.22,3.23,1402400,0.0,0.0
1987-05-19,3.24,3.25,3.21,3.21,1626400,0.0,0.0
1987-05-20,3.21,3.21,3.17,3.17,1045600,0.0,0.0
1987-05-21,3.19,3.22,3.17,3.21,1882400,0.0,0.0
1987-05-22,3.22,3.27,3.22,3.24,512000,0.0,0.0
1987-05-26,3.27,3.37,3.27,3.36,903200,0.0,0.0
1987-05-27,3.35,3.39,3.35,3.36,376000,0.0,0.0
1987-05-28,3.37,3.42,3.37,3.41,1332000,0.0,0.0
1987-05-29,3.42,3.48,3.42,3.48,770400,0.0,0.0
1987-06-01,3.49,3.54,3.48,3.5,767200,0.0,0.0
1987-06-02,3.49,3.55,3.47,3.5,736800,0.0,0.0
1987-06-03,3.5,3.59,3.5,3.55,542400,0.0,0.0
1987-06-04,3.53,3.55,3.51,3.51,1357600,0.0,0.0
1987-06-05,3.5,3.53,3.5,3.52,697600,0.0,0.0
1987-06-08,3.53,3.55,3.51,3.54,462400,0.0,0.0
1987-06-09,3.55,3.6,3.53,3.55,765600,0.0,0.0
1987-06-10,3.56,3.6,3.55,3.57,872800,0.0,0.0
1987-06-11,3.59,3.61,3.58,3.6,525600,0.0,0.0
1987-06-12,3.63,3.7,3.63,3.69,723200,0.0,0.0
1987-06-15,3.76,3.81,3.75,3.77,770400,0.0,0.0
1987-06-16,3.79,3.84,3.79,3.83,1308800,0.0,0.0
1987-06-17,3.93,3.93,3.84,3.84,993600,0.0,0.0
1987-06-18,3.81,3.83,3.79,3.82,914400,0.0,0.0
1987-06-19,3.82,3.89,3.81,3.89,1240000,0.0,0.0
1987-06-22,3.97,3.97,3.89,3.9,880800,0.0,0.0
1987-06-23,3.9,3.9,3.8,3.82,1318400,0.0,0.0
1987-06-24,3.84,3.88,3.82,3.84,708800,0.0,0.0
1987-06-25,3.86,3.86,3.84,3.86,454400,0.0,0.0
1987-06-26,3.88,3.88,3.82,3.84,336800,0.0,0.0
1987-06-29,3.84,3.86,3.83,3.84,579200,0.0,0.0
1987-06-30,3.85,3.86,3.77,3.78,788800,0.0,0.0
1987-07-01,3.73,3.77,3.73,3.77,1545600,0.0,0.0
1987-07-02,3.79,3.79,3.74,3.75,271200,0.0,0.0
1987-07-06,3.73,3.75,3.68,3.71,488000,0.0,0.0
1987-07-07,3.69,3.8,3.69,3.78,612000,0.0,0.0
1987-07-08,3.75,3.84,3.75,3.8,790400,0.0,0.0
1987-07-09,3.8,3.86,3.79,3.84,999200,0.0,0.0
1987-07-10,3.86,3.91,3.86,3.88,480800,0.0,0.0
1987-07-13,3.88,3.88,3.86,3.88,308800,0.0,0.0
1987-07-14,3.89,3.91,3.88,3.91,757600,0.0,0.0
1987-07-15,3.9,3.99,3.9,3.98,1780000,0.0,0.0
1987-07-16,4.01,4.06,4.0,4.06,1164000,0.0,0.0
1987-07-17,4.04,4.14,4.04,4.12,2194400,0.0,0.0
1987-07-20,4.08,4.1,4.08,4.08,602400,0.055,0.0
1987-07-21,4.07,4.19,4.07,4.1,2491200,0.0,0.0
1987-07-22,4.1,4.13,4.1,4.1,1116000,0.0,0.0
1987-07-23,4.12,4.14,4.08,4.09,884000,0.0,0.0
1987-07-24,4.1,4.14,4.1,4.13,694400,0.0,0.0
1987-07-27,4.12,4.13,4.09,4.12,192000,0.0,0.0
1987-07-28,4.12,4.12,4.04,4.07,404800,0.0,0.0
1987-07-29,4.14,4.14,4.1,4.12,845600,0.0,0.0
1987-07-30,4.14,4.14,4.12,4.14,637600,0.0,0.0
1987-07-31,4.12,4.14,4.12,4.12,251200,0.0,0.0
1987-08-03,4.12,4.12,4.03,4.03,793600,0.0,0.0
1987-08-04,4.07,4.08,3.99,4.0,1178400,0.0,0.0
1987-08-05,3.96,4.07,3.96,4.03,767200,0.0,0.0
1987-08-06,4.07,4.12,4.05,4.12,762400,0.0,0.0
1987-08-07,4.12,4.21,4.12,4.18,1167200,0.0,0.0
1987-08-10,4.19,4.23,4.18,4.23,1069600,0.0,0.0
1987-08-11,4.21,4.27,4.21,4.25,832000,0.0,0.0
1987-08-12,4.26,4.27,4.23,4.24,940800,0.0,0.0
1987-08-13,4.27,4.34,4.25,4.33,1028000,0.0,0.0
1987-08-14,4.33,4.34,4.3,4.3,1261600,0.0,0.0
1987-08-17,4.3,4.33,4.29,4.31,693600,0.0,0.0
1987-08-18,4.3,4.3,4.23,4.28,540000,0.0,0.0
1987-08-19,4.3,4.3,4.27,4.3,750400,0.0,0.0
1987-08-20,4.3,4.33,4.28,4.31,1542400,0.0,0.0
1987-08-21,4.33,4.35,4.27,4.32,1052000,0.0,0.0
1987-08-24,4.32,4.32,4.23,4.25,790400,0.0,0.0
1987-08-25,4.25,4.28,4.25,4.26,469600,0.0,0.0
1987-08-26,4.27,4.29,4.27,4.27,864000,0.0,0.0
1987-08-27,4.27,4.27,4.18,4.22,768000,0.0,0.0
1987-08-28,4.22,4.22,4.11,4.11,433600,0.0,0.0
1987-08-31,4.1,4.11,4.05,4.06,1294400,0.0,0.0
1987-09-01,4.06,4.1,4.01,4.01,629600,0.0,0.0
1987-09-02,4.01,4.03,3.96,4.01,1254400,0.0,0.0
1987-09-03,4.03,4.05,3.9,3.94,892800,0.0,0.0
1987-09-04,3.93,3.97,3.83,3.86,580800,0.0,0.0
1987-09-08,3.87,3.9,3.75,3.8,1551200,0.0,0.0
1987-09-09,3.79,3.82,3.77,3.77,1072800,0.0,0.0
1987-09-10,3.8,3.84,3.74,3.8,886400,0.0,0.0
1987-09-11,3.8,3.83,3.79,3.83,633600,0.0,0.0
1987-09-14,3.83,3.91,3.83,3.9,1024000,0.0,0.0
1987-09-15,3.91,3.91,3.86,3.88,398400,0.0,0.0
1987-09-16,3.89,3.9,3.84,3.86,1068000,0.0,0.0
1987-09-17,3.9,3.9,3.86,3.89,724000,0.0,0.0
1987-09-18,3.9,3.94,3.9,3.92,1339200,0.0,0.0
1987-09-21,3.93,3.94,3.83,3.84,837600,0.0,0.0
1987-09-22,3.83,3.88,3.79,3.88,1014400,0.0,0.0
1987-09-23,3.88,3.95,3.82,3.85,992800,0.0,0.0
1987-09-24,3.86,3.89,3.85,3.87,526400,0.0,0.0
1987-09-25,3.86,3.87,3.84,3.84,583200,0.0,0.0
1987-09-28,3.86,3.99,3.86,3.94,536000,0.0,0.0
1987-09-29,3.94,3.98,3.91,3.94,578400,0.0,0.0
1987-09-30,3.95,3.95,3.86,3.86,2059200,0.0,0.0
1987-10-01,3.88,3.9,3.86,3.88,428800,0.0,0.0
1987-10-02,3.86,3.88,3.86,3.87,645600,0.0,0.0
1987-10-05,3.87,3.87,3.82,3.86,1033600,0.0,0.0
1987-10-06,3.86,3.86,3.78,3.81,1063200,0.0,0.0
1987-10-07,3.81,3.81,3.72,3.77,1438400,0.0,0.0
1987-10-08,3.79,3.79,3.6,3.64,2358400,0.0,0.0
1987-10-09,3.64,3.66,3.59,3.59,815200,0.0,0.0
1987-10-12,3.57,3.61,3.57,3.59,511200,0.0,0.0
1987-10-13,3.61,3.62,3.6,3.62,499200,0.0,0.0
1987-10-14,3.61,3.61,3.48,3.5,997600,0.0,0.0
1987-10-15,3.48,3.48,3.37,3.37,1329600,0.0,0.0
1987-10-16,3.34,3.35,3.23,3.26,2012800,0.0,0.0
1987-10-19,3.11,3.11,2.76,2.76,2234400,0.0,0.0
1987-10-20,2.85,2.91,2.45,2.51,3856000,0.055,0.0
1987-10-21,2.64,2.69,2.58,2.58,4489600,0.0,0.0
1987-10-22,2.35,2.66,2.32,2.61,1934400,0.0,0.0
1987-10-23,2.56,2.79,2.56,2.79,2960000,0.0,0.0
1987-10-26,2.66,2.74,2.6,2.62,1212000,0.0,0.0
1987-10-27,2.66,2.69,2.64,2.68,913600,0.0,0.0
1987-10-28,2.58,2.73,2.51,2.7,1560000,0.0,0.0
1987-10-29,2.69,2.85,2.65,2.79,1124800,0.0,0.0
1987-10-30,2.81,2.87,2.73,2.8,1070400,0.0,0.0
1987-11-02,2.79,2.87,2.78,2.81,2098400,0.0,0.0
1987-11-03,2.79,2.79,2.76,2.79,1351200,0.0,0.0
1987-11-04,2.78,2.82,2.76,2.8,1296000,0.0,0.0
1987-11-05,2.78,3.0,2.77,2.9,911200,0.0,0.0
1987-11-06,2.94,2.98,2.88,2.88,984800,0.0,0.0
1987-11-09,2.87,2.87,2.8,2.82,1257600,0.0,0.0
1987-11-10,2.82,2.82,2.75,2.75,699200,0.0,0.0
1987-11-11,2.79,2.81,2.77,2.79,667200,0.0,0.0
1987-11-12,2.82,2.83,2.77,2.77,963200,0.0,0.0
1987-11-13,2.77,2.81,2.77,2.78,1092800,0.0,0.0
1987-11-16,2.81,2.87,2.79,2.82,515200,0.0,0.0
1987-11-17,2.82,2.84,2.79,2.82,595200,0.0,0.0
1987-11-18,2.83,2.89,2.79,2.85,711200,0.0,0.0
1987-11-19,2.82,2.84,2.75,2.77,624800,0.0,0.0
1987-11-20,2.77,2.82,2.73,2.73,607200,0.0,0.0
1987-11-23,2.72,2.75,2.7,2.75,409600,0.0,0.0
1987-11-24,2.75,2.8,2.7,2.73,717600,0.0,0.0
1987-11-25,2.75,2.75,2.66,2.67,710400,0.0,0.0
1987-11-27,2.66,2.66,2.62,2.63,1198400,0.0,0.0
1987-11-30,2.56,2.56,2.4,2.45,2076000,0.0,0.0
1987-12-01,2.45,2.48,2.43,2.43,1548000,0.0,0.0
1987-12-02,2.43,2.52,2.43,2.51,1459200,0.0,0.0
1987-12-03,2.51,2.51,2.43,2.43,1984800,0.0,0.0
1987-12-04,2.35,2.43,2.31,2.38,2059200,0.0,0.0
1987-12-07,2.36,2.41,2.36,2.38,592800,0.0,0.0
1987-12-08,2.4,2.54,2.4,2.51,784800,0.0,0.0
1987-12-09,2.51,2.55,2.47,2.52,658400,0.0,0.0
1987-12-10,2.49,2.49,2.47,2.48,728000,0.0,0.0
1987-12-11,2.48,2.49,2.45,2.48,490400,0.0,0.0
1987-12-14,2.48,2.55,2.47,2.55,737600,0.0,0.0
1987-12-15,2.56,2.65,2.53,2.53,1104000,0.0,0.0
1987-12-16,2.56,2.64,2.51,2.64,1351200,0.0,0.0
1987-12-17,2.64,2.66,2.45,2.48,988000,0.0,0.0
1987-12-18,2.47,2.59,2.47,2.57,2298400,0.0,0.0
1987-12-21,2.58,2.66,2.57,2.64,578400,0.0,0.0
1987-12-22,2.63,2.65,2.58,2.6,1436000,0.0,0.0
1987-12-23,2.6,2.69,2.6,2.69,1465600,0.0,0.0
1987-12-24,2.73,2.75,2.7,2.75,632800,0.0,0.0
1987-12-28,2.74,2.74,2.67,2.69,821600,0.0,0.0
1987-12-29,2.68,2.69,2.66,2.68,257600,0.0,0.0
1987-12-30,2.67,2.76,2.66,2.73,738400,0.0,0.0
1987-12-31,2.78,2.81,2.76,2.77,614400,0.0,0.0
1988-01-04,2.8,2.94,2.78,2.82,761600,0.0,0.0
1988-01-05,2.85,2.95,2.85,2.93,1596800,0.0,0.0
1988-01-06,2.98,2.99,2.94,2.98,698400,0.0,0.0
1988-01-07,2.95,3.03,2.93,3.01,1143200,0.0,0.0
1988-01-08,3.0,3.03,2.95,2.95,549600,0.0,0.0
1988-01-11,2.96,2.96,2.88,2.92,428000,0.0,0.0
1988-01-12,2.92,2.92,2.87,2.91,477600,0.0,0.0
1988-01-13,2.89,2.94,2.87,2.94,508800,0.0,0.0
1988-01-14,2.94,2.96,2.92,2.95,352000,0.0,0.0
1988-01-15,2.96,3.08,2.96,3.02,543200,0.0,0.0
1988-01-18,3.03,3.04,3.01,3.03,1096000,0.0,0.0
1988-01-19,3.02,3.14,3.0,3.09,380000,0.06563,0.0
1988-01-20,3.1,3.1,3.02,3.04,476000,0.0,0.0
1988-01-21,3.08,3.08,2.98,2.98,700800,0.0,0.0
1988-01-22,3.0,3.04,2.99,3.01,1246400,0.0,0.0
1988-01-25,3.02,3.15,3.02,3.15,672800,0.0,0.0
1988-01-26,3.17,3.21,3.15,3.15,1292000,0.0,0.0
1988-01-27,3.15,3.21,3.15,3.2,734400,0.0,0.0
1988-01-28,3.21,3.21,3.15,3.17,1156800,0.0,0.0
1988-01-29,3.18,3.2,3.17,3.2,565600,0.0,0.0
1988-02-01,3.2,3.2,3.16,3.17,341600,0.0,0.0
1988-02-02,3.17,3.21,3.16,3.21,736800,0.0,0.0
1988-02-03,3.21,3.21,3.12,3.14,634400,0.0,0.0
1988-02-04,3.17,3.21,3.17,3.19,1023200,0.0,0.0
1988-02-05,3.19,3.23,3.17,3.17,968800,0.0,0.0
1988-02-08,3.18,3.18,3.14,3.15,867200,0.0,0.0
1988-02-09,3.16,3.17,3.11,3.14,792000,0.0,0.0
1988-02-10,3.14,3.25,3.14,3.22,486400,0.0,0.0
1988-02-11,3.22,3.29,3.21,3.28,684800,0.0,0.0
1988-02-12,3.35,3.41,3.35,3.4,692800,0.0,0.0
1988-02-16,3.39,3.41,3.37,3.39,648000,0.0,0.0
1988-02-17,3.43,3.43,3.37,3.39,1033600,0.0,0.0
1988-02-18,3.39,3.39,3.31,3.32,748000,0.0,0.0
1988-02-19,3.33,3.39,3.33,3.38,329600,0.0,0.0
1988-02-22,3.38,3.44,3.37,3.44,625600,0.0,0.0
1988-02-23,3.44,3.48,3.41,3.48,526400,0.0,0.0
1988-02-24,3.46,3.53,3.43,3.51,491200,0.0,0.0
1988-02-25,3.53,3.56,3.44,3.48,840800,0.0,0.0
1988-02-26,3.48,3.52,3.41,3.41,786400,0.0,0.0
1988-02-29,3.43,3.54,3.43,3.53,631200,0.0,0.0
1988-03-01,3.52,3.52,3.46,3.47,648000,0.0,0.0
1988-03-02,3.5,3.54,3.48,3.48,1188000,0.0,0.0
1988-03-03,3.48,3.48,3.45,3.47,409600,0.0,0.0
1988-03-04,3.46,3.52,3.45,3.52,483200,0.0,0.0
1988-03-07,3.52,3.52,3.49,3.52,400800,0.0,0.0
1988-03-08,3.52,3.54,3.51,3.54,776000,0.0,0.0
1988-03-09,3.53,3.54,3.52,3.54,736000,0.0,0.0
1988-03-10,3.53,3.56,3.52,3.52,277600,0.0,0.0
1988-03-11,3.52,3.52,3.46,3.48,627200,0.0,0.0
1988-03-14,3.46,3.52,3.46,3.5,741600,0.0,0.0
1988-03-15,3.49,3.53,3.49,3.52,336800,0.0,0.0
1988-03-16,3.5,3.64,3.5,3.64,424000,0.0,0.0
1988-03-17,3.62,3.63,3.54,3.59,1517600,0.0,0.0
1988-03-18,3.6,3.6,3.5,3.54,1028000,0.0,0.0
1988-03-21,3.53,3.56,3.52,3.54,417600,0.0,0.0
1988-03-22,3.54,3.58,3.54,3.58,346400,0.0,0.0
1988-03-23,3.57,3.58,3.53,3.53,283200,0.0,0.0
1988-03-24,3.53,3.53,3.46,3.46,475200,0.0,0.0
1988-03-25,3.45,3.46,3.4,3.41,616000,0.0,0.0
1988-03-28,3.37,3.39,3.35,3.37,562400,0.0,0.0
1988-03-29,3.4,3.44,3.38,3.4,377600,0.0,0.0
1988-03-30,3.41,3.45,3.39,3.39,489600,0.0,0.0
1988-03-31,3.4,3.42,3.32,3.42,500800,0.0,0.0
1988-04-04,3.42,3.42,3.39,3.41,1021600,0.0,0.0
1988-04-05,3.39,3.46,3.39,3.46,320800,0.0,0.0
1988-04-06,3.46,3.58,3.46,3.57,1083200,0.0,0.0
1988-04-07,3.56,3.62,3.56,3.57,695200,0.0,0.0
1988-04-08,3.58,3.64,3.57,3.6,1054400,0.0,0.0
1988-04-11,3.61,3.61,3.58,3.61,470400,0.0,0.0
1988-04-12,3.6,3.6,3.58,3.6,348800,0.0,0.0
1988-04-13,3.59,3.6,3.58,3.59,315200,0.0,0.0
1988-04-14,3.56,3.58,3.48,3.5,1020800,0.0,0.0
1988-04-15,3.5,3.5,3.48,3.48,395200,0.0,0.0
1988-04-18,3.47,3.5,3.45,3.48,404000,0.0,0.0
1988-04-19,3.49,3.55,3.49,3.53,564000,0.06563,0.0
1988-04-20,3.53,3.53,3.49,3.49,349600,0.0,0.0
1988-04-21,3.51,3.53,3.47,3.51,524000,0.0,0.0
1988-04-22,3.49,3.55,3.49,3.53,428800,0.0,0.0
1988-04-25,3.54,3.6,3.54,3.57,612800,0.0,0.0
1988-04-26,3.58,3.59,3.56,3.58,628000,0.0,0.0
1988-04-27,3.57,3.61,3.57,3.6,376000,0.0,0.0
1988-04-28,3.57,3.58,3.56,3.56,368000,0.0,0.0
1988-04-29,3.56,3.58,3.51,3.57,458400,0.0,0.0
1988-05-02,3.56,3.56,3.51,3.55,801600,0.0,0.0
1988-05-03,3.55,3.56,3.52,3.54,423200,0.0,0.0
1988-05-04,3.54,3.54,3.45,3.47,475200,0.0,0.0
1988-05-05,3.45,3.47,3.37,3.38,651200,0.0,0.0
1988-05-06,3.39,3.45,3.37,3.37,526400,0.0,0.0
1988-05-09,3.39,3.4,3.35,3.35,192800,0.0,0.0
1988-05-10,3.37,3.4,3.36,3.37,220000,0.0,0.0
1988-05-11,3.36,3.36,3.32,3.35,587200,0.0,0.0
1988-05-12,3.35,3.4,3.35,3.35,370400,0.0,0.0
1988-05-13,3.35,3.41,3.35,3.39,336800,0.0,0.0
1988-05-16,3.39,3.47,3.39,3.46,966400,0.0,0.0
1988-05-17,3.47,3.51,3.43,3.43,380000,0.0,0.0
1988-05-18,3.43,3.45,3.35,3.36,720800,0.0,0.0
1988-05-19,3.36,3.36,3.33,3.35,1947200,0.0,0.0
1988-05-20,3.35,3.36,3.32,3.32,1037600,0.0,0.0
1988-05-23,3.33,3.37,3.33,3.35,1572000,0.0,0.0
1988-05-24,3.36,3.37,3.35,3.35,492800,0.0,0.0
1988-05-25,3.37,3.37,3.35,3.35,1135200,0.0,0.0
1988-05-26,3.35,3.37,3.35,3.36,2353600,0.0,0.0
1988-05-27,3.37,3.37,3.3,3.3,313600,0.0,0.0
1988-05-31,3.29,3.37,3.29,3.37,556000,0.0,0.0
1988-06-01,3.38,3.48,3.38,3.48,828000,0.0,0.0
1988-06-02,3.47,3.53,3.45,3.51,583200,0.0,0.0
1988-06-03,3.49,3.53,3.48,3.48,346400,0.0,0.0
1988-06-06,3.49,3.49,3.45,3.48,441600,0.0,0.0
1988-06-07,3.47,3.5,3.46,3.47,585600,0.0,0.0
1988-06-08,3.49,3.54,3.48,3.54,599200,0.0,0.0
1988-06-09,3.55,3.59,3.54,3.58,617600,0.0,0.0
1988-06-10,3.57,3.59,3.53,3.54,566400,0.0,0.0
1988-06-13,3.55,3.61,3.55,3.6,515200,0.0,0.0
1988-06-14,3.66,3.69,3.63,3.66,960000,0.0,0.0
1988-06-15,3.66,3.66,3.64,3.66,292800,0.0,0.0
1988-06-16,3.64,3.66,3.61,3.61,833600,0.0,0.0
1988-06-17,3.63,3.63,3.57,3.59,964000,0.0,0.0
1988-06-20,3.58,3.63,3.57,3.61,799200,0.0,0.0
1988-06-21,3.59,3.6,3.55,3.6,442400,0.0,0.0
1988-06-22,3.6,3.66,3.6,3.66,724000,0.0,0.0
1988-06-23,3.65,3.67,3.64,3.66,420800,0.0,0.0
1988-06-24,3.65,3.68,3.64,3.68,344000,0.0,0.0
1988-06-27,3.66,3.66,3.61,3.61,496000,0.0,0.0
1988-06-28,3.6,3.64,3.59,3.61,399200,0.0,0.0
1988-06-29,3.61,3.62,3.53,3.58,468800,0.0,0.0
1988-06-30,3.57,3.66,3.57,3.64,604800,0.0,0.0
1988-07-01,3.64,3.64,3.57,3.57,584000,0.0,0.0
1988-07-05,3.59,3.61,3.58,3.61,693600,0.0,0.0
1988-07-06,3.6,3.66,3.59,3.63,875200,0.0,0.0
1988-07-07,3.63,3.69,3.61,3.66,428000,0.0,0.0
1988-07-08,3.63,3.64,3.61,3.61,326400,0.0,0.0
1988-07-11,3.61,3.64,3.59,3.64,402400,0.0,0.0
1988-07-12,3.64,3.64,3.59,3.61,288000,0.0,0.0
1988-07-13,3.62,3.63,3.58,3.63,466400,0.0,0.0
1988-07-14,3.63,3.66,3.62,3.65,296000,0.0,0.0
1988-07-15,3.66,3.7,3.64,3.64,516000,0.0,0.0
1988-07-18,3.64,3.65,3.58,3.59,327200,0.0,0.0
1988-07-19,3.59,3.63,3.57,3.57,1043200,0.06563,0.0
1988-07-20,3.59,3.6,3.57,3.6,766400,0.0,0.0
1988-07-21,3.6,3.6,3.52,3.53,842400,0.0,0.0
1988-07-22,3.54,3.54,3.43,3.44,682400,0.0,0.0
1988-07-25,3.43,3.47,3.43,3.46,659200,0.0,0.0
1988-07-26,3.47,3.52,3.47,3.52,1064800,0.0,0.0
1988-07-27,3.52,3.56,3.51,3.53,1053600,0.0,0.0
1988-07-28,3.53,3.59,3.53,3.59,742400,0.0,0.0
1988-07-29,3.64,3.67,3.62,3.67,777600,0.0,0.0
1988-08-01,3.66,3.71,3.66,3.69,470400,0.0,0.0
1988-08-02,3.69,3.71,3.66,3.68,265600,0.0,0.0
1988-08-03,3.69,3.76,3.67,3.76,831200,0.0,0.0
1988-08-04,3.77,3.78,3.73,3.75,624000,0.0,0.0
1988-08-05,3.75,3.77,3.73,3.74,575200,0.0,0.0
1988-08-08,3.73,3.75,3.72,3.72,632000,0.0,0.0
1988-08-09,3.72,3.72,3.64,3.68,713600,0.0,0.0
1988-08-10,3.67,3.67,3.57,3.61,246400,0.0,0.0
1988-08-11,3.61,3.64,3.61,3.63,429600,0.0,0.0
1988-08-12,3.62,3.69,3.61,3.69,784800,0.0,0.0
1988-08-15,3.69,3.74,3.65,3.65,472000,0.0,0.0
1988-08-16,3.63,3.65,3.61,3.64,714400,0.0,0.0
1988-08-17,3.69,3.72,3.66,3.71,1021600,0.0,0.0
1988-08-18,3.69,3.75,3.69,3.75,810400,0.0,0.0
1988-08-19,3.7,3.71,3.66,3.68,354400,0.0,0.0
1988-08-22,3.67,3.69,3.61,3.61,550400,0.0,0.0
1988-08-23,3.62,3.63,3.59,3.62,250400,0.0,0.0
1988-08-24,3.61,3.63,3.58,3.63,1106400,0.0,0.0
1988-08-25,3.61,3.62,3.58,3.59,327200,0.0,0.0
1988-08-26,3.59,3.6,3.56,3.58,268000,0.0,0.0
1988-08-29,3.59,3.63,3.59,3.61,248000,0.0,0.0
1988-08-30,3.6,3.62,3.59,3.61,340800,0.0,0.0
1988-08-31,3.62,3.63,3.61,3.63,720800,0.0,0.0
1988-09-01,3.61,3.61,3.57,3.58,1232000,0.0,0.0
1988-09-02,3.59,3.61,3.56,3.57,566400,0.0,0.0
1988-09-06,3.55,3.62,3.55,3.6,457600,0.0,0.0
1988-09-07,3.6,3.63,3.6,3.63,396000,0.0,0.0
1988-09-08,3.61,3.64,3.61,3.63,593600,0.0,0.0
1988-09-09,3.63,3.72,3.61,3.69,323200,0.0,0.0
1988-09-12,3.67,3.69,3.67,3.68,212800,0.0,0.0
1988-09-13,3.67,3.71,3.66,3.67,814400,0.0,0.0
1988-09-14,3.69,3.71,3.67,3.68,827200,0.0,0.0
1988-09-15,3.69,3.7,3.68,3.68,522400,0.0,0.0
1988-09-16,3.65,3.71,3.65,3.71,952000,0.0,0.0
1988-09-19,3.69,3.71,3.68,3.71,306400,0.0,0.0
1988-09-20,3.69,3.73,3.69,3.72,253600,0.0,0.0
1988-09-21,3.73,3.73,3.7,3.71,350400,0.0,0.0
1988-09-22,3.69,3.69,3.68,3.69,599200,0.0,0.0
1988-09-23,3.68,3.71,3.68,3.71,324800,0.0,0.0
1988-09-26,3.72,3.72,3.69,3.69,262400,0.0,0.0
1988-09-27,3.71,3.71,3.69,3.71,144000,0.0,0.0
1988-09-28,3.71,3.79,3.69,3.74,1261600,0.0,0.0
1988-09-29,3.74,3.78,3.73,3.75,1536000,0.0,0.0
1988-09-30,3.77,3.78,3.65,3.65,981600,0.0,0.0
1988-10-03,3.66,3.73,3.64,3.73,1020800,0.0,0.0
1988-10-04,3.73,3.83,3.71,3.81,1204800,0.0,0.0
1988-10-05,3.81,3.92,3.81,3.92,1079200,0.0,0.0
1988-10-06,3.93,3.93,3.88,3.88,707200,0.0,0.0
1988-10-07,3.87,3.93,3.87,3.93,1201600,0.0,0.0
1988-10-10,3.93,3.96,3.91,3.93,532800,0.0,0.0
1988-10-11,3.93,3.93,3.88,3.89,212800,0.0,0.0
1988-10-12,3.88,3.88,3.83,3.84,796800,0.0,0.0
1988-10-13,3.85,3.9,3.84,3.88,515200,0.0,0.0
1988-10-14,3.89,3.91,3.85,3.88,1469600,0.0,0.0
1988-10-17,3.88,3.93,3.88,3.92,336000,0.0,0.0
1988-10-18,3.93,4.02,3.93,4.0,803200,0.06563,0.0
1988-10-19,4.0,4.06,3.98,3.98,1055200,0.0,0.0
1988-10-20,3.97,4.06,3.96,4.03,363200,0.0,0.0
1988-10-21,4.02,4.07,4.01,4.06,1461600,0.0,0.0
1988-10-24,4.08,4.13,4.06,4.12,495200,0.0,0.0
1988-10-25,4.1,4.11,4.05,4.06,361600,0.0,0.0
1988-10-26,4.05,4.05,4.02,4.02,798400,0.0,0.0
1988-10-27,4.0,4.01,3.94,3.94,796000,0.0,0.0
1988-10-28,3.94,3.98,3.92,3.98,433600,0.0,0.0
1988-10-31,3.96,4.05,3.96,4.02,770400,0.0,0.0
1988-11-01,4.01,4.01,3.96,3.96,1060000,0.0,0.0
1988-11-02,3.98,3.99,3.95,3.98,556000,0.0,0.0
1988-11-03,3.99,4.0,3.98,3.98,620800,0.0,0.0
1988-11-04,3.99,3.99,3.94,3.94,512000,0.0,0.0
1988-11-07,3.94,3.94,3.83,3.83,557600,0.0,0.0
1988-11-08,3.84,3.86,3.84,3.84,384000,0.0,0.0
1988-11-09,3.86,3.87,3.83,3.87,640000,0.0,0.0
1988-11-10,3.86,3.86,3.84,3.86,280000,0.0,0.0
1988-11-11,3.84,3.84,3.81,3.81,462400,0.0,0.0
1988-11-14,3.82,3.82,3.75,3.77,537600,0.0,0.0
1988-11-15,3.76,3.79,3.76,3.77,662400,0.0,0.0
1988-11-16,3.77,3.77,3.75,3.75,699200,0.0,0.0
1988-11-17,3.77,3.81,3.77,3.81,657600,0.0,0.0
1988-11-18,3.81,3.81,3.77,3.79,349600,0.0,0.0
1988-11-21,3.79,3.79,3.76,3.77,431200,0.0,0.0
1988-11-22,3.79,3.8,3.77,3.79,396000,0.0,0.0
1988-11-23,3.8,3.81,3.76,3.78,984000,0.0,0.0
1988-11-25,3.77,3.77,3.71,3.77,471200,0.0,0.0
1988-11-28,3.77,3.78,3.77,3.78,377600,0.0,0.0
1988-11-29,3.77,3.79,3.74,3.79,965600,0.0,0.0
1988-11-30,3.81,3.87,3.81,3.83,941600,0.0,0.0
1988-12-01,3.84,3.87,3.83,3.86,446400,0.0,0.0
1988-12-02,3.88,3.88,3.84,3.87,432800,0.0,0.0
1988-12-05,3.88,3.98,3.86,3.98,387200,0.0,0.0
1988-12-06,3.98,4.06,3.98,4.06,1080800,0.0,0.0
1988-12-07,4.05,4.11,4.04,4.1,490400,0.0,0.0
1988-12-08,4.1,4.1,4.03,4.03,871200,0.0,0.0
1988-12-09,4.03,4.06,4.03,4.06,356000,0.0,0.0
1988-12-12,4.06,4.07,4.06,4.07,188000,0.0,0.0
1988-12-13,4.07,4.07,4.02,4.02,315200,0.0,0.0
1988-12-14,4.04,4.08,4.02,4.03,676000,0.0,0.0
1988-12-15,4.02,4.04,4.0,4.0,580000,0.0,0.0
1988-12-16,4.0,4.04,3.98,4.04,877600,0.0,0.0
1988-12-19,4.02,4.02,3.99,4.0,615200,0.0,0.0
1988-12-20,4.02,4.03,3.98,3.99,433600,0.0,0.0
1988-12-21,3.96,3.98,3.92,3.98,605600,0.0,0.0
1988-12-22,3.99,4.0,3.95,3.97,996800,0.0,0.0
1988-12-23,3.98,3.98,3.96,3.97,220000,0.0,0.0
1988-12-27,3.96,3.97,3.94,3.94,381600,0.0,0.0
1988-12-28,3.92,3.93,3.9,3.91,420000,0.0,0.0
1988-12-29,3.9,3.97,3.9,3.96,757600,0.0,0.0
1988-12-30,3.96,4.01,3.96,4.01,440000,0.0,0.0
1989-01-03,4.0,4.02,3.98,4.0,680000,0.0,0.0
1989-01-04,3.99,4.04,3.99,4.04,784800,0.0,0.0
1989-01-05,4.09,4.11,4.05,4.1,1544800,0.0,0.0
1989-01-06,4.15,4.15,4.11,4.12,1160000,0.0,0.0
1989-01-09,4.12,4.13,4.1,4.1,208800,0.0,0.0
1989-01-10,4.13,4.13,4.1,4.12,814400,0.0,0.0
1989-01-11,4.13,4.17,4.11,4.15,1453600,0.0,0.0
1989-01-12,4.17,4.19,4.15,4.17,1257600,0.0,0.0
1989-01-13,4.17,4.18,4.14,4.18,337600,0.0,0.0
1989-01-16,4.17,4.19,4.15,4.17,452000,0.0,0.0
1989-01-17,4.16,4.17,4.15,4.17,244800,0.08125,0.0
1989-01-18,4.18,4.24,4.17,4.23,750400,0.0,0.0
1989-01-19,4.23,4.24,4.21,4.22,383200,0.0,0.0
1989-01-20,4.21,4.22,4.19,4.21,1414400,0.0,0.0
1989-01-23,4.21,4.21,4.17,4.17,1183200,0.0,0.0
1989-01-24,4.17,4.21,4.16,4.21,1063200,0.0,0.0
1989-01-25,4.2,4.22,4.19,4.21,535200,0.0,0.0
1989-01-26,4.2,4.32,4.19,4.3,1024000,0.0,0.0
1989-01-27,4.32,4.37,4.3,4.36,1053600,0.0,0.0
1989-01-30,4.35,4.38,4.33,4.33,557600,0.0,0.0
1989-01-31,4.3,4.38,4.3,4.38,791200,0.0,0.0
1989-02-01,4.35,4.42,4.35,4.4,716800,0.0,0.0
1989-02-02,4.41,4.41,4.39,4.39,983200,0.0,0.0
1989-02-03,4.39,4.41,4.38,4.4,1167200,0.0,0.0
1989-02-06,4.39,4.41,4.38,4.41,747200,0.0,0.0
1989-02-07,4.39,4.41,4.39,4.4,1602400,0.0,0.0
1989-02-08,4.4,4.45,4.4,4.42,777600,0.0,0.0
1989-02-09,4.4,4.4,4.36,4.36,528800,0.0,0.0
1989-02-10,4.36,4.42,4.36,4.39,335200,0.0,0.0
1989-02-13,4.38,4.4,4.35,4.36,628800,0.0,0.0
1989-02-14,4.38,4.39,4.36,4.36,412000,0.0,0.0
1989-02-15,4.38,4.38,4.36,4.36,616000,0.0,0.0
1989-02-16,4.38,4.43,4.37,4.4,1117600,0.0,0.0
1989-02-17,4.42,4.42,4.4,4.42,525600,0.0,0.0
1989-02-21,4.42,4.42,4.34,4.37,771200,0.0,0.0
1989-02-22,4.37,4.37,4.28,4.3,1248000,0.0,0.0
1989-02-23,4.29,4.29,4.27,4.28,826400,0.0,0.0
1989-02-24,4.28,4.3,4.24,4.26,1028800,0.0,0.0
1989-02-27,4.28,4.28,4.24,4.26,202400,0.0,0.0
1989-02-28,4.3,4.31,4.28,4.31,548000,0.0,0.0
1989-03-01,4.32,4.34,4.32,4.33,712000,0.0,0.0
1989-03-02,4.34,4.38,4.34,4.38,1327200,0.0,0.0
1989-03-03,4.39,4.44,4.39,4.44,478400,0.0,0.0
1989-03-06,4.47,4.53,4.46,4.53,657600,0.0,0.0
1989-03-07,4.51,4.58,4.51,4.57,2044800,0.0,0.0
1989-03-08,4.57,4.58,4.55,4.55,1228800,0.0,0.0
1989-03-09,4.55,4.57,4.55,4.55,424000,0.0,0.0
1989-03-10,4.57,4.57,4.5,4.51,432800,0.0,0.0
1989-03-13,4.51,4.55,4.51,4.53,548800,0.0,0.0
1989-03-14,4.54,4.54,4.5,4.51,305600,0.0,0.0
1989-03-15,4.46,4.55,4.46,4.55,727600,0.0,2.0
1989-03-16,4.59,4.65,4.57,4.64,690400,0.0,0.0
1989-03-17,4.46,4.51,4.46,4.46,1008400,0.0,0.0
1989-03-20,4.45,4.46,4.35,4.38,756000,0.0,0.0
1989-03-21,4.38,4.39,4.34,4.35,935200,0.0,0.0
1989-03-22,4.35,4.36,4.32,4.35,631200,0.0,0.0
1989-03-23,4.35,4.38,4.32,4.32,564800,0.0,0.0
1989-03-27,4.32,4.39,4.3,4.39,467600,0.0,0.0
1989-03-28,4.38,4.4,4.35,4.39,526800,0.0,0.0
1989-03-29,4.38,4.47,4.38,4.47,449600,0.0,0.0
1989-03-30,4.46,4.49,4.42,4.46,813200,0.0,0.0
1989-03-31,4.49,4.5,4.47,4.49,764800,0.0,0.0
1989-04-03,4.46,4.51,4.43,4.5,1118800,0.0,0.0
1989-04-04,4.49,4.53,4.47,4.47,922800,0.0,0.0
1989-04-05,4.5,4.51,4.43,4.43,1935600,0.0,0.0
1989-04-06,4.43,4.46,4.39,4.45,1273600,0.0,0.0
1989-04-07,4.45,4.47,4.42,4.46,1141600,0.0,0.0
1989-04-10,4.43,4.45,4.38,4.38,575600,0.0,0.0
1989-04-11,4.35,4.39,4.34,4.38,1256400,0.0,0.0
1989-04-12,4.35,4.43,4.35,4.35,978000,0.0,0.0
1989-04-13,4.35,4.36,4.32,4.34,1155600,0.0,0.0
1989-04-14,4.38,4.46,4.35,4.46,785200,0.0,0.0
1989-04-17,4.46,4.49,4.42,4.46,1408400,0.0,0.0
1989-04-18,4.49,4.54,4.48,4.48,1056000,0.08125,0.0
1989-04-19,4.48,4.49,4.45,4.48,1891600,0.0,0.0
1989-04-20,4.48,4.49,4.41,4.41,688400,0.0,0.0
1989-04-21,4.44,4.48,4.44,4.45,711200,0.0,0.0
1989-04-24,4.48,4.48,4.33,4.38,2343600,0.0,0.0
1989-04-25,4.38,4.4,4.33,4.4,2842800,0.0,0.0
1989-04-26,4.37,4.4,4.37,4.4,722000,0.0,0.0
1989-04-27,4.4,4.48,4.38,4.47,530000,0.0,0.0
1989-04-28,4.48,4.51,4.48,4.51,915600,0.0,0.0
1989-05-01,4.48,4.48,4.45,4.48,471600,0.0,0.0
1989-05-02,4.51,4.56,4.49,4.51,1026400,0.0,0.0
1989-05-03,4.49,4.51,4.43,4.45,592000,0.0,0.0
1989-05-04,4.45,4.47,4.41,4.44,343600,0.0,0.0
1989-05-05,4.48,4.49,4.47,4.48,680000,0.0,0.0
1989-05-08,4.48,4.48,4.41,4.45,402400,0.0,0.0
1989-05-09,4.43,4.49,4.43,4.45,1389600,0.0,0.0
1989-05-10,4.44,4.47,4.43,4.44,496800,0.0,0.0
1989-05-11,4.47,4.52,4.45,4.52,1242400,0.0,0.0
1989-05-12,4.55,4.64,4.54,4.64,1869200,0.0,0.0
1989-05-15,4.66,4.71,4.64,4.71,859600,0.0,0.0
1989-05-16,4.71,4.73,4.67,4.7,618400,0.0,0.0
1989-05-17,4.69,4.81,4.66,4.78,507600,0.0,0.0
1989-05-18,4.78,4.86,4.75,4.8,439600,0.0,0.0
1989-05-19,4.82,4.93,4.81,4.92,626800,0.0,0.0
1989-05-22,4.93,4.93,4.89,4.92,1326400,0.0,0.0
1989-05-23,4.89,4.91,4.85,4.86,796800,0.0,0.0
1989-05-24,4.86,4.86,4.77,4.85,522000,0.0,0.0
1989-05-25,4.84,4.85,4.81,4.81,235200,0.0,0.0
1989-05-26,4.82,4.92,4.8,4.89,515600,0.0,0.0
1989-05-30,4.89,4.95,4.89,4.93,539200,0.0,0.0
1989-05-31,4.93,5.0,4.92,4.97,499600,0.0,0.0
1989-06-01,4.96,5.1,4.95,5.04,1330000,0.0,0.0
1989-06-02,5.11,5.14,5.06,5.08,362800,0.0,0.0
1989-06-05,5.11,5.14,5.03,5.04,512400,0.0,0.0
1989-06-06,5.03,5.04,4.85,4.93,933600,0.0,0.0
1989-06-07,4.93,4.95,4.89,4.92,878800,0.0,0.0
1989-06-08,4.95,4.95,4.84,4.89,460000,0.0,0.0
1989-06-09,4.89,4.89,4.78,4.78,535600,0.0,0.0
1989-06-12,4.81,4.82,4.74,4.82,639200,0.0,0.0
1989-06-13,4.84,4.84,4.75,4.81,468800,0.0,0.0
1989-06-14,4.86,4.86,4.77,4.8,832400,0.0,0.0
1989-06-15,4.8,4.8,4.66,4.66,763600,0.0,0.0
1989-06-16,4.6,4.74,4.6,4.71,1903600,0.0,0.0
1989-06-19,4.71,4.73,4.66,4.66,465600,0.0,0.0
1989-06-20,4.66,4.75,4.66,4.69,1671600,0.0,0.0
1989-06-21,4.71,4.74,4.67,4.67,1886800,0.0,0.0
1989-06-22,4.67,4.69,4.66,4.69,625200,0.0,0.0
1989-06-23,4.69,4.8,4.69,4.75,1316000,0.0,0.0
1989-06-26,4.77,4.91,4.77,4.91,861200,0.0,0.0
1989-06-27,4.92,4.99,4.91,4.96,962000,0.0,0.0
1989-06-28,4.96,4.99,4.89,4.92,207600,0.0,0.0
1989-06-29,4.92,4.92,4.81,4.81,671600,0.0,0.0
1989-06-30,4.84,4.91,4.78,4.86,1465200,0.0,0.0
1989-07-03,4.86,4.92,4.86,4.89,524000,0.0,0.0
1989-07-05,4.86,4.97,4.86,4.95,509600,0.0,0.0
1989-07-06,4.93,4.96,4.92,4.93,701600,0.0,0.0
1989-07-07,4.92,5.03,4.92,5.03,2151600,0.0,0.0
1989-07-10,5.03,5.03,4.99,5.0,420400,0.0,0.0
1989-07-11,5.04,5.07,5.0,5.07,960000,0.0,0.0
1989-07-12,5.1,5.1,5.04,5.08,962800,0.0,0.0
1989-07-13,5.08,5.11,5.07,5.08,1170000,0.0,0.0
1989-07-14,5.07,5.11,5.0,5.11,576800,0.0,0.0
1989-07-17,5.08,5.17,5.07,5.08,422000,0.0,0.0
1989-07-18,5.04,5.06,5.04,5.06,484000,0.08125,0.0
1989-07-19,5.09,5.11,5.05,5.09,1111600,0.0,0.0
1989-07-20,5.06,5.15,5.06,5.11,434000,0.0,0.0
1989-07-21,5.08,5.13,5.08,5.13,510800,0.0,0.0
1989-07-24,5.13,5.13,5.08,5.12,646800,0.0,0.0
1989-07-25,5.12,5.13,5.05,5.11,887200,0.0,0.0
1989-07-26,5.11,5.12,5.08,5.12,1399200,0.0,0.0
1989-07-27,5.16,5.22,5.13,5.15,826000,0.0,0.0
1989-07-28,5.17,5.17,5.09,5.11,653600,0.0,0.0
1989-07-31,5.12,5.2,5.12,5.2,1772400,0.0,0.0
1989-08-01,5.27,5.35,5.22,5.24,1398800,0.0,0.0
1989-08-02,5.24,5.31,5.19,5.3,623200,0.0,0.0
1989-08-03,5.3,5.41,5.3,5.38,456000,0.0,0.0
1989-08-04,5.37,5.38,5.24,5.3,3045200,0.0,0.0
1989-08-07,5.33,5.46,5.3,5.46,526800,0.0,0.0
1989-08-08,5.49,5.49,5.38,5.42,466800,0.0,0.0
1989-08-09,5.38,5.52,5.38,5.45,812800,0.0,0.0
1989-08-10,5.44,5.55,5.42,5.53,849200,0.0,0.0
1989-08-11,5.53,5.6,5.45,5.49,936800,0.0,0.0
1989-08-14,5.49,5.53,5.35,5.35,306400,0.0,0.0
1989-08-15,5.33,5.49,5.33,5.45,562800,0.0,0.0
1989-08-16,5.48,5.53,5.46,5.52,655600,0.0,0.0
1989-08-17,5.53,5.57,5.51,5.55,1343600,0.0,0.0
1989-08-18,5.52,5.6,5.52,5.6,438000,0.0,0.0
1989-08-21,5.6,5.62,5.55,5.57,602800,0.0,0.0
1989-08-22,5.56,5.59,5.51,5.55,1114000,0.0,0.0
1989-08-23,5.53,5.64,5.53,5.6,671200,0.0,0.0
1989-08-24,5.56,5.73,5.56,5.63,912000,0.0,0.0
1989-08-25,5.6,5.66,5.6,5.62,742400,0.0,0.0
1989-08-28,5.63,5.81,5.6,5.81,610400,0.0,0.0
1989-08-29,5.78,5.81,5.69,5.71,555600,0.0,0.0
1989-08-30,5.7,5.74,5.69,5.71,496800,0.0,0.0
1989-08-31,5.69,5.8,5.69,5.8,1063600,0.0,0.0
1989-09-01,5.82,5.88,5.78,5.88,446000,0.0,0.0
1989-09-05,5.91,5.92,5.78,5.8,322800,0.0,0.0
1989-09-06,5.78,5.78,5.74,5.75,1930000,0.0,0.0
1989-09-07,5.77,5.77,5.71,5.71,218000,0.0,0.0
1989-09-08,5.71,5.84,5.66,5.81,5799600,0.0,0.0
1989-09-11,5.81,5.81,5.69,5.7,1295200,0.0,0.0
1989-09-12,5.64,5.69,5.57,5.6,660400,0.0,0.0
1989-09-13,5.6,5.67,5.48,5.48,631200,0.0,0.0
1989-09-14,5.51,5.51,5.35,5.41,878000,0.0,0.0
1989-09-15,5.42,5.44,5.31,5.38,1178800,0.0,0.0
1989-09-18,5.4,5.41,5.35,5.41,285200,0.0,0.0
1989-09-19,5.42,5.46,5.41,5.44,573200,0.0,0.0
1989-09-20,5.41,5.41,5.35,5.37,376400,0.0,0.0
1989-09-21,5.41,5.41,5.31,5.37,423600,0.0,0.0
1989-09-22,5.4,5.4,5.35,5.4,644400,0.0,0.0
1989-09-25,5.4,5.41,5.38,5.4,700400,0.0,0.0
1989-09-26,5.4,5.42,5.37,5.37,513200,0.0,0.0
1989-09-27,5.37,5.44,5.37,5.41,963200,0.0,0.0
1989-09-28,5.41,5.49,5.41,5.49,392400,0.0,0.0
1989-09-29,5.55,5.55,5.44,5.51,427600,0.0,0.0
1989-10-02,5.53,5.53,5.51,5.52,240000,0.0,0.0
1989-10-03,5.55,5.59,5.52,5.56,588000,0.0,0.0
1989-10-04,5.57,5.63,5.56,5.63,898800,0.0,0.0
1989-10-05,5.63,5.71,5.63,5.71,611600,0.0,0.0
1989-10-06,5.7,5.75,5.67,5.73,668800,0.0,0.0
1989-10-09,5.74,5.74,5.73,5.74,197600,0.0,0.0
1989-10-10,5.71,5.74,5.71,5.74,464400,0.0,0.0
1989-10-11,5.75,5.75,5.71,5.74,302400,0.0,0.0
1989-10-12,5.71,5.74,5.66,5.66,486000,0.0,0.0
1989-10-13,5.64,5.69,5.33,5.34,520800,0.0,0.0
1989-10-16,5.35,5.56,5.22,5.56,1324800,0.0,0.0
1989-10-17,5.55,5.6,5.49,5.56,3459200,0.0,0.0
1989-10-18,5.56,5.61,5.56,5.56,222000,0.08125,0.0
1989-10-19,5.58,5.72,5.56,5.67,506400,0.0,0.0
1989-10-20,5.64,5.72,5.62,5.71,656400,0.0,0.0
1989-10-23,5.68,5.71,5.65,5.68,449200,0.0,0.0
1989-10-24,5.65,5.67,5.54,5.6,755600,0.0,0.0
1989-10-25,5.57,5.6,5.53,5.53,469600,0.0,0.0
1989-10-26,5.54,5.54,5.47,5.5,505200,0.0,0.0
1989-10-27,5.54,5.54,5.47,5.53,396000,0.0,0.0
1989-10-30,5.53,5.53,5.5,5.5,303200,0.0,0.0
1989-10-31,5.5,5.61,5.5,5.61,440400,0.0,0.0
1989-11-01,5.61,5.64,5.56,5.6,340800,0.0,0.0
1989-11-02,5.62,5.62,5.51,5.51,978800,0.0,0.0
1989-11-03,5.47,5.53,5.47,5.5,636000,0.0,0.0
1989-11-06,5.44,5.47,5.39,5.42,1000800,0.0,0.0
1989-11-07,5.4,5.4,5.33,5.39,978400,0.0,0.0
1989-11-08,5.39,5.51,5.36,5.44,1149600,0.0,0.0
1989-11-09,5.44,5.44,5.31,5.32,1962000,0.0,0.0
1989-11-10,5.32,5.33,5.25,5.25,614400,0.0,0.0
1989-11-13,5.22,5.25,5.14,5.15,928000,0.0,0.0
1989-11-14,5.11,5.14,5.0,5.03,1662400,0.0,0.0
1989-11-15,5.03,5.08,5.03,5.04,840800,0.0,0.0
1989-11-16,5.07,5.1,5.04,5.06,1652800,0.0,0.0
1989-11-17,5.06,5.12,5.06,5.1,898400,0.0,0.0
1989-11-20,5.11,5.11,5.04,5.07,786000,0.0,0.0
1989-11-21,5.06,5.1,5.01,5.06,866800,0.0,0.0
1989-11-22,5.08,5.11,5.03,5.07,580000,0.0,0.0
1989-11-24,5.1,5.11,5.08,5.1,223200,0.0,0.0
1989-11-27,5.11,5.17,5.11,5.17,474800,0.0,0.0
1989-11-28,5.12,5.14,5.07,5.12,1388800,0.0,0.0
1989-11-29,5.12,5.17,5.07,5.07,790400,0.0,0.0
1989-11-30,5.06,5.11,5.06,5.08,480800,0.0,0.0
1989-12-01,5.06,5.18,5.06,5.1,1089600,0.0,0.0
1989-12-04,5.07,5.12,5.07,5.11,324400,0.0,0.0
1989-12-05,5.11,5.11,4.97,4.97,2134400,0.0,0.0
1989-12-06,4.94,4.99,4.93,4.97,1489600,0.0,0.0
1989-12-07,5.0,5.0,4.92,4.97,489600,0.0,0.0
1989-12-08,5.0,5.0,4.85,4.85,1576000,0.0,0.0
1989-12-11,4.82,4.83,4.71,4.72,1687600,0.0,0.0
1989-12-12,4.72,4.83,4.67,4.83,1818000,0.0,0.0
1989-12-13,4.82,4.94,4.69,4.76,1768000,0.0,0.0
1989-12-14,4.76,4.81,4.64,4.67,1221600,0.0,0.0
1989-12-15,4.72,4.72,4.57,4.68,1434000,0.0,0.0
1989-12-18,4.71,4.78,4.65,4.71,484400,0.0,0.0
1989-12-19,4.74,4.75,4.67,4.75,1323600,0.0,0.0
1989-12-20,4.75,4.75,4.69,4.72,1305200,0.0,0.0
1989-12-21,4.75,4.76,4.69,4.71,1188800,0.0,0.0
1989-12-22,4.69,4.83,4.69,4.83,396400,0.0,0.0
1989-12-26,4.83,4.87,4.78,4.85,230800,0.0,0.0
1989-12-27,4.83,4.9,4.81,4.89,416800,0.0,0.0
1989-12-28,4.87,4.94,4.87,4.94,936000,0.0,0.0
1989-12-29,4.94,4.96,4.93,4.96,490000,0.0,0.0
1990-01-02,4.96,5.04,4.94,5.03,2098800,0.0,0.0
1990-01-03,5.03,5.14,5.03,5.12,1695600,0.0,0.0
1990-01-04,5.15,5.19,5.11,5.14,1215200,0.0,0.0
1990-01-05,5.12,5.12,5.06,5.1,603600,0.0,0.0
1990-01-08,5.08,5.1,4.96,4.99,877200,0.0,0.0
1990-01-09,4.99,5.01,4.82,4.9,846000,0.0,0.0
1990-01-10,4.89,4.89,4.81,4.86,1776000,0.0,0.0
1990-01-11,4.89,4.97,4.89,4.96,1141200,0.0,0.0
1990-01-12,4.93,4.94,4.87,4.89,1321200,0.0,0.0
1990-01-15,4.87,4.9,4.85,4.86,1242400,0.0,0.0
1990-01-16,4.83,4.96,4.82,4.96,864400,0.08875,0.0
1990-01-17,4.94,4.98,4.9,4.94,760800,0.0,0.0
1990-01-18,4.9,4.97,4.9,4.96,883600,0.0,0.0
1990-01-19,4.97,5.01,4.97,4.98,1505200,0.0,0.0
1990-01-22,4.96,4.98,4.91,4.93,442000,0.0,0.0
1990-01-23,4.94,4.94,4.89,4.9,2143600,0.0,0.0
1990-01-24,4.9,4.96,4.76,4.94,802400,0.0,0.0
1990-01-25,4.97,4.98,4.91,4.91,1308000,0.0,0.0
1990-01-26,4.9,4.94,4.89,4.93,700400,0.0,0.0
1990-01-29,4.93,4.98,4.91,4.94,413200,0.0,0.0
1990-01-30,4.97,4.98,4.91,4.96,1208400,0.0,0.0
1990-01-31,4.94,5.07,4.91,5.07,1458800,0.0,0.0
1990-02-01,5.04,5.04,4.93,4.94,695200,0.0,0.0
1990-02-02,4.9,4.93,4.9,4.91,1576400,0.0,0.0
1990-02-05,4.93,4.94,4.91,4.93,360800,0.0,0.0
1990-02-06,4.91,4.94,4.9,4.94,1595600,0.0,0.0
1990-02-07,4.91,4.96,4.9,4.94,1210400,0.0,0.0
1990-02-08,4.93,4.96,4.91,4.93,1701600,0.0,0.0
1990-02-09,4.93,4.94,4.91,4.93,1057600,0.0,0.0
1990-02-12,4.93,4.93,4.89,4.89,658400,0.0,0.0
1990-02-13,4.87,4.89,4.76,4.77,906800,0.0,0.0
1990-02-14,4.77,4.77,4.68,4.69,1239600,0.0,0.0
1990-02-15,4.72,4.9,4.65,4.9,2294000,0.0,0.0
1990-02-16,4.9,5.01,4.9,4.97,464400,0.0,0.0
1990-02-20,4.87,4.94,4.87,4.91,568400,0.0,0.0
1990-02-21,4.82,4.97,4.82,4.9,429600,0.0,0.0
1990-02-22,4.93,5.01,4.91,4.93,887600,0.0,0.0
1990-02-23,4.94,4.98,4.9,4.91,416800,0.0,0.0
1990-02-26,4.93,5.01,4.89,4.98,780800,0.0,0.0
1990-02-27,4.96,5.01,4.94,5.0,1176000,0.0,0.0
1990-02-28,5.03,5.08,5.01,5.07,404000,0.0,0.0
1990-03-01,5.04,5.08,5.03,5.05,549600,0.0,0.0
1990-03-02,5.1,5.12,5.08,5.12,315200,0.0,0.0
1990-03-05,5.08,5.18,5.08,5.14,1141200,0.0,0.0
1990-03-06,5.15,5.21,5.15,5.21,472400,0.0,0.0
1990-03-07,5.18,5.25,5.18,5.25,736000,0.0,0.0
1990-03-08,5.26,5.47,5.26,5.45,998000,0.0,0.0
1990-03-09,5.43,5.43,5.26,5.35,780400,0.0,0.0
1990-03-12,5.29,5.39,5.29,5.38,630400,0.0,0.0
1990-03-13,5.38,5.4,5.33,5.38,536000,0.0,0.0
1990-03-14,5.35,5.39,5.35,5.39,610000,0.0,0.0
1990-03-15,5.38,5.39,5.35,5.38,436800,0.0,0.0
1990-03-16,5.45,5.45,5.35,5.4,611200,0.0,0.0
1990-03-19,5.35,5.39,5.32,5.35,253600,0.0,0.0
1990-03-20,5.29,5.35,5.28,5.31,820800,0.0,0.0
1990-03-21,5.31,5.4,5.29,5.29,303200,0.0,0.0
1990-03-22,5.29,5.33,5.15,5.17,782000,0.0,0.0
1990-03-23,5.19,5.19,5.18,5.19,499200,0.0,0.0
1990-03-26,5.22,5.25,5.19,5.22,913600,0.0,0.0
1990-03-27,5.24,5.43,5.21,5.42,379600,0.0,0.0
1990-03-28,5.38,5.4,5.35,5.38,346800,0.0,0.0
1990-03-29,5.38,5.38,5.26,5.35,544000,0.0,0.0
1990-03-30,5.35,5.35,5.21,5.31,576000,0.0,0.0
1990-04-02,5.25,5.31,5.19,5.29,603200,0.0,0.0
1990-04-03,5.26,5.49,5.26,5.49,567600,0.0,0.0
1990-04-04,5.47,5.49,5.43,5.46,585600,0.0,0.0
1990-04-05,5.49,5.5,5.42,5.49,506000,0.0,0.0
1990-04-06,5.49,5.53,5.46,5.53,232000,0.0,0.0
1990-04-09,5.5,5.53,5.43,5.47,270800,0.0,0.0
1990-04-10,5.45,5.46,5.42,5.43,289600,0.0,0.0
1990-04-11,5.43,5.5,5.42,5.5,306800,0.0,0.0
1990-04-12,5.49,5.53,5.49,5.5,444800,0.0,0.0
1990-04-16,5.52,5.57,5.5,5.5,622000,0.0,0.0
1990-04-17,5.47,5.59,5.46,5.59,414400,0.0,0.0
1990-04-18,5.59,5.59,5.52,5.52,434400,0.0,0.0
1990-04-19,5.52,5.52,5.33,5.33,670800,0.0,0.0
1990-04-20,5.35,5.35,5.22,5.3,646000,0.08875,0.0
1990-04-23,5.28,5.28,5.12,5.16,1088000,0.0,0.0
1990-04-24,5.18,5.23,5.05,5.11,1214400,0.0,0.0
1990-04-25,5.11,5.18,5.11,5.13,406800,0.0,0.0
1990-04-26,5.13,5.13,5.02,5.11,619200,0.0,0.0
1990-04-27,5.12,5.13,4.97,5.01,1034400,0.0,0.0
1990-04-30,5.01,5.25,4.98,5.25,632400,0.0,0.0
1990-05-01,5.23,5.26,5.16,5.25,651600,0.0,0.0
1990-05-02,5.26,5.29,5.23,5.26,393200,0.0,0.0
1990-05-03,5.28,5.33,5.21,5.26,690800,0.0,0.0
1990-05-04,5.29,5.35,5.26,5.35,453600,0.0,0.0
1990-05-07,5.35,5.45,5.33,5.39,313200,0.0,0.0
1990-05-08,5.36,5.47,5.36,5.47,182000,0.0,0.0
1990-05-09,5.45,5.46,5.33,5.37,558800,0.0,0.0
1990-05-10,5.39,5.42,5.39,5.39,329600,0.0,0.0
1990-05-11,5.4,5.52,5.36,5.49,945600,0.0,0.0
1990-05-14,5.53,5.59,5.53,5.56,1121200,0.0,0.0
1990-05-15,5.52,5.59,5.49,5.5,550800,0.0,0.0
1990-05-16,5.5,5.59,5.49,5.52,466000,0.0,0.0
1990-05-17,5.53,5.57,5.52,5.52,542400,0.0,0.0
1990-05-18,5.49,5.6,5.49,5.57,701600,0.0,0.0
1990-05-21,5.57,5.6,5.56,5.59,659200,0.0,0.0
1990-05-22,5.61,5.76,5.56,5.74,629600,0.0,0.0
1990-05-23,5.76,5.81,5.7,5.8,425200,0.0,0.0
1990-05-24,5.8,5.83,5.76,5.8,879600,0.0,0.0
1990-05-25,5.73,5.74,5.64,5.64,423200,0.0,0.0
1990-05-29,5.67,5.7,5.63,5.7,479600,0.0,0.0
1990-05-30,5.69,5.74,5.61,5.64,895200,0.0,0.0
1990-05-31,5.63,5.64,5.59,5.6,481600,0.0,0.0
1990-06-01,5.61,5.66,5.6,5.66,1645200,0.0,0.0
1990-06-04,5.64,5.67,5.63,5.66,698400,0.0,0.0
1990-06-05,5.64,5.73,5.64,5.71,843200,0.0,0.0
1990-06-06,5.66,5.78,5.64,5.74,560000,0.0,0.0
1990-06-07,5.77,5.81,5.77,5.81,434400,0.0,0.0
1990-06-08,5.8,5.87,5.67,5.67,502400,0.0,0.0
1990-06-11,5.67,5.71,5.67,5.7,345600,0.0,0.0
1990-06-12,5.73,5.92,5.73,5.91,525600,0.0,0.0
1990-06-13,5.92,5.94,5.85,5.88,362400,0.0,0.0
1990-06-14,5.91,5.91,5.83,5.85,293200,0.0,0.0
1990-06-15,5.7,5.77,5.7,5.74,899600,0.0,0.0
1990-06-18,5.7,5.7,5.64,5.66,998400,0.0,0.0
1990-06-19,5.64,5.73,5.64,5.69,672800,0.0,0.0
1990-06-20,5.67,5.7,5.63,5.69,366000,0.0,0.0
1990-06-21,5.7,5.84,5.66,5.84,417200,0.0,0.0
1990-06-22,5.84,5.97,5.8,5.8,526400,0.0,0.0
1990-06-25,5.8,5.8,5.63,5.64,599200,0.0,0.0
1990-06-26,5.67,5.78,5.67,5.71,911200,0.0,0.0
1990-06-27,5.7,5.76,5.7,5.73,926400,0.0,0.0
1990-06-28,5.74,5.92,5.73,5.9,792000,0.0,0.0
1990-06-29,5.87,5.94,5.87,5.91,984400,0.0,0.0
1990-07-02,5.88,5.91,5.87,5.9,846800,0.0,0.0
1990-07-03,5.88,6.01,5.88,5.98,879600,0.0,0.0
1990-07-05,5.98,5.98,5.9,5.92,420800,0.0,0.0
1990-07-06,5.88,6.0,5.87,5.98,375200,0.0,0.0
1990-07-09,5.98,6.08,5.92,6.04,509200,0.0,0.0
1990-07-10,6.04,6.15,6.02,6.08,540000,0.0,0.0
1990-07-11,6.14,6.24,6.12,6.21,862000,0.0,0.0
1990-07-12,6.21,6.4,6.19,6.4,434000,0.0,0.0
1990-07-13,6.43,6.52,6.42,6.5,1180800,0.0,0.0
1990-07-16,6.49,6.5,6.32,6.49,1171200,0.0,0.0
1990-07-17,6.5,6.5,6.29,6.4,388400,0.08875,0.0
1990-07-18,6.33,6.33,6.22,6.32,353600,0.0,0.0
1990-07-19,6.29,6.32,6.25,6.27,777600,0.0,0.0
1990-07-20,6.22,6.29,6.2,6.23,544800,0.0,0.0
1990-07-23,6.2,6.2,6.08,6.1,565200,0.0,0.0
1990-07-24,6.08,6.08,5.83,5.95,866000,0.0,0.0
1990-07-25,5.91,6.16,5.91,6.15,674400,0.0,0.0
1990-07-26,6.15,6.17,6.06,6.13,700000,0.0,0.0
1990-07-27,6.09,6.13,6.09,6.13,285600,0.0,0.0
1990-07-30,6.1,6.1,5.98,6.02,1653600,0.0,0.0
1990-07-31,6.02,6.06,5.95,5.99,1006800,0.0,0.0
1990-08-01,5.99,6.0,5.91,5.92,766400,0.0,0.0
1990-08-02,5.88,5.88,5.75,5.82,689200,0.0,0.0
1990-08-03,5.79,5.81,5.51,5.68,1106400,0.0,0.0
1990-08-06,5.39,5.42,5.34,5.41,1048800,0.0,0.0
1990-08-07,5.46,5.51,5.28,5.29,637200,0.0,0.0
1990-08-08,5.34,5.56,5.22,5.51,697600,0.0,0.0
1990-08-09,5.55,5.56,5.48,5.54,580400,0.0,0.0
1990-08-10,5.48,5.52,5.35,5.35,611200,0.0,0.0
1990-08-13,5.28,5.37,5.27,5.35,706000,0.0,0.0
1990-08-14,5.35,5.37,5.28,5.34,628800,0.0,0.0
1990-08-15,5.32,5.35,5.28,5.29,688400,0.0,0.0
1990-08-16,5.31,5.32,5.2,5.2,564400,0.0,0.0
1990-08-17,5.14,5.2,5.12,5.2,1050000,0.0,0.0
1990-08-20,5.15,5.18,5.15,5.17,236000,0.0,0.0
1990-08-21,5.11,5.17,5.0,5.17,1068400,0.0,0.0
1990-08-22,5.14,5.14,5.0,5.0,1118400,0.0,0.0
1990-08-23,4.71,4.88,4.71,4.88,1133200,0.0,0.0
1990-08-24,4.88,5.07,4.85,5.07,1121600,0.0,0.0
1990-08-27,5.12,5.18,5.08,5.17,1112400,0.0,0.0
1990-08-28,5.17,5.2,5.14,5.18,645200,0.0,0.0
1990-08-29,5.15,5.15,5.1,5.11,1062400,0.0,0.0
1990-08-30,5.0,5.0,4.74,4.77,1475600,0.0,0.0
1990-08-31,4.76,4.77,4.71,4.76,876400,0.0,0.0
1990-09-04,4.74,4.74,4.63,4.7,752400,0.0,0.0
1990-09-05,4.7,4.7,4.66,4.68,840400,0.0,0.0
1990-09-06,4.68,4.7,4.66,4.67,560800,0.0,0.0
1990-09-07,4.64,4.67,4.54,4.54,1032400,0.0,0.0
1990-09-10,4.58,4.66,4.54,4.6,935600,0.0,0.0
1990-09-11,4.58,4.58,4.5,4.51,2179200,0.0,0.0
1990-09-12,4.49,4.53,4.47,4.53,2683600,0.0,0.0
1990-09-13,4.53,4.56,4.53,4.56,694800,0.0,0.0
1990-09-14,4.56,4.66,4.56,4.66,1008000,0.0,0.0
1990-09-17,4.63,4.64,4.6,4.64,384000,0.0,0.0
1990-09-18,4.61,4.61,4.54,4.6,1361600,0.0,0.0
1990-09-19,4.6,4.61,4.54,4.61,974000,0.0,0.0
1990-09-20,4.56,4.56,4.49,4.5,1928000,0.0,0.0
1990-09-21,4.51,4.51,4.43,4.46,2354800,0.0,0.0
1990-09-24,4.41,4.41,4.27,4.27,1144000,0.0,0.0
1990-09-25,4.26,4.37,4.24,4.37,1714000,0.0,0.0
1990-09-26,4.36,4.37,4.33,4.37,611600,0.0,0.0
1990-09-27,4.39,4.39,4.29,4.34,843200,0.0,0.0
1990-09-28,4.33,4.36,4.26,4.34,1403200,0.0,0.0
1990-10-01,4.36,4.41,4.29,4.39,1031200,0.0,0.0
1990-10-02,4.54,4.54,4.4,4.4,1546800,0.0,0.0
1990-10-03,4.41,4.44,4.39,4.43,448400,0.0,0.0
1990-10-04,4.43,4.43,4.19,4.19,2436400,0.0,0.0
1990-10-05,4.13,4.16,4.09,4.09,1051600,0.0,0.0
1990-10-08,4.1,4.17,4.1,4.16,140800,0.0,0.0
1990-10-09,4.16,4.16,4.13,4.13,636000,0.0,0.0
1990-10-10,4.1,4.1,3.86,3.92,1794800,0.0,0.0
1990-10-11,3.97,4.0,3.75,3.8,1377200,0.0,0.0
1990-10-12,3.82,3.89,3.72,3.88,1458000,0.0,0.0
1990-10-15,3.89,4.02,3.85,3.88,1105200,0.0,0.0
1990-10-16,3.88,3.93,3.88,3.92,1341200,0.0,0.0
1990-10-17,3.92,3.97,3.9,3.93,1877600,0.0,0.0
1990-10-18,3.93,4.03,3.93,4.03,1120800,0.08875,0.0
1990-10-19,4.26,4.26,4.16,4.22,1125600,0.0,0.0
1990-10-22,4.22,4.33,4.22,4.27,540800,0.0,0.0
1990-10-23,4.27,4.27,4.17,4.17,612800,0.0,0.0
1990-10-24,4.07,4.09,3.99,4.09,902400,0.0,0.0
1990-10-25,4.04,4.19,4.03,4.12,784800,0.0,0.0
1990-10-26,4.1,4.12,4.03,4.04,636800,0.0,0.0
1990-10-29,4.02,4.09,4.02,4.04,1000400,0.0,0.0
1990-10-30,4.0,4.07,4.0,4.03,605600,0.0,0.0
1990-10-31,4.04,4.06,4.03,4.04,983200,0.0,0.0
1990-11-01,4.03,4.1,4.03,4.07,695200,0.0,0.0
1990-11-02,4.16,4.17,4.1,4.17,1244400,0.0,0.0
1990-11-05,4.17,4.26,4.17,4.23,654000,0.0,0.0
1990-11-06,4.2,4.26,4.2,4.23,1154400,0.0,0.0
1990-11-07,4.23,4.23,4.1,4.13,886000,0.0,0.0
1990-11-08,4.13,4.19,4.09,4.1,822000,0.0,0.0
1990-11-09,4.1,4.14,4.09,4.14,2156400,0.0,0.0
1990-11-12,4.17,4.27,4.16,4.25,637600,0.0,0.0
1990-11-13,4.25,4.39,4.25,4.32,1449200,0.0,0.0
1990-11-14,4.33,4.47,4.32,4.46,984000,0.0,0.0
1990-11-15,4.4,4.58,4.39,4.56,1066000,0.0,0.0
1990-11-16,4.56,4.58,4.43,4.49,576400,0.0,0.0
1990-11-19,4.47,4.5,4.39,4.5,744000,0.0,0.0
1990-11-20,4.47,4.47,4.39,4.42,875600,0.0,0.0
1990-11-21,4.42,4.45,4.36,4.45,484400,0.0,0.0
1990-11-23,4.42,4.46,4.4,4.42,304800,0.0,0.0
1990-11-26,4.42,4.5,4.4,4.47,351200,0.0,0.0
1990-11-27,4.47,4.55,4.47,4.52,795200,0.0,0.0
1990-11-28,4.53,4.58,4.47,4.47,444000,0.0,0.0
1990-11-29,4.45,4.49,4.37,4.39,368000,0.0,0.0
1990-11-30,4.36,4.53,4.3,4.37,823600,0.0,0.0
1990-12-03,4.42,4.59,4.4,4.58,748400,0.0,0.0
1990-12-04,4.58,4.59,4.47,4.53,614800,0.0,0.0
1990-12-05,4.5,4.73,4.5,4.72,932000,0.0,0.0
1990-12-06,5.11,5.11,4.79,4.79,2238000,0.0,0.0
1990-12-07,4.53,4.55,4.45,4.46,2015600,0.0,0.0
1990-12-10,4.46,4.56,4.46,4.56,872400,0.0,0.0
1990-12-11,4.52,4.65,4.52,4.6,1031600,0.0,0.0
1990-12-12,4.59,4.79,4.58,4.79,731600,0.0,0.0
1990-12-13,4.76,4.78,4.7,4.73,436000,0.0,0.0
1990-12-14,4.68,4.69,4.59,4.66,1071600,0.0,0.0
1990-12-17,4.62,4.73,4.6,4.7,542800,0.0,0.0
1990-12-18,4.72,4.88,4.66,4.85,694400,0.0,0.0
1990-12-19,4.8,4.85,4.72,4.73,828800,0.0,0.0
1990-12-20,4.73,4.83,4.7,4.82,1499600,0.0,0.0
1990-12-21,4.93,4.93,4.8,4.85,1051200,0.0,0.0
1990-12-24,4.88,4.88,4.78,4.82,454400,0.0,0.0
1990-12-26,4.83,4.83,4.78,4.78,284000,0.0,0.0
1990-12-27,4.79,4.8,4.66,4.66,392400,0.0,0.0
1990-12-28,4.66,4.69,4.66,4.69,345600,0.0,0.0
1990-12-31,4.7,4.82,4.6,4.82,390800,0.0,0.0
1991-01-02,4.76,4.86,4.73,4.76,544400,0.0,0.0
1991-01-03,4.78,4.78,4.56,4.58,894400,0.0,0.0
1991-01-04,4.59,4.7,4.59,4.69,698000,0.0,0.0
1991-01-07,4.63,4.69,4.6,4.6,258800,0.0,0.0
1991-01-08,4.63,4.7,4.59,4.69,888800,0.0,0.0
1991-01-09,4.72,4.76,4.59,4.62,1251600,0.0,0.0
1991-01-10,4.66,4.66,4.47,4.47,870800,0.0,0.0
1991-01-11,4.47,4.65,4.47,4.65,509600,0.0,0.0
1991-01-14,4.59,4.69,4.59,4.68,1050000,0.0,0.0
1991-01-15,4.72,4.73,4.7,4.73,737200,0.09,0.0
1991-01-16,4.73,4.75,4.67,4.69,871600,0.0,0.0
1991-01-17,4.86,4.95,4.77,4.77,1462400,0.0,0.0
1991-01-18,4.8,4.96,4.8,4.96,1362000,0.0,0.0
1991-01-21,4.89,5.14,4.86,5.12,728400,0.0,0.0
1991-01-22,5.09,5.18,5.05,5.06,596000,0.0,0.0
1991-01-23,5.02,5.17,5.02,5.17,399600,0.0,0.0
1991-01-24,5.22,5.3,5.12,5.17,1140400,0.0,0.0
1991-01-25,5.17,5.17,5.04,5.05,638000,0.0,0.0
1991-01-28,5.01,5.02,4.92,4.98,328800,0.0,0.0
1991-01-29,4.95,5.17,4.91,5.15,969200,0.0,0.0
1991-01-30,5.18,5.35,5.18,5.21,1890800,0.0,0.0
1991-01-31,5.21,5.3,5.19,5.3,1159600,0.0,0.0
1991-02-01,5.31,5.31,5.19,5.24,943600,0.0,0.0
1991-02-04,5.27,5.35,5.18,5.35,573200,0.0,0.0
1991-02-05,5.32,5.46,5.32,5.41,998400,0.0,0.0
1991-02-06,5.4,5.61,5.38,5.61,499600,0.0,0.0
1991-02-07,5.66,5.73,5.54,5.61,760000,0.0,0.0
1991-02-08,5.67,5.67,5.57,5.64,754800,0.0,0.0
1991-02-11,5.66,5.77,5.63,5.77,562800,0.0,0.0
1991-02-12,5.67,5.77,5.67,5.72,1625600,0.0,0.0
1991-02-13,5.73,5.73,5.6,5.69,642400,0.0,0.0
1991-02-14,5.69,5.73,5.61,5.66,867600,0.0,0.0
1991-02-15,5.69,5.72,5.61,5.67,536400,0.0,0.0
1991-02-19,5.64,5.67,5.56,5.61,501200,0.0,0.0
1991-02-20,5.61,5.61,5.5,5.6,752800,0.0,0.0
1991-02-21,5.61,5.63,5.43,5.43,771600,0.0,0.0
1991-02-22,5.44,5.53,5.41,5.47,2047200,0.0,0.0
1991-02-25,5.56,5.59,5.5,5.53,800400,0.0,0.0
1991-02-26,5.53,5.56,5.48,5.56,402400,0.0,0.0
1991-02-27,5.48,5.56,5.48,5.51,596800,0.0,0.0
1991-02-28,5.53,5.64,5.53,5.6,519200,0.0,0.0
1991-03-01,5.59,5.73,5.59,5.73,536400,0.0,0.0
1991-03-04,5.73,5.77,5.67,5.7,536400,0.0,0.0
1991-03-05,5.73,5.79,5.7,5.77,544400,0.0,0.0
1991-03-06,5.85,5.9,5.8,5.83,865200,0.0,0.0
1991-03-07,5.86,5.96,5.8,5.92,486000,0.0,0.0
1991-03-08,5.95,5.99,5.85,5.87,286400,0.0,0.0
1991-03-11,5.8,5.85,5.73,5.85,345600,0.0,0.0
1991-03-12,5.82,5.85,5.74,5.77,270800,0.0,0.0
1991-03-13,5.74,5.77,5.7,5.73,414800,0.0,0.0
1991-03-14,5.74,5.8,5.69,5.74,521200,0.0,0.0
1991-03-15,5.79,5.83,5.74,5.83,744400,0.0,0.0
1991-03-18,5.8,5.82,5.69,5.73,386000,0.0,0.0
1991-03-19,5.64,5.72,5.64,5.67,348000,0.0,0.0
1991-03-20,5.64,5.77,5.64,5.7,1201200,0.0,0.0
1991-03-21,5.67,5.87,5.67,5.79,941200,0.0,0.0
1991-03-22,5.76,5.8,5.74,5.79,650400,0.0,0.0
1991-03-25,5.77,5.85,5.77,5.82,635600,0.0,0.0
1991-03-26,5.82,6.08,5.82,6.08,552000,0.0,0.0
1991-03-27,6.16,6.25,6.14,6.25,729600,0.0,0.0
1991-03-28,6.22,6.25,6.11,6.12,634000,0.0,0.0
1991-04-01,6.12,6.16,6.05,6.08,1032000,0.0,0.0
1991-04-02,5.99,5.99,5.87,5.99,1219600,0.0,0.0
1991-04-03,6.0,6.03,5.95,5.95,1139600,0.0,0.0
1991-04-04,5.96,6.14,5.96,6.14,854400,0.0,0.0
1991-04-05,6.12,6.12,5.96,6.0,594800,0.0,0.0
1991-04-08,6.0,6.0,5.87,5.99,405600,0.0,0.0
1991-04-09,5.99,6.03,5.96,5.99,588400,0.0,0.0
1991-04-10,5.96,6.02,5.96,6.0,631600,0.0,0.0
1991-04-11,6.02,6.22,6.0,6.15,626400,0.0,0.0
1991-04-12,6.18,6.22,6.11,6.14,769200,0.0,0.0
1991-04-15,6.08,6.09,5.9,5.93,710800,0.0,0.0
1991-04-16,5.85,5.89,5.7,5.89,1755200,0.0,0.0
1991-04-17,5.9,6.02,5.9,6.02,1070000,0.0,0.0
1991-04-18,6.05,6.15,6.02,6.11,752000,0.0,0.0
1991-04-19,6.08,6.16,6.08,6.12,416000,0.09,0.0
1991-04-22,6.1,6.13,6.05,6.09,425200,0.0,0.0
1991-04-23,6.12,6.15,5.93,5.94,815200,0.0,0.0
1991-04-24,5.92,5.94,5.9,5.94,811200,0.0,0.0
1991-04-25,5.94,5.96,5.74,5.74,1367200,0.0,0.0
1991-04-26,5.65,5.78,5.65,5.78,830000,0.0,0.0
1991-04-29,5.78,5.83,5.68,5.68,726800,0.0,0.0
1991-04-30,5.65,5.75,5.65,5.65,1006000,0.0,0.0
1991-05-01,5.68,5.74,5.67,5.71,1086400,0.0,0.0
1991-05-02,5.77,5.77,5.71,5.75,457200,0.0,0.0
1991-05-03,5.71,5.74,5.68,5.7,889600,0.0,0.0
1991-05-06,5.67,5.71,5.67,5.71,436000,0.0,0.0
1991-05-07,5.7,5.75,5.7,5.71,353600,0.0,0.0
1991-05-08,5.71,5.74,5.68,5.7,389600,0.0,0.0
1991-05-09,5.71,5.87,5.71,5.81,431200,0.0,0.0
1991-05-10,5.8,5.84,5.77,5.77,296800,0.0,0.0
1991-05-13,5.78,5.83,5.77,5.83,384400,0.0,0.0
1991-05-14,5.83,5.83,5.77,5.77,418800,0.0,0.0
1991-05-15,5.74,5.75,5.67,5.7,377600,0.0,0.0
1991-05-16,5.74,5.8,5.68,5.75,600000,0.0,0.0
1991-05-17,5.75,5.75,5.65,5.74,870000,0.0,0.0
1991-05-20,5.71,5.71,5.64,5.64,390800,0.0,0.0
1991-05-21,5.65,5.71,5.59,5.64,958000,0.0,0.0
1991-05-22,5.64,5.65,5.61,5.61,586800,0.0,0.0
1991-05-23,5.64,5.67,5.59,5.61,672400,0.0,0.0
1991-05-24,5.62,5.67,5.62,5.65,716400,0.0,0.0
1991-05-28,5.64,5.89,5.64,5.89,1264400,0.0,0.0
1991-05-29,5.89,6.03,5.84,5.87,667600,0.0,0.0
1991-05-30,5.89,6.05,5.89,5.97,954400,0.0,0.0
1991-05-31,6.0,6.37,5.99,6.35,1168000,0.0,0.0
1991-06-03,6.38,6.44,6.18,6.21,661600,0.0,0.0
1991-06-04,6.18,6.19,6.06,6.19,604400,0.0,0.0
1991-06-05,6.21,6.22,6.16,6.19,396800,0.0,0.0
1991-06-06,6.18,6.21,6.12,6.12,924800,0.0,0.0
1991-06-07,6.12,6.18,6.08,6.12,676400,0.0,0.0
1991-06-10,6.12,6.22,6.12,6.18,426000,0.0,0.0
1991-06-11,6.18,6.21,6.13,6.18,296400,0.0,0.0
1991-06-12,6.16,6.16,5.94,5.94,1055600,0.0,0.0
1991-06-13,5.92,6.0,5.92,5.97,663200,0.0,0.0
1991-06-14,5.93,5.96,5.87,5.94,448800,0.0,0.0
1991-06-17,5.94,5.94,5.87,5.87,334400,0.0,0.0
1991-06-18,5.87,6.02,5.81,5.84,702400,0.0,0.0
1991-06-19,5.83,5.86,5.74,5.77,476800,0.0,0.0
1991-06-20,5.77,5.8,5.65,5.65,465200,0.0,0.0
1991-06-21,5.71,5.89,5.71,5.89,582000,0.0,0.0
1991-06-24,5.83,5.86,5.68,5.7,200400,0.0,0.0
1991-06-25,5.71,5.8,5.71,5.73,331600,0.0,0.0
1991-06-26,5.7,5.74,5.68,5.68,560000,0.0,0.0
1991-06-27,5.7,5.75,5.67,5.74,885200,0.0,0.0
1991-06-28,5.68,5.7,5.59,5.65,524400,0.0,0.0
1991-07-01,5.65,5.73,5.62,5.64,1133200,0.0,0.0
1991-07-02,5.64,5.68,5.61,5.68,390000,0.0,0.0
1991-07-03,5.62,5.62,5.55,5.59,2989600,0.0,0.0
1991-07-05,5.61,5.62,5.59,5.62,243600,0.0,0.0
1991-07-08,5.59,5.61,5.51,5.51,885200,0.0,0.0
1991-07-09,5.52,5.59,5.51,5.57,727200,0.0,0.0
1991-07-10,5.59,5.65,5.59,5.59,519600,0.0,0.0
1991-07-11,5.62,5.77,5.57,5.77,597600,0.0,0.0
1991-07-12,5.83,5.83,5.64,5.73,663200,0.0,0.0
1991-07-15,5.75,5.75,5.7,5.73,312400,0.0,0.0
1991-07-16,5.75,5.75,5.67,5.67,395200,0.0,0.0
1991-07-17,5.69,5.77,5.69,5.72,420800,0.09,0.0
1991-07-18,5.75,5.86,5.71,5.8,504800,0.0,0.0
1991-07-19,5.8,5.84,5.75,5.75,411600,0.0,0.0
1991-07-22,5.78,5.8,5.69,5.71,194400,0.0,0.0
1991-07-23,5.74,5.78,5.71,5.74,636400,0.0,0.0
1991-07-24,5.69,5.69,5.64,5.67,1309600,0.0,0.0
1991-07-25,5.67,5.67,5.58,5.61,390400,0.0,0.0
1991-07-26,5.59,5.59,5.46,5.52,434800,0.0,0.0
1991-07-29,5.5,5.56,5.4,5.5,1722800,0.0,0.0
1991-07-30,5.5,5.58,5.4,5.4,1376000,0.0,0.0
1991-07-31,5.42,5.5,5.42,5.5,914800,0.0,0.0
1991-08-01,5.5,5.52,5.46,5.49,935600,0.0,0.0
1991-08-02,5.5,5.52,5.45,5.5,905200,0.0,0.0
1991-08-05,5.47,5.52,5.4,5.4,608400,0.0,0.0
1991-08-06,5.4,5.49,5.39,5.46,1186800,0.0,0.0
1991-08-07,5.47,5.5,5.43,5.5,532800,0.0,0.0
1991-08-08,5.49,5.58,5.47,5.5,634800,0.0,0.0
1991-08-09,5.5,5.53,5.46,5.49,437200,0.0,0.0
1991-08-12,5.49,5.55,5.45,5.49,346400,0.0,0.0
1991-08-13,5.52,5.55,5.47,5.49,712400,0.0,0.0
1991-08-14,5.52,5.56,5.46,5.49,450000,0.0,0.0
1991-08-15,5.52,5.58,5.49,5.52,428000,0.0,0.0
1991-08-16,5.58,5.59,5.42,5.49,536400,0.0,0.0
1991-08-19,5.4,5.43,5.31,5.34,587600,0.0,0.0
1991-08-20,5.37,5.45,5.34,5.39,790400,0.0,0.0
1991-08-21,5.42,5.62,5.34,5.62,364400,0.0,0.0
1991-08-22,5.61,5.71,5.59,5.71,698400,0.0,0.0
1991-08-23,5.77,5.87,5.61,5.65,696000,0.0,0.0
1991-08-26,5.67,5.69,5.56,5.61,145600,0.0,0.0
1991-08-27,5.58,5.62,5.58,5.62,294000,0.0,0.0
1991-08-28,5.64,5.77,5.61,5.74,622000,0.0,0.0
1991-08-29,5.72,5.72,5.62,5.69,519600,0.0,0.0
1991-08-30,5.69,5.71,5.64,5.64,235200,0.0,0.0
1991-09-03,5.62,5.65,5.55,5.55,789600,0.0,0.0
1991-09-04,5.58,5.58,5.46,5.49,693200,0.0,0.0
1991-09-05,5.55,5.55,5.45,5.5,564000,0.0,0.0
1991-09-06,5.52,5.53,5.45,5.45,341600,0.0,0.0
1991-09-09,5.46,5.46,5.42,5.42,390800,0.0,0.0
1991-09-10,5.45,5.46,5.4,5.45,649200,0.0,0.0
1991-09-11,5.4,5.43,5.37,5.43,536400,0.0,0.0
1991-09-12,5.46,5.46,5.42,5.45,384800,0.0,0.0
1991-09-13,5.42,5.45,5.34,5.34,648400,0.0,0.0
1991-09-16,5.37,5.58,5.36,5.58,871600,0.0,0.0
1991-09-17,5.58,5.62,5.53,5.53,514000,0.0,0.0
1991-09-18,5.49,5.58,5.47,5.58,360400,0.0,0.0
1991-09-19,5.58,5.61,5.5,5.56,591600,0.0,0.0
1991-09-20,5.65,5.65,5.52,5.53,856400,0.0,0.0
1991-09-23,5.53,5.55,5.5,5.55,387200,0.0,0.0
1991-09-24,5.58,5.61,5.56,5.58,427200,0.0,0.0
1991-09-25,5.55,5.58,5.53,5.56,504800,0.0,0.0
1991-09-26,5.53,5.61,5.53,5.56,545200,0.0,0.0
1991-09-27,5.55,5.64,5.55,5.58,455600,0.0,0.0
1991-09-30,5.59,5.59,5.52,5.53,500800,0.0,0.0
1991-10-01,5.55,5.59,5.55,5.58,336800,0.0,0.0
1991-10-02,5.55,5.56,5.5,5.55,371200,0.0,0.0
1991-10-03,5.52,5.53,5.43,5.45,207200,0.0,0.0
1991-10-04,5.43,5.52,5.39,5.43,360400,0.0,0.0
1991-10-07,5.43,5.45,5.37,5.39,408400,0.0,0.0
1991-10-08,5.4,5.46,5.36,5.45,278000,0.0,0.0
1991-10-09,5.42,5.42,5.28,5.33,382400,0.0,0.0
1991-10-10,5.34,5.34,5.25,5.25,423600,0.0,0.0
1991-10-11,5.25,5.27,5.23,5.24,591600,0.0,0.0
1991-10-14,5.24,5.42,5.24,5.42,436400,0.0,0.0
1991-10-15,5.37,5.43,5.3,5.37,448800,0.0,0.0
1991-10-16,5.34,5.37,5.34,5.34,824400,0.09,0.0
1991-10-17,5.34,5.34,5.21,5.3,752800,0.0,0.0
1991-10-18,5.3,5.34,5.27,5.27,638800,0.0,0.0
1991-10-21,5.3,5.3,5.21,5.27,763200,0.0,0.0
1991-10-22,5.24,5.27,5.19,5.21,926000,0.0,0.0
1991-10-23,5.18,5.21,5.13,5.18,912800,0.0,0.0
1991-10-24,5.16,5.18,5.1,5.15,499600,0.0,0.0
1991-10-25,5.19,5.19,5.13,5.16,352000,0.0,0.0
1991-10-28,5.24,5.3,5.21,5.28,585600,0.0,0.0
1991-10-29,5.27,5.39,5.27,5.28,1589200,0.0,0.0
1991-10-30,5.3,5.31,5.21,5.27,526800,0.0,0.0
1991-10-31,5.24,5.25,5.21,5.21,316400,0.0,0.0
1991-11-01,5.21,5.21,5.07,5.12,1712800,0.0,0.0
1991-11-04,5.1,5.12,5.04,5.1,740000,0.0,0.0
1991-11-05,5.12,5.15,5.03,5.04,401200,0.0,0.0
1991-11-06,5.03,5.1,5.03,5.06,414800,0.0,0.0
1991-11-07,5.04,5.22,5.04,5.21,414800,0.0,0.0
1991-11-08,5.24,5.3,5.24,5.25,643600,0.0,0.0
1991-11-11,5.25,5.25,5.04,5.12,382000,0.0,0.0
1991-11-12,5.09,5.21,5.07,5.21,1488400,0.0,0.0
1991-11-13,5.19,5.24,5.15,5.24,695200,0.0,0.0
1991-11-14,5.24,5.25,5.19,5.24,1013600,0.0,0.0
1991-11-15,5.24,5.24,5.09,5.09,716800,0.0,0.0
1991-11-18,5.1,5.1,4.99,5.0,676000,0.0,0.0
1991-11-19,4.91,4.94,4.82,4.93,1129200,0.0,0.0
1991-11-20,4.97,4.97,4.88,4.93,1311600,0.0,0.0
1991-11-21,4.91,4.94,4.82,4.85,1446400,0.0,0.0
1991-11-22,4.87,4.87,4.7,4.78,771200,0.0,0.0
1991-11-25,4.76,4.97,4.76,4.96,1302000,0.0,0.0
1991-11-26,4.99,5.07,4.96,5.02,1102000,0.0,0.0
1991-11-27,5.03,5.09,4.93,4.94,890000,0.0,0.0
1991-11-29,4.96,4.96,4.88,4.93,138400,0.0,0.0
1991-12-02,4.93,4.99,4.91,4.97,444800,0.0,0.0
1991-12-03,4.96,4.97,4.9,4.96,551200,0.0,0.0
1991-12-04,4.96,4.97,4.79,4.85,951600,0.0,0.0
1991-12-05,4.85,4.9,4.76,4.87,705200,0.0,0.0
1991-12-06,4.82,4.9,4.76,4.79,622000,0.0,0.0
1991-12-09,4.82,4.82,4.67,4.7,950800,0.0,0.0
1991-12-10,4.67,4.7,4.62,4.62,806400,0.0,0.0
1991-12-11,4.59,4.7,4.59,4.67,622400,0.0,0.0
1991-12-12,4.63,4.79,4.63,4.79,1000800,0.0,0.0
1991-12-13,4.82,4.82,4.78,4.79,744400,0.0,0.0
1991-12-16,4.79,4.81,4.67,4.72,766400,0.0,0.0
1991-12-17,4.69,4.73,4.65,4.7,1270000,0.0,0.0
1991-12-18,4.7,4.7,4.62,4.65,982800,0.0,0.0
1991-12-19,4.67,4.69,4.53,4.56,1635200,0.0,0.0
1991-12-20,4.67,4.67,4.56,4.63,1492000,0.0,0.0
1991-12-23,4.66,4.87,4.62,4.81,1208000,0.0,0.0
1991-12-24,4.81,4.96,4.79,4.94,1504000,0.0,0.0
1991-12-26,4.91,4.97,4.85,4.85,692800,0.0,0.0
1991-12-27,4.87,4.97,4.85,4.93,409200,0.0,0.0
1991-12-30,4.94,5.1,4.93,5.06,1243200,0.0,0.0
1991-12-31,5.03,5.27,5.03,5.27,1120400,0.0,0.0
1992-01-02,5.25,5.25,5.03,5.18,1096400,0.0,0.0
1992-01-03,5.18,5.25,5.15,5.25,791600,0.0,0.0
1992-01-06,5.22,5.31,5.21,5.24,497600,0.0,0.0
1992-01-07,5.21,5.33,5.16,5.3,699600,0.0,0.0
1992-01-08,5.33,5.33,5.24,5.28,573200,0.0,0.0
1992-01-09,5.31,5.33,5.1,5.13,418800,0.0,0.0
1992-01-10,5.16,5.34,5.15,5.34,626000,0.0,0.0
1992-01-13,5.34,5.4,5.33,5.39,884800,0.0,0.0
1992-01-14,5.43,5.58,5.43,5.58,1806400,0.0925,0.0
1992-01-15,5.56,5.56,5.46,5.52,1235600,0.0,0.0
1992-01-16,5.5,5.53,5.46,5.52,718400,0.0,0.0
1992-01-17,5.56,5.58,5.4,5.56,1050800,0.0,0.0
1992-01-20,5.58,5.62,5.55,5.61,845600,0.0,0.0
1992-01-21,5.58,5.58,5.53,5.56,807200,0.0,0.0
1992-01-22,5.56,5.58,5.43,5.5,433200,0.0,0.0
1992-01-23,5.47,5.53,5.47,5.5,624800,0.0,0.0
1992-01-24,5.52,5.55,5.47,5.55,677600,0.0,0.0
1992-01-27,5.55,5.64,5.55,5.64,347600,0.0,0.0
1992-01-28,5.65,5.77,5.58,5.76,1200800,0.0,0.0
1992-01-29,5.73,5.77,5.62,5.65,3029600,0.0,0.0
1992-01-30,5.68,5.73,5.67,5.71,726400,0.0,0.0
1992-01-31,5.68,5.76,5.68,5.76,874000,0.0,0.0
1992-02-03,5.71,5.77,5.67,5.76,892000,0.0,0.0
1992-02-04,5.73,5.76,5.7,5.74,981600,0.0,0.0
1992-02-05,5.74,5.89,5.74,5.82,1233600,0.0,0.0
1992-02-06,5.82,5.86,5.8,5.86,1879200,0.0,0.0
1992-02-07,5.86,5.86,5.76,5.86,786000,0.0,0.0
1992-02-10,5.86,5.88,5.79,5.86,605600,0.0,0.0
1992-02-11,5.83,5.88,5.83,5.85,1229200,0.0,0.0
1992-02-12,5.79,5.97,5.79,5.97,546800,0.0,0.0
1992-02-13,5.98,6.01,5.91,5.94,757200,0.0,0.0
1992-02-14,5.88,5.94,5.82,5.92,2000800,0.0,0.0
1992-02-18,5.89,5.95,5.86,5.89,768800,0.0,0.0
1992-02-19,5.86,5.88,5.82,5.85,497200,0.0,0.0
1992-02-20,5.82,5.95,5.82,5.95,567600,0.0,0.0
1992-02-21,5.95,6.0,5.89,5.92,730800,0.0,0.0
1992-02-24,5.92,6.0,5.92,5.98,308400,0.0,0.0
1992-02-25,5.98,6.03,5.94,5.95,868400,0.0,0.0
1992-02-26,5.95,6.09,5.94,6.01,407600,0.0,0.0
1992-02-27,5.98,6.09,5.97,6.07,546000,0.0,0.0
1992-02-28,6.04,6.13,6.04,6.06,1038800,0.0,0.0
1992-03-02,6.15,6.16,6.04,6.12,621600,0.0,0.0
1992-03-03,6.09,6.2,6.09,6.19,495200,0.0,0.0
1992-03-04,6.16,6.2,6.09,6.09,604800,0.0,0.0
1992-03-05,6.09,6.13,5.97,6.0,1305600,0.0,0.0
1992-03-06,6.0,6.0,5.97,5.97,448000,0.0,0.0
1992-03-09,5.95,6.0,5.94,5.98,250000,0.0,0.0
1992-03-10,6.01,6.1,6.01,6.06,399600,0.0,0.0
1992-03-11,6.09,6.12,6.01,6.06,903200,0.0,0.0
1992-03-12,6.03,6.03,5.89,5.89,342000,0.0,0.0
1992-03-13,6.0,6.0,5.88,5.94,573200,0.0,0.0
1992-03-16,5.91,5.95,5.76,5.89,1022400,0.0,0.0
1992-03-17,5.92,6.01,5.91,5.98,479600,0.0,0.0
1992-03-18,5.95,6.04,5.95,6.0,371200,0.0,0.0
1992-03-19,6.06,6.07,6.03,6.07,514000,0.0,0.0
1992-03-20,6.07,6.12,6.06,6.09,786400,0.0,0.0
1992-03-23,6.01,6.01,5.91,5.91,405200,0.0,0.0
1992-03-24,5.92,5.98,5.85,5.89,340000,0.0,0.0
1992-03-25,5.85,5.88,5.76,5.76,1300000,0.0,0.0
1992-03-26,5.83,5.83,5.73,5.73,666800,0.0,0.0
1992-03-27,5.76,5.76,5.67,5.73,542800,0.0,0.0
1992-03-30,5.73,5.77,5.71,5.77,333600,0.0,0.0
1992-03-31,5.76,5.91,5.74,5.88,582400,0.0,0.0
1992-04-01,5.88,5.94,5.8,5.94,572400,0.0,0.0
1992-04-02,5.89,5.94,5.77,5.77,396400,0.0,0.0
1992-04-03,5.8,5.8,5.73,5.74,326400,0.0,0.0
1992-04-06,5.73,5.76,5.67,5.71,302400,0.0,0.0
1992-04-07,5.74,5.76,5.58,5.58,404000,0.0,0.0
1992-04-08,5.49,5.55,5.46,5.53,448000,0.0,0.0
1992-04-09,5.52,5.65,5.49,5.59,637600,0.0,0.0
1992-04-10,5.67,5.77,5.65,5.76,685600,0.0,0.0
1992-04-13,5.73,5.76,5.71,5.74,293600,0.0,0.0
1992-04-14,5.85,5.85,5.74,5.74,460400,0.0,0.0
1992-04-15,5.71,5.82,5.71,5.82,860800,0.0,0.0
1992-04-16,5.85,5.91,5.83,5.91,557200,0.0,0.0
1992-04-20,5.91,5.95,5.85,5.86,936400,0.0925,0.0
1992-04-21,5.86,5.95,5.86,5.89,621200,0.0,0.0
1992-04-22,5.92,6.01,5.89,5.89,624400,0.0,0.0
1992-04-23,5.95,5.98,5.86,5.89,764000,0.0,0.0
1992-04-24,5.92,5.95,5.86,5.91,952800,0.0,0.0
1992-04-27,5.91,5.91,5.8,5.8,696800,0.0,0.0
1992-04-28,5.8,5.82,5.76,5.77,568000,0.0,0.0
1992-04-29,5.77,5.86,5.76,5.77,612400,0.0,0.0
1992-04-30,5.77,6.01,5.77,6.0,1129200,0.0,0.0
1992-05-01,5.97,5.97,5.85,5.92,757600,0.0,0.0
1992-05-04,5.97,6.1,5.95,6.04,372400,0.0,0.0
1992-05-05,6.03,6.15,6.0,6.09,342800,0.0,0.0
1992-05-06,6.07,6.16,6.06,6.1,300000,0.0,0.0
1992-05-07,6.07,6.09,5.98,6.03,292800,0.0,0.0
1992-05-08,6.03,6.04,5.91,5.98,727600,0.0,0.0
1992-05-11,5.98,6.01,5.92,6.01,452000,0.0,0.0
1992-05-12,6.0,6.0,5.85,5.85,646800,0.0,0.0
1992-05-13,5.85,5.91,5.85,5.88,203600,0.0,0.0
1992-05-14,5.85,5.85,5.8,5.83,632400,0.0,0.0
1992-05-15,5.83,5.83,5.71,5.71,496800,0.0,0.0
1992-05-18,5.74,5.77,5.59,5.76,308800,0.0,0.0
1992-05-19,5.77,5.92,5.71,5.85,415600,0.0,0.0
1992-05-20,5.85,5.88,5.67,5.67,524000,0.0,0.0
1992-05-21,5.67,5.67,5.61,5.64,428000,0.0,0.0
1992-05-22,5.64,5.7,5.62,5.65,401600,0.0,0.0
1992-05-26,5.62,5.62,5.52,5.55,1288800,0.0,0.0
1992-05-27,5.58,5.58,5.52,5.53,702400,0.0,0.0
1992-05-28,5.56,5.58,5.53,5.56,848800,0.0,0.0
1992-05-29,5.61,5.65,5.53,5.55,363200,0.0,0.0
1992-06-01,5.53,5.53,5.38,5.5,849200,0.0,0.0
1992-06-02,5.52,5.55,5.47,5.47,656000,0.0,0.0
1992-06-03,5.5,5.5,5.41,5.43,954800,0.0,0.0
1992-06-04,5.46,5.52,5.46,5.52,366400,0.0,0.0
1992-06-05,5.49,5.5,5.39,5.39,371200,0.0,0.0
1992-06-08,5.39,5.46,5.35,5.46,700400,0.0,0.0
1992-06-09,5.46,5.46,5.35,5.38,223200,0.0,0.0
1992-06-10,5.38,5.38,5.24,5.36,470000,0.0,0.0
1992-06-11,5.41,5.41,5.36,5.38,283200,0.0,0.0
1992-06-12,5.44,5.56,5.44,5.53,509600,0.0,0.0
1992-06-15,5.5,5.5,5.44,5.46,223200,0.0,0.0
1992-06-16,5.49,5.49,5.43,5.43,501200,0.0,0.0
1992-06-17,5.41,5.46,5.38,5.38,306800,0.0,0.0
1992-06-18,5.38,5.38,5.26,5.27,852800,0.0,0.0
1992-06-19,5.27,5.36,5.27,5.33,654400,0.0,0.0
1992-06-22,5.33,5.33,5.24,5.26,842800,0.0,0.0
1992-06-23,5.27,5.32,5.23,5.32,936400,0.0,0.0
1992-06-24,5.3,5.38,5.29,5.38,190000,0.0,0.0
1992-06-25,5.38,5.46,5.38,5.43,241600,0.0,0.0
1992-06-26,5.43,5.5,5.41,5.44,261600,0.0,0.0
1992-06-29,5.46,5.55,5.39,5.46,691200,0.0,0.0
1992-06-30,5.47,5.47,5.44,5.47,242400,0.0,0.0
1992-07-01,5.5,5.76,5.47,5.76,899200,0.0,0.0
1992-07-02,5.76,5.79,5.62,5.65,382000,0.0,0.0
1992-07-06,5.64,5.64,5.5,5.58,352800,0.0,0.0
1992-07-07,5.62,5.68,5.39,5.41,342800,0.0,0.0
1992-07-08,5.39,5.41,5.32,5.38,414000,0.0,0.0
1992-07-09,5.36,5.64,5.36,5.55,273200,0.0,0.0
1992-07-10,5.53,5.55,5.49,5.53,185600,0.0,0.0
1992-07-13,5.53,5.58,5.5,5.58,656000,0.0,0.0
1992-07-14,5.61,5.61,5.55,5.58,434000,0.0,0.0
1992-07-15,5.59,5.68,5.49,5.68,314000,0.0,0.0
1992-07-16,5.62,5.7,5.61,5.61,171200,0.0,0.0
1992-07-17,5.59,5.59,5.55,5.59,437600,0.0,0.0
1992-07-20,5.59,5.64,5.54,5.6,456800,0.0925,0.0
1992-07-21,5.64,5.65,5.57,5.6,428800,0.0,0.0
1992-07-22,5.57,5.67,5.57,5.62,689200,0.0,0.0
1992-07-23,5.62,5.74,5.62,5.74,301200,0.0,0.0
1992-07-24,5.73,5.77,5.71,5.71,261600,0.0,0.0
1992-07-27,5.7,5.82,5.67,5.79,584400,0.0,0.0
1992-07-28,5.79,5.88,5.77,5.83,821600,0.0,0.0
1992-07-29,5.94,5.97,5.86,5.88,624000,0.0,0.0
1992-07-30,5.91,5.94,5.88,5.91,369200,0.0,0.0
1992-07-31,5.88,6.04,5.88,6.04,477200,0.0,0.0
1992-08-03,6.04,6.04,5.97,6.01,240000,0.0,0.0
1992-08-04,6.04,6.04,5.94,6.0,294400,0.0,0.0
1992-08-05,6.03,6.06,6.01,6.03,1229600,0.0,0.0
1992-08-06,6.03,6.03,6.0,6.03,256400,0.0,0.0
1992-08-07,6.01,6.04,6.01,6.03,338800,0.0,0.0
1992-08-10,6.0,6.06,5.98,6.06,300000,0.0,0.0
1992-08-11,6.03,6.03,5.94,5.97,488800,0.0,0.0
1992-08-12,5.94,6.0,5.85,5.92,370400,0.0,0.0
1992-08-13,5.94,5.94,5.85,5.89,354000,0.0,0.0
1992-08-14,5.8,5.88,5.8,5.85,534400,0.0,0.0
1992-08-17,5.88,5.89,5.86,5.88,363600,0.0,0.0
1992-08-18,5.89,5.94,5.85,5.92,319200,0.0,0.0
1992-08-19,5.97,6.0,5.92,5.92,452000,0.0,0.0
1992-08-20,5.94,5.95,5.88,5.92,194800,0.0,0.0
1992-08-21,5.95,5.95,5.77,5.85,476000,0.0,0.0
1992-08-24,5.85,5.85,5.67,5.67,376400,0.0,0.0
1992-08-25,5.67,5.79,5.67,5.74,430800,0.0,0.0
1992-08-26,5.82,5.86,5.77,5.86,302400,0.0,0.0
1992-08-27,5.83,5.89,5.83,5.88,226400,0.0,0.0
1992-08-28,5.88,5.92,5.88,5.91,338800,0.0,0.0
1992-08-31,5.92,5.98,5.92,5.97,744800,0.0,0.0
1992-09-01,5.98,6.09,5.97,6.09,909600,0.0,0.0
1992-09-02,6.03,6.04,6.03,6.03,269600,0.0,0.0
1992-09-03,6.03,6.04,6.01,6.04,444400,0.0,0.0
1992-09-04,6.04,6.07,6.04,6.04,822400,0.0,0.0
1992-09-08,6.04,6.07,6.03,6.03,718800,0.0,0.0
1992-09-09,6.03,6.06,6.03,6.03,363600,0.0,0.0
1992-09-10,6.03,6.03,5.94,6.03,704800,0.0,0.0
1992-09-11,6.03,6.06,6.01,6.06,598800,0.0,0.0
1992-09-14,6.15,6.17,6.06,6.14,986400,0.0,0.0
1992-09-15,6.17,6.17,6.1,6.12,981600,0.0,0.0
1992-09-16,6.12,6.12,6.09,6.12,722400,0.0,0.0
1992-09-17,6.12,6.14,6.09,6.14,544400,0.0,0.0
1992-09-18,6.14,6.14,6.06,6.06,767200,0.0,0.0
1992-09-21,6.06,6.06,6.0,6.01,173200,0.0,0.0
1992-09-22,6.06,6.09,5.98,6.01,387200,0.0,0.0
1992-09-23,6.01,6.03,5.97,6.03,373600,0.0,0.0
1992-09-24,6.03,6.04,6.0,6.0,334000,0.0,0.0
1992-09-25,6.03,6.06,6.0,6.01,520000,0.0,0.0
1992-09-28,6.03,6.04,6.01,6.03,302800,0.0,0.0
1992-09-29,6.03,6.1,6.01,6.04,510400,0.0,0.0
1992-09-30,6.04,6.12,6.03,6.12,564800,0.0,0.0
1992-10-01,6.14,6.14,6.04,6.1,560800,0.0,0.0
1992-10-02,6.1,6.1,5.98,6.03,556000,0.0,0.0
1992-10-05,6.03,6.03,5.86,6.0,720000,0.0,0.0
1992-10-06,6.0,6.03,5.94,6.0,337600,0.0,0.0
1992-10-07,6.03,6.14,6.03,6.09,445200,0.0,0.0
1992-10-08,6.06,6.07,5.95,6.03,609600,0.0,0.0
1992-10-09,5.97,5.97,5.77,5.77,914000,0.0,0.0
1992-10-12,5.8,5.83,5.76,5.8,1043200,0.0,0.0
1992-10-13,5.8,5.88,5.8,5.88,577600,0.0,0.0
1992-10-14,5.91,5.92,5.82,5.86,197200,0.0,0.0
1992-10-15,5.8,5.89,5.79,5.83,148000,0.0,0.0
1992-10-16,5.82,5.94,5.77,5.94,715200,0.0,0.0
1992-10-19,5.91,6.06,5.91,6.06,735600,0.0,0.0
1992-10-20,6.09,6.1,6.01,6.06,409600,0.0925,0.0
1992-10-21,6.03,6.07,6.03,6.04,260000,0.0,0.0
1992-10-22,6.04,6.14,6.01,6.12,370800,0.0,0.0
1992-10-23,6.1,6.12,6.06,6.12,107200,0.0,0.0
1992-10-26,6.09,6.29,6.09,6.23,936400,0.0,0.0
1992-10-27,6.23,6.41,6.23,6.38,1244000,0.0,0.0
1992-10-28,6.39,6.49,6.39,6.47,1011600,0.0,0.0
1992-10-29,6.49,6.5,6.46,6.47,802000,0.0,0.0
1992-10-30,6.5,6.5,6.46,6.47,656800,0.0,0.0
1992-11-02,6.41,6.49,6.41,6.47,342400,0.0,0.0
1992-11-03,6.44,6.47,6.35,6.44,1654800,0.0,0.0
1992-11-04,6.38,6.42,6.36,6.38,970800,0.0,0.0
1992-11-05,6.35,6.35,6.23,6.23,823600,0.0,0.0
1992-11-06,6.23,6.24,6.17,6.17,802000,0.0,0.0
1992-11-09,6.17,6.21,6.15,6.18,246800,0.0,0.0
1992-11-10,6.21,6.24,6.17,6.17,872000,0.0,0.0
1992-11-11,6.2,6.26,6.15,6.26,1004400,0.0,0.0
1992-11-12,6.29,6.36,6.26,6.27,774800,0.0,0.0
1992-11-13,6.26,6.3,6.26,6.27,139600,0.0,0.0
1992-11-16,6.29,6.29,6.26,6.27,165200,0.0,0.0
1992-11-17,6.27,6.3,6.24,6.24,374400,0.0,0.0
1992-11-18,6.26,6.33,6.26,6.27,413200,0.0,0.0
1992-11-19,6.26,6.32,6.24,6.3,453600,0.0,0.0
1992-11-20,6.35,6.5,6.35,6.5,1252400,0.0,0.0
1992-11-23,6.49,6.49,6.38,6.39,316000,0.0,0.0
1992-11-24,6.41,6.46,6.38,6.44,726800,0.0,0.0
1992-11-25,6.46,6.49,6.46,6.46,318000,0.0,0.0
1992-11-27,6.47,6.58,6.47,6.55,262400,0.0,0.0
1992-11-30,6.58,6.67,6.58,6.64,2378000,0.0,0.0
1992-12-01,6.62,6.64,6.59,6.61,995600,0.0,0.0
1992-12-02,6.59,6.59,6.5,6.5,737600,0.0,0.0
1992-12-03,6.5,6.53,6.39,6.39,1478000,0.0,0.0
1992-12-04,6.41,6.41,6.26,6.3,1252400,0.0,0.0
1992-12-07,6.3,6.33,6.26,6.29,719200,0.0,0.0
1992-12-08,6.3,6.33,6.27,6.27,864000,0.0,0.0
1992-12-09,6.26,6.32,6.23,6.29,946800,0.0,0.0
1992-12-10,6.29,6.3,6.2,6.3,68000,0.0,0.0
1992-12-11,6.29,6.3,6.17,6.2,444800,0.0,0.0
1992-12-14,6.21,6.26,6.2,6.2,655200,0.0,0.0
1992-12-15,6.21,6.26,6.17,6.26,369200,0.0,0.0
1992-12-16,6.29,6.32,6.27,6.32,357600,0.0,0.0
1992-12-17,6.32,6.32,6.23,6.32,856400,0.0,0.0
1992-12-18,6.33,6.33,6.27,6.3,2018000,0.0,0.0
1992-12-21,6.3,6.33,6.26,6.29,1049600,0.0,0.0
1992-12-22,6.32,6.42,6.32,6.41,2004400,0.0,0.0
1992-12-23,6.5,6.71,6.5,6.64,1603600,0.0,0.0
1992-12-24,6.64,6.65,6.58,6.58,280000,0.0,0.0
1992-12-28,6.55,6.55,6.47,6.5,220800,0.0,0.0
1992-12-29,6.49,6.62,6.46,6.47,504000,0.0,0.0
1992-12-30,6.47,6.56,6.47,6.55,472400,0.0,0.0
1992-12-31,6.55,6.55,6.49,6.49,352800,0.0,0.0
1993-01-04,6.5,6.56,6.47,6.55,716400,0.0,0.0
1993-01-05,6.55,6.56,6.52,6.56,470800,0.0,0.0
1993-01-06,6.55,6.59,6.53,6.56,624800,0.0,0.0
1993-01-07,6.58,6.68,6.55,6.59,656400,0.0,0.0
1993-01-08,6.59,6.59,6.49,6.49,613600,0.0,0.0
1993-01-11,6.49,6.58,6.49,6.52,555600,0.0,0.0
1993-01-12,6.55,6.55,6.49,6.5,499200,0.0,0.0
1993-01-13,6.5,6.5,6.44,6.5,386000,0.0,0.0
1993-01-14,6.49,6.61,6.49,6.59,706000,0.0,0.0
1993-01-15,6.58,6.64,6.56,6.56,945600,0.0,0.0
1993-01-18,6.53,6.58,6.49,6.58,159200,0.0,0.0
1993-01-19,6.59,6.59,6.53,6.55,435200,0.095,0.0
1993-01-20,6.55,6.56,6.42,6.49,850400,0.0,0.0
1993-01-21,6.49,6.5,6.38,6.5,273600,0.0,0.0
1993-01-22,6.5,6.5,6.42,6.42,365600,0.0,0.0
1993-01-25,6.42,6.5,6.36,6.36,1019200,0.0,0.0
1993-01-26,6.41,6.41,6.33,6.38,734400,0.0,0.0
1993-01-27,6.36,6.38,6.32,6.36,832800,0.0,0.0
1993-01-28,6.32,6.32,6.24,6.26,795200,0.0,0.0
1993-01-29,6.27,6.33,6.21,6.33,691200,0.0,0.0
1993-02-01,6.33,6.36,6.3,6.35,1120400,0.0,0.0
1993-02-02,6.33,6.39,6.32,6.39,676000,0.0,0.0
1993-02-03,6.49,6.49,6.41,6.47,1587600,0.0,0.0
1993-02-04,6.46,6.49,6.42,6.46,673600,0.0,0.0
1993-02-05,6.36,6.39,6.27,6.29,1242800,0.0,0.0
1993-02-08,6.26,6.26,6.16,6.18,1088400,0.0,0.0
1993-02-09,6.18,6.21,6.16,6.18,1122400,0.0,0.0
1993-02-10,6.16,6.18,6.07,6.09,1006000,0.0,0.0
1993-02-11,6.09,6.18,6.09,6.1,1165200,0.0,0.0
1993-02-12,6.12,6.15,6.1,6.15,599200,0.0,0.0
1993-02-16,6.15,6.15,6.06,6.07,763600,0.0,0.0
1993-02-17,6.07,6.07,5.84,5.84,713600,0.0,0.0
1993-02-18,5.87,5.87,5.75,5.78,1204400,0.0,0.0
1993-02-19,5.78,5.9,5.78,5.81,662800,0.0,0.0
1993-02-22,5.84,5.99,5.84,5.96,978400,0.0,0.0
1993-02-23,6.01,6.02,5.98,5.98,767600,0.0,0.0
1993-02-24,5.95,5.99,5.89,5.99,510400,0.0,0.0
1993-02-25,5.99,6.04,5.96,5.98,492400,0.0,0.0
1993-02-26,5.98,6.06,5.96,5.99,590000,0.0,0.0
1993-03-01,5.98,6.02,5.95,5.96,372000,0.0,0.0
1993-03-02,5.99,5.99,5.9,5.99,1449600,0.0,0.0
1993-03-03,5.99,6.07,5.96,6.06,903200,0.0,0.0
1993-03-04,6.02,6.02,5.96,5.99,537200,0.0,0.0
1993-03-05,5.99,6.09,5.92,5.99,584000,0.0,0.0
1993-03-08,6.04,6.12,6.01,6.12,835600,0.0,0.0
1993-03-09,6.09,6.12,6.06,6.1,555600,0.0,0.0
1993-03-10,6.09,6.1,6.06,6.09,558400,0.0,0.0
1993-03-11,6.09,6.09,6.06,6.07,533600,0.0,0.0
1993-03-12,6.04,6.04,5.84,5.84,1154000,0.0,0.0
1993-03-15,5.86,5.86,5.81,5.83,732400,0.0,0.0
1993-03-16,5.83,5.83,5.81,5.81,673600,0.0,0.0
1993-03-17,5.81,6.04,5.79,5.99,1743600,0.0,0.0
1993-03-18,6.06,6.07,6.01,6.04,1033600,0.0,0.0
1993-03-19,6.02,6.02,5.93,5.95,1774000,0.0,0.0
1993-03-22,5.95,5.96,5.9,5.96,914800,0.0,0.0
1993-03-23,5.96,5.99,5.93,5.95,434000,0.0,0.0
1993-03-24,5.95,5.99,5.87,5.89,1596400,0.0,0.0
1993-03-25,5.89,5.9,5.86,5.87,1334400,0.0,0.0
1993-03-26,5.89,5.93,5.87,5.87,852400,0.0,0.0
1993-03-29,5.87,5.93,5.84,5.9,824000,0.0,0.0
1993-03-30,5.9,5.92,5.84,5.89,935200,0.0,0.0
1993-03-31,5.9,5.93,5.86,5.92,441200,0.0,0.0
1993-04-01,5.92,5.92,5.84,5.87,1162000,0.0,0.0
1993-04-02,5.83,5.87,5.73,5.76,841200,0.0,0.0
1993-04-05,5.76,5.79,5.72,5.75,912000,0.0,0.0
1993-04-06,5.79,5.86,5.67,5.69,752000,0.0,0.0
1993-04-07,5.69,5.72,5.63,5.69,419200,0.0,0.0
1993-04-08,5.69,5.69,5.47,5.52,904000,0.0,0.0
1993-04-12,5.53,5.63,5.53,5.59,760800,0.0,0.0
1993-04-13,5.59,5.75,5.59,5.72,726800,0.0,0.0
1993-04-14,5.69,5.72,5.66,5.7,621600,0.0,0.0
1993-04-15,5.69,5.69,5.58,5.61,782000,0.0,0.0
1993-04-16,5.63,5.63,5.5,5.53,718400,0.0,0.0
1993-04-19,5.55,5.55,5.44,5.49,666000,0.095,0.0
1993-04-20,5.47,5.49,5.44,5.47,356400,0.0,0.0
1993-04-21,5.5,5.63,5.43,5.63,790400,0.0,0.0
1993-04-22,5.63,5.69,5.49,5.49,983200,0.0,0.0
1993-04-23,5.49,5.6,5.49,5.58,1004800,0.0,0.0
1993-04-26,5.58,5.58,5.5,5.52,630800,0.0,0.0
1993-04-27,5.52,5.61,5.52,5.6,400800,0.0,0.0
1993-04-28,5.52,5.6,5.52,5.58,613600,0.0,0.0
1993-04-29,5.6,5.6,5.52,5.53,684000,0.0,0.0
1993-04-30,5.53,5.6,5.47,5.58,700400,0.0,0.0
1993-05-03,5.55,5.66,5.47,5.63,975200,0.0,0.0
1993-05-04,5.63,5.7,5.58,5.69,768000,0.0,0.0
1993-05-05,5.74,5.83,5.7,5.8,850800,0.0,0.0
1993-05-06,5.75,5.8,5.66,5.7,727600,0.0,0.0
1993-05-07,5.67,5.67,5.56,5.63,1325200,0.0,0.0
1993-05-10,5.56,5.61,5.56,5.6,1540800,0.0,0.0
1993-05-11,5.6,5.64,5.56,5.63,748000,0.0,0.0
1993-05-12,5.64,5.77,5.64,5.7,2124000,0.0,0.0
1993-05-13,5.69,5.7,5.66,5.66,1166400,0.0,0.0
1993-05-14,5.67,5.75,5.64,5.74,1117600,0.0,0.0
1993-05-17,5.75,5.89,5.67,5.84,558800,0.0,0.0
1993-05-18,5.81,5.81,5.72,5.8,421600,0.0,0.0
1993-05-19,5.83,5.83,5.72,5.81,1244400,0.0,0.0
1993-05-20,5.84,5.94,5.83,5.84,1068000,0.0,0.0
1993-05-21,5.84,5.94,5.84,5.86,533200,0.0,0.0
1993-05-24,5.89,5.91,5.83,5.87,219200,0.0,0.0
1993-05-25,5.87,5.91,5.8,5.81,928800,0.0,0.0
1993-05-26,5.84,5.84,5.77,5.8,1022400,0.0,0.0
1993-05-27,5.83,5.86,5.78,5.78,437200,0.0,0.0
1993-05-28,5.75,5.81,5.74,5.81,378000,0.0,0.0
1993-06-01,5.83,5.86,5.8,5.83,572000,0.0,0.0
1993-06-02,5.81,5.94,5.81,5.89,450400,0.0,0.0
1993-06-03,5.89,5.89,5.8,5.81,841600,0.0,0.0
1993-06-04,5.8,5.81,5.78,5.81,622400,0.0,0.0
1993-06-07,5.83,5.86,5.7,5.77,507600,0.0,0.0
1993-06-08,5.74,5.77,5.7,5.74,228800,0.0,0.0
1993-06-09,5.75,5.77,5.7,5.74,343200,0.0,0.0
1993-06-10,5.77,5.77,5.67,5.67,2612000,0.0,0.0
1993-06-11,5.7,5.83,5.7,5.83,1163200,0.0,0.0
1993-06-14,5.84,5.87,5.8,5.81,312000,0.0,0.0
1993-06-15,5.81,5.81,5.78,5.8,225600,0.0,0.0
1993-06-16,5.8,5.83,5.8,5.83,660000,0.0,0.0
1993-06-17,5.83,5.83,5.75,5.75,1648400,0.0,0.0
1993-06-18,5.8,5.8,5.6,5.6,816000,0.0,0.0
1993-06-21,5.63,5.69,5.63,5.69,335200,0.0,0.0
1993-06-22,5.69,5.72,5.63,5.64,1034800,0.0,0.0
1993-06-23,5.63,5.63,5.49,5.55,810000,0.0,0.0
1993-06-24,5.56,5.61,5.55,5.58,1210400,0.0,0.0
1993-06-25,5.61,5.66,5.55,5.64,534800,0.0,0.0
1993-06-28,5.69,5.69,5.63,5.66,518400,0.0,0.0
1993-06-29,5.69,5.74,5.66,5.69,2198400,0.0,0.0
1993-06-30,5.69,5.78,5.69,5.78,714800,0.0,0.0
1993-07-01,5.77,5.77,5.64,5.67,1025600,0.0,0.0
1993-07-02,5.63,5.66,5.6,5.61,494000,0.0,0.0
1993-07-06,5.58,5.64,5.53,5.53,598400,0.0,0.0
1993-07-07,5.5,5.56,5.49,5.5,490000,0.0,0.0
1993-07-08,5.52,5.58,5.5,5.58,620800,0.0,0.0
1993-07-09,5.61,5.7,5.53,5.69,1496400,0.0,0.0
1993-07-12,5.7,5.75,5.66,5.74,763200,0.0,0.0
1993-07-13,5.7,5.72,5.64,5.67,501600,0.0,0.0
1993-07-14,5.69,5.8,5.67,5.8,763200,0.0,0.0
1993-07-15,5.78,5.78,5.7,5.77,298000,0.0,0.0
1993-07-16,5.77,5.77,5.58,5.61,1430400,0.0,0.0
1993-07-19,5.66,5.72,5.58,5.6,650000,0.0,0.0
1993-07-20,5.58,5.61,5.47,5.47,1392800,0.095,0.0
1993-07-21,5.5,5.6,5.5,5.57,1284000,0.0,0.0
1993-07-22,5.6,5.6,5.41,5.41,1770400,0.0,0.0
1993-07-23,5.42,5.5,5.42,5.5,1504800,0.0,0.0
1993-07-26,5.5,5.63,5.5,5.6,1674000,0.0,0.0
1993-07-27,5.58,5.64,5.58,5.63,2212400,0.0,0.0
1993-07-28,5.63,5.64,5.58,5.64,796000,0.0,0.0
1993-07-29,5.66,5.72,5.58,5.72,352800,0.0,0.0
1993-07-30,5.75,5.82,5.71,5.78,468800,0.0,0.0
1993-08-02,5.82,5.85,5.61,5.69,610800,0.0,0.0
1993-08-03,5.69,5.69,5.64,5.66,696000,0.0,0.0
1993-08-04,5.67,5.67,5.6,5.63,668800,0.0,0.0
1993-08-05,5.61,5.66,5.57,5.6,1241600,0.0,0.0
1993-08-06,5.6,5.66,5.58,5.64,418800,0.0,0.0
1993-08-09,5.63,5.63,5.6,5.63,711200,0.0,0.0
1993-08-10,5.63,5.63,5.61,5.61,694000,0.0,0.0
1993-08-11,5.61,5.63,5.58,5.61,680000,0.0,0.0
1993-08-12,5.63,5.64,5.6,5.6,1511200,0.0,0.0
1993-08-13,5.61,5.63,5.6,5.61,717600,0.0,0.0
1993-08-16,5.63,5.66,5.61,5.61,1051600,0.0,0.0
1993-08-17,5.61,5.64,5.6,5.6,662800,0.0,0.0
1993-08-18,5.63,5.69,5.63,5.66,1203600,0.0,0.0
1993-08-19,5.66,5.72,5.63,5.67,1050400,0.0,0.0
1993-08-20,5.75,5.78,5.71,5.77,553200,0.0,0.0
1993-08-23,5.72,5.78,5.69,5.75,304400,0.0,0.0
1993-08-24,5.77,5.85,5.77,5.85,800000,0.0,0.0
1993-08-25,5.78,5.83,5.78,5.8,529600,0.0,0.0
1993-08-26,5.82,5.85,5.77,5.85,973600,0.0,0.0
1993-08-27,5.82,5.83,5.78,5.83,448800,0.0,0.0
1993-08-30,5.8,5.86,5.78,5.8,489600,0.0,0.0
1993-08-31,5.8,5.89,5.8,5.88,509600,0.0,0.0
1993-09-01,5.88,5.88,5.8,5.82,1276400,0.0,0.0
1993-09-02,5.82,5.86,5.55,5.69,2058400,0.0,0.0
1993-09-03,5.71,5.71,5.57,5.6,1092400,0.0,0.0
1993-09-07,5.6,5.63,5.49,5.53,1441600,0.0,0.0
1993-09-08,5.53,5.55,5.47,5.5,720800,0.0,0.0
1993-09-09,5.47,5.49,5.35,5.38,969200,0.0,0.0
1993-09-10,5.38,5.46,5.33,5.46,1013600,0.0,0.0
1993-09-13,5.42,5.44,5.33,5.35,790800,0.0,0.0
1993-09-14,5.36,5.38,5.28,5.38,1535600,0.0,0.0
1993-09-15,5.38,5.46,5.28,5.46,1035600,0.0,0.0
1993-09-16,5.44,5.5,5.44,5.49,601600,0.0,0.0
1993-09-17,5.44,5.47,5.41,5.46,1519600,0.0,0.0
1993-09-20,5.46,5.46,5.39,5.39,424400,0.0,0.0
1993-09-21,5.38,5.41,5.3,5.36,1607200,0.0,0.0
1993-09-22,5.38,5.41,5.35,5.38,1101600,0.0,0.0
1993-09-23,5.41,5.47,5.39,5.46,512000,0.0,0.0
1993-09-24,5.42,5.6,5.42,5.55,742400,0.0,0.0
1993-09-27,5.6,5.6,5.55,5.58,500000,0.0,0.0
1993-09-28,5.63,5.63,5.6,5.63,428000,0.0,0.0
1993-09-29,5.53,5.53,5.47,5.47,556800,0.0,0.0
1993-09-30,5.47,5.5,5.46,5.5,526000,0.0,0.0
1993-10-01,5.49,5.49,5.44,5.49,748000,0.0,0.0
1993-10-04,5.49,5.49,5.44,5.44,1081200,0.0,0.0
1993-10-05,5.44,5.53,5.44,5.47,784400,0.0,0.0
1993-10-06,5.49,5.52,5.47,5.47,823600,0.0,0.0
1993-10-07,5.44,5.52,5.44,5.52,1039600,0.0,0.0
1993-10-08,5.58,5.67,5.52,5.64,974000,0.0,0.0
1993-10-11,5.61,5.67,5.61,5.66,713600,0.0,0.0
1993-10-12,5.66,5.71,5.61,5.66,1590000,0.0,0.0
1993-10-13,5.66,5.66,5.61,5.63,744400,0.0,0.0
1993-10-14,5.63,5.63,5.55,5.57,886000,0.0,0.0
1993-10-15,5.6,5.64,5.58,5.64,629200,0.0,0.0
1993-10-18,5.63,5.69,5.6,5.6,962800,0.0,0.0
1993-10-19,5.58,5.64,5.57,5.64,1113600,0.095,0.0
1993-10-20,5.61,5.61,5.53,5.6,2179600,0.0,0.0
1993-10-21,5.6,5.6,5.39,5.46,838800,0.0,0.0
1993-10-22,5.42,5.55,5.42,5.47,654400,0.0,0.0
1993-10-25,5.46,5.46,5.34,5.39,760400,0.0,0.0
1993-10-26,5.39,5.39,5.3,5.39,1140400,0.0,0.0
1993-10-27,5.38,5.46,5.25,5.31,1767600,0.0,0.0
1993-10-28,5.3,5.31,5.25,5.28,827200,0.0,0.0
1993-10-29,5.3,5.3,5.27,5.3,1284800,0.0,0.0
1993-11-01,5.31,5.42,5.31,5.36,834400,0.0,0.0
1993-11-02,5.39,5.39,5.34,5.36,765600,0.0,0.0
1993-11-03,5.36,5.38,5.23,5.25,942800,0.0,0.0
1993-11-04,5.27,5.27,5.11,5.17,989200,0.0,0.0
1993-11-05,5.17,5.22,5.14,5.2,1060400,0.0,0.0
1993-11-08,5.23,5.23,5.2,5.23,766400,0.0,0.0
1993-11-09,5.25,5.3,5.25,5.27,1067200,0.0,0.0
1993-11-10,5.3,5.36,5.19,5.3,1540800,0.0,0.0
1993-11-11,5.27,5.33,5.27,5.27,256000,0.0,0.0
1993-11-12,5.27,5.3,5.23,5.3,1110000,0.0,0.0
1993-11-15,5.3,5.3,5.27,5.3,1083200,0.0,0.0
1993-11-16,5.3,5.41,5.25,5.36,1672800,0.0,0.0
1993-11-17,5.36,5.38,5.3,5.33,1275600,0.0,0.0
1993-11-18,5.3,5.36,5.27,5.36,698000,0.0,0.0
1993-11-19,5.36,5.36,5.27,5.27,1122800,0.0,0.0
1993-11-22,5.27,5.27,5.11,5.12,698800,0.0,0.0
1993-11-23,5.12,5.14,5.01,5.03,842000,0.0,0.0
1993-11-24,5.05,5.12,5.05,5.06,726800,0.0,0.0
1993-11-26,5.05,5.11,5.05,5.09,415600,0.0,0.0
1993-11-29,5.09,5.14,5.06,5.11,468400,0.0,0.0
1993-11-30,5.09,5.22,5.05,5.17,668000,0.0,0.0
1993-12-01,5.14,5.23,5.11,5.16,877600,0.0,0.0
1993-12-02,5.2,5.22,5.16,5.17,1065600,0.0,0.0
1993-12-03,5.14,5.19,5.11,5.17,369200,0.0,0.0
1993-12-06,5.2,5.23,5.09,5.11,365200,0.0,0.0
1993-12-07,5.08,5.09,5.05,5.05,672000,0.0,0.0
1993-12-08,5.05,5.08,5.03,5.03,1060000,0.0,0.0
1993-12-09,5.03,5.05,4.98,5.0,1017600,0.0,0.0
1993-12-10,4.98,5.05,4.97,4.98,1590000,0.0,0.0
1993-12-13,4.98,5.01,4.9,5.01,771200,0.0,0.0
1993-12-14,5.01,5.03,4.98,5.01,813200,0.0,0.0
1993-12-15,5.0,5.06,5.0,5.03,762000,0.0,0.0
1993-12-16,5.05,5.09,5.01,5.05,2206000,0.0,0.0
1993-12-17,5.05,5.12,5.03,5.05,1587200,0.0,0.0
1993-12-20,5.05,5.08,5.05,5.05,600000,0.0,0.0
1993-12-21,5.05,5.06,5.01,5.03,826800,0.0,0.0
1993-12-22,5.05,5.05,5.01,5.01,871200,0.0,0.0
1993-12-23,5.05,5.09,5.01,5.03,687200,0.0,0.0
1993-12-27,5.01,5.12,4.97,5.12,1624400,0.0,0.0
1993-12-28,5.11,5.11,5.05,5.08,826800,0.0,0.0
1993-12-29,5.08,5.22,5.08,5.2,895600,0.0,0.0
1993-12-30,5.17,5.23,5.14,5.2,595200,0.0,0.0
1993-12-31,5.17,5.27,5.12,5.12,541200,0.0,0.0
1994-01-03,5.11,5.12,5.08,5.09,595200,0.0,0.0
1994-01-04,5.06,5.06,5.0,5.05,942000,0.0,0.0
1994-01-05,5.03,5.06,5.03,5.06,720000,0.0,0.0
1994-01-06,5.06,5.09,4.97,5.01,2480400,0.0,0.0
1994-01-07,5.01,5.01,4.87,4.9,701200,0.0,0.0
1994-01-10,4.93,4.97,4.9,4.95,804000,0.0,0.0
1994-01-11,4.92,5.0,4.92,5.0,1151600,0.0,0.0
1994-01-12,5.0,5.08,4.98,5.08,1370000,0.0,0.0
1994-01-13,5.05,5.06,4.92,5.01,931200,0.0,0.0
1994-01-14,5.01,5.03,4.98,5.03,641600,0.0,0.0
1994-01-17,5.03,5.09,5.0,5.08,571600,0.0,0.0
1994-01-18,5.08,5.14,5.06,5.11,1595600,0.095,0.0
1994-01-19,5.08,5.11,5.05,5.05,1031200,0.0,0.0
1994-01-20,5.06,5.08,5.05,5.06,331600,0.0,0.0
1994-01-21,5.08,5.08,5.0,5.06,1731200,0.0,0.0
1994-01-24,5.05,5.06,4.97,5.0,970000,0.0,0.0
1994-01-25,5.0,5.03,4.97,5.03,1260800,0.0,0.0
1994-01-26,5.03,5.06,4.95,4.97,2222400,0.0,0.0
1994-01-27,5.0,5.0,4.93,4.97,690800,0.0,0.0
1994-01-28,4.98,5.03,4.97,5.0,660400,0.0,0.0
1994-01-31,4.98,5.08,4.98,5.06,705600,0.0,0.0
1994-02-01,5.16,5.16,5.0,5.03,722000,0.0,0.0
1994-02-02,5.03,5.05,4.9,4.9,724800,0.0,0.0
1994-02-03,4.9,4.97,4.85,4.95,875600,0.0,0.0
1994-02-04,4.95,5.01,4.92,4.95,1176400,0.0,0.0
1994-02-07,4.92,4.97,4.9,4.95,1340800,0.0,0.0
1994-02-08,4.9,4.95,4.85,4.92,866400,0.0,0.0
1994-02-09,4.92,4.92,4.85,4.85,700000,0.0,0.0
1994-02-10,4.84,5.0,4.79,5.0,1372800,0.0,0.0
1994-02-11,4.97,5.01,4.97,4.98,412800,0.0,0.0
1994-02-14,4.97,5.05,4.97,5.03,1131200,0.0,0.0
1994-02-15,5.03,5.03,5.01,5.03,884400,0.0,0.0
1994-02-16,5.0,5.03,4.97,4.97,591600,0.0,0.0
1994-02-17,4.95,4.95,4.84,4.89,402000,0.0,0.0
1994-02-18,4.82,4.97,4.82,4.92,712400,0.0,0.0
1994-02-22,4.9,4.97,4.89,4.93,452400,0.0,0.0
1994-02-23,4.92,4.97,4.9,4.97,330000,0.0,0.0
1994-02-24,4.89,5.01,4.89,4.92,902400,0.0,0.0
1994-02-25,4.9,4.95,4.87,4.93,625600,0.0,0.0
1994-02-28,4.93,4.98,4.92,4.93,515200,0.0,0.0
1994-03-01,4.92,4.95,4.87,4.95,402400,0.0,0.0
1994-03-02,4.81,4.95,4.81,4.95,426800,0.0,0.0
1994-03-03,4.9,4.92,4.85,4.87,413600,0.0,0.0
1994-03-04,4.84,4.93,4.82,4.84,1764400,0.0,0.0
1994-03-07,4.87,4.87,4.73,4.77,894400,0.0,0.0
1994-03-08,4.79,4.79,4.73,4.76,588000,0.0,0.0
1994-03-09,4.76,4.81,4.73,4.77,830400,0.0,0.0
1994-03-10,4.79,4.81,4.77,4.77,541200,0.0,0.0
1994-03-11,4.77,4.79,4.65,4.7,949200,0.0,0.0
1994-03-14,4.7,4.73,4.68,4.7,550000,0.0,0.0
1994-03-15,4.71,4.71,4.55,4.68,831200,0.0,0.0
1994-03-16,4.68,4.73,4.68,4.71,606400,0.0,0.0
1994-03-17,4.7,4.73,4.65,4.65,743200,0.0,0.0
1994-03-18,4.68,4.73,4.63,4.73,1272400,0.0,0.0
1994-03-21,4.71,4.73,4.68,4.68,289600,0.0,0.0
1994-03-22,4.68,4.7,4.66,4.66,715200,0.0,0.0
1994-03-23,4.66,4.73,4.65,4.71,881600,0.0,0.0
1994-03-24,4.71,4.79,4.68,4.76,801200,0.0,0.0
1994-03-25,4.79,4.79,4.76,4.76,575600,0.0,0.0
1994-03-28,4.77,4.84,4.76,4.79,575600,0.0,0.0
1994-03-29,4.76,4.79,4.74,4.77,1054000,0.0,0.0
1994-03-30,4.81,4.92,4.81,4.9,1319200,0.0,0.0
1994-03-31,4.89,4.89,4.82,4.85,1018000,0.0,0.0
1994-04-04,4.81,4.93,4.81,4.85,1108000,0.0,0.0
1994-04-05,4.89,5.0,4.89,4.95,903200,0.0,0.0
1994-04-06,4.95,5.0,4.89,5.0,1152000,0.0,0.0
1994-04-07,5.0,5.14,5.0,5.09,2608400,0.0,0.0
1994-04-08,5.03,5.13,4.98,5.13,1576800,0.0,0.0
1994-04-11,5.11,5.3,5.11,5.27,3294000,0.0,0.0
1994-04-12,5.25,5.28,5.17,5.22,2494400,0.0,0.0
1994-04-13,5.22,5.24,5.13,5.22,1414800,0.0,0.0
1994-04-14,5.2,5.24,5.14,5.24,1067600,0.0,0.0
1994-04-15,5.22,5.24,5.17,5.2,1030000,0.0,0.0
1994-04-18,5.22,5.22,5.03,5.08,748400,0.0,0.0
1994-04-19,4.95,5.08,4.92,5.08,852000,0.095,0.0
1994-04-20,5.06,5.08,5.01,5.05,1207200,0.0,0.0
1994-04-21,5.08,5.19,5.03,5.13,532400,0.0,0.0
1994-04-22,5.11,5.13,5.06,5.09,425200,0.0,0.0
1994-04-25,5.11,5.13,4.97,5.05,272800,0.0,0.0
1994-04-26,5.09,5.14,5.03,5.09,997200,0.0,0.0
1994-04-28,5.08,5.13,5.08,5.09,810000,0.0,0.0
1994-04-29,5.08,5.13,5.06,5.11,683200,0.0,0.0
1994-05-02,5.14,5.16,5.11,5.14,2712400,0.0,0.0
1994-05-03,5.14,5.27,5.13,5.19,984400,0.0,0.0
1994-05-04,5.21,5.21,5.13,5.17,819200,0.0,0.0
1994-05-05,5.14,5.22,5.06,5.21,433600,0.0,0.0
1994-05-06,5.17,5.19,5.11,5.19,711200,0.0,0.0
1994-05-09,5.17,5.21,5.14,5.16,560400,0.0,0.0
1994-05-10,5.16,5.16,5.13,5.14,729600,0.0,0.0
1994-05-11,5.14,5.14,5.06,5.08,456400,0.0,0.0
1994-05-12,5.09,5.13,5.08,5.09,464800,0.0,0.0
1994-05-13,5.11,5.11,5.0,5.01,349200,0.0,0.0
1994-05-16,5.05,5.11,5.03,5.08,493200,0.0,0.0
1994-05-17,5.09,5.13,5.05,5.11,242800,0.0,0.0
1994-05-18,5.14,5.17,5.14,5.16,856000,0.0,0.0
1994-05-19,5.13,5.16,5.11,5.11,403600,0.0,0.0
1994-05-20,5.08,5.16,5.03,5.11,796800,0.0,0.0
1994-05-23,5.09,5.17,5.09,5.16,424000,0.0,0.0
1994-05-24,5.19,5.27,5.17,5.24,618800,0.0,0.0
1994-05-25,5.22,5.3,5.19,5.25,1016800,0.0,0.0
1994-05-26,5.25,5.29,5.22,5.29,581600,0.0,0.0
1994-05-27,5.25,5.27,5.22,5.25,617600,0.0,0.0
1994-05-31,5.21,5.22,5.14,5.22,668000,0.0,0.0
1994-06-01,5.16,5.17,5.12,5.14,1041600,0.0,0.0
1994-06-02,5.14,5.16,5.11,5.11,1285600,0.0,0.0
1994-06-03,5.11,5.11,4.93,5.11,451200,0.0,0.0
1994-06-06,5.05,5.06,4.98,5.05,346400,0.0,0.0
1994-06-07,5.05,5.08,5.03,5.06,192000,0.0,0.0
1994-06-08,5.09,5.13,5.0,5.01,423200,0.0,0.0
1994-06-09,5.05,5.14,5.03,5.14,510800,0.0,0.0
1994-06-10,5.14,5.16,5.11,5.16,1009200,0.0,0.0
1994-06-13,5.13,5.14,5.11,5.14,294800,0.0,0.0
1994-06-14,5.13,5.16,5.13,5.14,1833200,0.0,0.0
1994-06-15,5.14,5.17,5.08,5.13,1831600,0.0,0.0
1994-06-16,5.14,5.14,5.08,5.08,547200,0.0,0.0
1994-06-17,5.09,5.09,5.05,5.05,1078400,0.0,0.0
1994-06-20,4.98,5.05,4.93,4.95,376400,0.0,0.0
1994-06-21,4.97,5.05,4.97,5.03,948000,0.0,0.0
1994-06-22,5.01,5.01,4.97,5.01,692400,0.0,0.0
1994-06-23,5.05,5.05,5.0,5.03,459600,0.0,0.0
1994-06-24,5.03,5.03,4.84,4.84,684000,0.0,0.0
1994-06-27,4.85,4.89,4.77,4.84,244800,0.0,0.0
1994-06-28,4.84,5.11,4.84,5.09,1150000,0.0,0.0
1994-06-29,5.06,5.14,5.05,5.13,814000,0.0,0.0
1994-06-30,5.11,5.11,4.98,4.98,392000,0.0,0.0
1994-07-01,5.01,5.03,4.97,4.98,506800,0.0,0.0
1994-07-05,4.98,5.13,4.97,5.13,421200,0.0,0.0
1994-07-06,5.09,5.13,5.06,5.08,319200,0.0,0.0
1994-07-07,5.08,5.08,5.0,5.05,439200,0.0,0.0
1994-07-08,5.0,5.09,4.97,5.08,1051200,0.0,0.0
1994-07-11,5.08,5.08,5.03,5.05,312000,0.0,0.0
1994-07-12,5.03,5.09,5.0,5.09,712400,0.0,0.0
1994-07-13,5.09,5.09,4.97,4.97,1508800,0.0,0.0
1994-07-14,4.97,5.06,4.95,5.01,237200,0.0,0.0
1994-07-15,5.03,5.06,5.01,5.05,660800,0.0,0.0
1994-07-18,5.08,5.09,4.98,4.98,335200,0.0,0.0
1994-07-19,4.98,5.01,4.93,4.95,1632000,0.095,0.0
1994-07-20,4.92,4.98,4.88,4.98,425200,0.0,0.0
1994-07-21,5.01,5.08,4.93,5.03,554400,0.0,0.0
1994-07-22,5.05,5.1,5.05,5.08,623200,0.0,0.0
1994-07-25,5.06,5.13,5.06,5.1,323200,0.0,0.0
1994-07-26,5.14,5.14,4.98,5.01,924800,0.0,0.0
1994-07-27,4.97,4.97,4.88,4.93,1440000,0.0,0.0
1994-07-28,4.97,4.98,4.87,4.88,914800,0.0,0.0
1994-07-29,4.92,4.92,4.82,4.82,920400,0.0,0.0
1994-08-01,4.85,4.87,4.79,4.82,695200,0.0,0.0
1994-08-02,4.85,4.85,4.77,4.77,594400,0.0,0.0
1994-08-03,4.75,4.8,4.72,4.8,982400,0.0,0.0
1994-08-04,4.77,4.82,4.74,4.77,782400,0.0,0.0
1994-08-05,4.67,4.69,4.66,4.66,1029600,0.0,0.0
1994-08-08,4.71,4.72,4.67,4.71,426800,0.0,0.0
1994-08-09,4.69,4.71,4.61,4.66,1587600,0.0,0.0
1994-08-10,4.67,4.74,4.63,4.74,511200,0.0,0.0
1994-08-11,4.72,4.75,4.67,4.74,1104000,0.0,0.0
1994-08-12,4.74,4.87,4.74,4.85,620400,0.0,0.0
1994-08-15,4.82,4.87,4.82,4.85,609200,0.0,0.0
1994-08-16,4.85,4.9,4.75,4.9,795600,0.0,0.0
1994-08-17,4.93,4.98,4.9,4.98,616800,0.0,0.0
1994-08-18,4.98,4.98,4.92,4.93,458400,0.0,0.0
1994-08-19,4.97,4.97,4.9,4.92,921200,0.0,0.0
1994-08-22,4.93,4.93,4.79,4.8,507600,0.0,0.0
1994-08-23,4.84,4.93,4.79,4.84,578400,0.0,0.0
1994-08-24,4.88,4.97,4.88,4.93,674800,0.0,0.0
1994-08-25,4.93,4.93,4.85,4.87,718000,0.0,0.0
1994-08-26,4.87,4.93,4.84,4.9,1148000,0.0,0.0
1994-08-29,4.93,4.93,4.82,4.82,331600,0.0,0.0
1994-08-30,4.82,4.9,4.82,4.9,457600,0.0,0.0
1994-08-31,4.88,4.93,4.85,4.92,1052800,0.0,0.0
1994-09-01,4.92,4.92,4.88,4.88,483200,0.0,0.0
1994-09-02,4.9,4.9,4.82,4.87,382800,0.0,0.0
1994-09-06,4.87,4.9,4.84,4.9,696400,0.0,0.0
1994-09-07,4.87,4.88,4.84,4.85,992000,0.0,0.0
1994-09-08,4.88,4.9,4.85,4.88,1115200,0.0,0.0
1994-09-09,4.85,4.87,4.84,4.85,282000,0.0,0.0
1994-09-12,4.84,4.87,4.84,4.84,624000,0.0,0.0
1994-09-13,4.84,4.88,4.84,4.85,1072800,0.0,0.0
1994-09-14,4.87,4.87,4.77,4.82,258400,0.0,0.0
1994-09-15,4.8,4.88,4.75,4.8,443200,0.0,0.0
1994-09-16,4.8,4.82,4.77,4.79,1138000,0.0,0.0
1994-09-19,4.79,4.79,4.72,4.79,259600,0.0,0.0
1994-09-20,4.77,4.79,4.64,4.64,523600,0.0,0.0
1994-09-21,4.64,4.66,4.54,4.59,593200,0.0,0.0
1994-09-22,4.61,4.66,4.59,4.61,522400,0.0,0.0
1994-09-23,4.59,4.63,4.48,4.53,700400,0.0,0.0
1994-09-26,4.53,4.59,4.5,4.5,845600,0.0,0.0
1994-09-27,4.54,4.58,4.5,4.58,746000,0.0,0.0
1994-09-28,4.61,4.74,4.61,4.66,1081200,0.0,0.0
1994-09-29,4.64,4.67,4.61,4.63,1982000,0.0,0.0
1994-09-30,4.64,4.66,4.63,4.63,566400,0.0,0.0
1994-10-03,4.66,4.74,4.63,4.74,666800,0.0,0.0
1994-10-04,4.71,4.75,4.69,4.72,644400,0.0,0.0
1994-10-05,4.72,4.72,4.56,4.56,708400,0.0,0.0
1994-10-06,4.58,4.58,4.45,4.5,415200,0.0,0.0
1994-10-07,4.51,4.51,4.45,4.5,464800,0.0,0.0
1994-10-10,4.53,4.53,4.5,4.51,271600,0.0,0.0
1994-10-11,4.54,4.66,4.53,4.64,358000,0.0,0.0
1994-10-12,4.56,4.63,4.51,4.56,380000,0.0,0.0
1994-10-13,4.58,4.63,4.51,4.51,733600,0.0,0.0
1994-10-14,4.53,4.54,4.48,4.53,259200,0.0,0.0
1994-10-17,4.5,4.53,4.48,4.5,484800,0.0,0.0
1994-10-18,4.46,4.55,4.46,4.51,479200,0.095,0.0
1994-10-19,4.53,4.56,4.45,4.48,379600,0.0,0.0
1994-10-20,4.48,4.51,4.45,4.45,634000,0.0,0.0
1994-10-21,4.38,4.43,4.33,4.4,688800,0.0,0.0
1994-10-24,4.4,4.46,4.32,4.32,673200,0.0,0.0
1994-10-25,4.32,4.5,4.3,4.48,831200,0.0,0.0
1994-10-26,4.51,4.51,4.33,4.33,949200,0.0,0.0
1994-10-27,4.33,4.36,4.32,4.33,620800,0.0,0.0
1994-10-28,4.36,4.48,4.35,4.46,464400,0.0,0.0
1994-10-31,4.46,4.46,4.36,4.38,433200,0.0,0.0
1994-11-01,4.3,4.36,4.3,4.35,875600,0.0,0.0
1994-11-02,4.35,4.35,4.23,4.28,616000,0.0,0.0
1994-11-03,4.32,4.51,4.3,4.51,1684000,0.0,0.0
1994-11-04,4.48,4.51,4.48,4.5,1742800,0.0,0.0
1994-11-07,4.48,4.5,4.41,4.5,1240000,0.0,0.0
1994-11-08,4.5,4.5,4.41,4.45,780400,0.0,0.0
1994-11-09,4.46,4.46,4.41,4.41,779200,0.0,0.0
1994-11-10,4.45,4.45,4.38,4.38,447600,0.0,0.0
1994-11-11,4.35,4.38,4.33,4.35,384400,0.0,0.0
1994-11-14,4.38,4.45,4.36,4.45,233200,0.0,0.0
1994-11-15,4.43,4.48,4.36,4.46,646000,0.0,0.0
1994-11-16,4.45,4.48,4.45,4.45,749200,0.0,0.0
1994-11-17,4.4,4.4,4.28,4.32,884400,0.0,0.0
1994-11-18,4.3,4.36,4.28,4.3,948400,0.0,0.0
1994-11-21,4.33,4.33,4.18,4.2,802000,0.0,0.0
1994-11-22,4.2,4.22,4.13,4.15,1248400,0.0,0.0
1994-11-23,4.12,4.12,3.99,4.05,640800,0.0,0.0
1994-11-25,4.04,4.18,4.04,4.12,272000,0.0,0.0
1994-11-28,4.09,4.13,4.0,4.02,984000,0.0,0.0
1994-11-29,4.05,4.12,4.04,4.1,2981200,0.0,0.0
1994-11-30,4.1,4.13,4.09,4.13,1124800,0.0,0.0
1994-12-01,4.12,4.13,4.05,4.07,1376400,0.0,0.0
1994-12-02,4.05,4.07,4.04,4.07,914400,0.0,0.0
1994-12-05,4.04,4.05,4.0,4.02,1153200,0.0,0.0
1994-12-06,4.0,4.02,3.97,4.0,1229200,0.0,0.0
1994-12-07,3.99,3.99,3.95,3.95,1839200,0.0,0.0
1994-12-08,3.97,3.97,3.94,3.94,1267200,0.0,0.0
1994-12-09,3.95,3.95,3.87,3.89,1080800,0.0,0.0
1994-12-12,3.87,3.91,3.87,3.89,702800,0.0,0.0
1994-12-13,3.87,3.94,3.87,3.91,563600,0.0,0.0
1994-12-14,3.87,3.92,3.87,3.92,1474800,0.0,0.0
1994-12-15,3.87,3.95,3.87,3.91,706000,0.0,0.0
1994-12-16,3.94,3.94,3.89,3.91,1554400,0.0,0.0
1994-12-19,3.94,4.0,3.91,3.99,955200,0.0,0.0
1994-12-20,4.0,4.0,3.99,4.0,792800,0.0,0.0
1994-12-21,3.99,4.07,3.95,4.05,848400,0.0,0.0
1994-12-22,4.05,4.17,4.05,4.13,1083600,0.0,0.0
1994-12-23,4.1,4.12,4.04,4.09,317200,0.0,0.0
1994-12-27,4.09,4.12,3.97,4.0,453600,0.0,0.0
1994-12-28,4.0,4.0,3.91,3.94,404800,0.0,0.0
1994-12-29,3.89,4.0,3.89,3.97,675200,0.0,0.0
1994-12-30,3.94,4.05,3.91,4.05,858400,0.0,0.0
1995-01-03,4.09,4.17,4.09,4.12,948800,0.0,0.0
1995-01-04,4.09,4.1,4.09,4.1,540800,0.0,0.0
1995-01-05,4.1,4.13,4.09,4.12,474400,0.0,0.0
1995-01-06,4.13,4.13,4.09,4.12,1203200,0.0,0.0
1995-01-09,4.12,4.18,4.07,4.09,758800,0.0,0.0
1995-01-10,4.1,4.17,4.09,4.12,866400,0.0,0.0
1995-01-11,4.12,4.13,4.07,4.12,297200,0.0,0.0
1995-01-12,4.12,4.13,4.09,4.13,222800,0.0,0.0
1995-01-13,4.13,4.25,4.12,4.23,842400,0.0,0.0
1995-01-16,4.23,4.23,4.17,4.23,646800,0.0,0.0
1995-01-17,4.22,4.27,4.22,4.23,1012400,0.0,0.0
1995-01-18,4.25,4.25,4.2,4.23,201600,0.095,0.0
1995-01-19,4.17,4.2,4.17,4.18,404800,0.0,0.0
1995-01-20,4.22,4.23,4.17,4.23,647600,0.0,0.0
1995-01-23,4.18,4.18,4.17,4.17,417600,0.0,0.0
1995-01-24,4.2,4.23,4.15,4.17,647600,0.0,0.0
1995-01-25,4.15,4.17,4.13,4.13,2340800,0.0,0.0
1995-01-26,4.15,4.15,4.1,4.15,1425200,0.0,0.0
1995-01-27,4.15,4.15,4.13,4.13,452000,0.0,0.0
1995-01-30,4.12,4.13,4.08,4.08,804800,0.0,0.0
1995-01-31,4.08,4.1,4.08,4.08,644000,0.0,0.0
1995-02-01,4.12,4.12,4.07,4.08,1035600,0.0,0.0
1995-02-02,4.1,4.12,4.08,4.1,1036800,0.0,0.0
1995-02-03,4.1,4.17,4.08,4.08,958000,0.0,0.0
1995-02-06,4.13,4.23,4.13,4.22,1739600,0.0,0.0
1995-02-07,4.23,4.35,4.23,4.33,2263200,0.0,0.0
1995-02-08,4.33,4.37,4.33,4.37,1373600,0.0,0.0
1995-02-09,4.35,4.37,4.3,4.3,436400,0.0,0.0
1995-02-10,4.3,4.37,4.3,4.37,462400,0.0,0.0
1995-02-13,4.4,4.45,4.33,4.33,813200,0.0,0.0
1995-02-14,4.32,4.32,4.25,4.28,826400,0.0,0.0
1995-02-15,4.32,4.32,4.3,4.32,616000,0.0,0.0
1995-02-16,4.32,4.42,4.32,4.37,584000,0.0,0.0
1995-02-17,4.37,4.38,4.32,4.38,691200,0.0,0.0
1995-02-21,4.37,4.4,4.35,4.37,1588400,0.0,0.0
1995-02-22,4.37,4.4,4.3,4.3,754800,0.0,0.0
1995-02-23,4.33,4.37,4.32,4.35,2172400,0.0,0.0
1995-02-24,4.32,4.37,4.28,4.37,515200,0.0,0.0
1995-02-27,4.35,4.37,4.28,4.3,369200,0.0,0.0
1995-02-28,4.3,4.33,4.27,4.32,883200,0.0,0.0
1995-03-01,4.3,4.3,4.28,4.3,861600,0.0,0.0
1995-03-02,4.28,4.32,4.23,4.25,670000,0.0,0.0
1995-03-03,4.22,4.25,4.17,4.2,1139600,0.0,0.0
1995-03-06,4.22,4.23,4.17,4.22,1131600,0.0,0.0
1995-03-07,4.22,4.23,4.2,4.22,982800,0.0,0.0
1995-03-08,4.23,4.25,4.18,4.2,688000,0.0,0.0
1995-03-09,4.2,4.2,4.15,4.17,572800,0.0,0.0
1995-03-10,4.17,4.22,4.15,4.2,1917600,0.0,0.0
1995-03-13,4.2,4.2,4.17,4.18,606400,0.0,0.0
1995-03-14,4.18,4.25,4.17,4.2,951600,0.0,0.0
1995-03-15,4.22,4.27,4.2,4.23,347200,0.0,0.0
1995-03-16,4.25,4.37,4.23,4.37,950000,0.0,0.0
1995-03-17,4.4,4.43,4.38,4.42,2258800,0.0,0.0
1995-03-20,4.42,4.48,4.4,4.48,1222800,0.0,0.0
1995-03-21,4.45,4.65,4.45,4.58,1760800,0.0,0.0
1995-03-22,4.55,4.55,4.5,4.52,1040800,0.0,0.0
1995-03-23,4.52,4.55,4.5,4.52,1473200,0.0,0.0
1995-03-24,4.52,4.52,4.48,4.48,532000,0.0,0.0
1995-03-27,4.45,4.55,4.45,4.55,520400,0.0,0.0
1995-03-28,4.55,4.73,4.53,4.63,1315600,0.0,0.0
1995-03-29,4.62,4.72,4.6,4.63,1074000,0.0,0.0
1995-03-30,4.68,4.95,4.68,4.93,1853600,0.0,0.0
1995-03-31,4.93,4.98,4.83,4.95,1095200,0.0,0.0
1995-04-03,4.93,4.95,4.9,4.93,748000,0.0,0.0
1995-04-04,4.93,4.96,4.91,4.96,1160000,0.0,0.0
1995-04-05,4.96,4.96,4.91,4.93,498800,0.0,0.0
1995-04-06,4.91,4.91,4.8,4.85,1935200,0.0,0.0
1995-04-07,4.87,4.99,4.87,4.98,1000400,0.0,0.0
1995-04-10,4.93,4.96,4.9,4.96,588000,0.0,0.0
1995-04-11,4.95,5.01,4.91,4.95,979200,0.0,0.0
1995-04-12,4.91,4.93,4.87,4.93,441200,0.0,0.0
1995-04-13,4.9,4.91,4.88,4.88,504400,0.0,0.0
1995-04-17,4.87,4.87,4.75,4.75,844000,0.0,0.0
1995-04-18,4.78,4.78,4.67,4.78,1276800,0.095,0.0
1995-04-19,4.94,5.0,4.93,4.98,516800,0.38,0.0
1995-04-20,4.93,4.96,4.89,4.89,464400,0.0,0.0
1995-04-21,4.91,4.94,4.87,4.91,1252000,0.0,0.0
1995-04-24,4.91,5.04,4.91,5.03,440000,0.0,0.0
1995-04-25,5.0,5.0,4.93,4.96,239200,0.0,0.0
1995-04-26,4.91,4.93,4.84,4.93,457600,0.0,0.0
1995-04-27,4.89,4.89,4.87,4.87,318800,0.0,0.0
1995-04-28,4.86,5.01,4.86,5.01,838000,0.0,0.0
1995-05-01,5.0,5.01,4.95,4.98,600000,0.0,0.0
1995-05-02,4.96,4.98,4.89,4.98,1289200,0.0,0.0
1995-05-03,5.0,5.03,4.96,5.03,808000,0.0,0.0
1995-05-04,4.98,5.0,4.96,5.0,868000,0.0,0.0
1995-05-05,5.0,5.03,4.96,4.98,916400,0.0,0.0
1995-05-08,4.94,5.07,4.94,5.03,1093200,0.0,0.0
1995-05-09,5.03,5.03,5.0,5.03,838000,0.0,0.0
1995-05-10,5.01,5.08,5.01,5.05,2108800,0.0,0.0
1995-05-11,5.01,5.15,5.01,5.14,1208000,0.0,0.0
1995-05-12,5.14,5.24,5.12,5.22,1665200,0.0,0.0
1995-05-15,5.21,5.29,5.21,5.26,788400,0.0,0.0
1995-05-16,5.28,5.28,5.19,5.22,1321600,0.0,0.0
1995-05-17,5.22,5.38,5.22,5.38,1326800,0.0,0.0
1995-05-18,5.35,5.37,5.29,5.31,1332800,0.0,0.0
1995-05-19,5.33,5.36,5.24,5.36,972800,0.0,0.0
1995-05-22,5.36,5.38,5.33,5.36,1690000,0.0,0.0
1995-05-23,5.38,5.59,5.36,5.59,3060800,0.0,0.0
1995-05-24,5.57,5.57,5.43,5.47,1166000,0.0,0.0
1995-05-25,5.43,5.47,5.38,5.45,1187600,0.0,0.0
1995-05-26,5.43,5.45,5.36,5.38,1522800,0.0,0.0
1995-05-30,5.36,5.47,5.36,5.47,761200,0.0,0.0
1995-05-31,5.45,5.57,5.45,5.57,1040800,0.0,0.0
1995-06-01,5.4,5.42,5.31,5.33,1654000,0.0,0.0
1995-06-02,5.33,5.33,5.01,5.03,2856400,0.0,0.0
1995-06-05,5.01,5.05,5.0,5.01,1960800,0.0,0.0
1995-06-06,5.01,5.03,4.96,5.0,2533600,0.0,0.0
1995-06-07,5.01,5.01,4.94,5.0,534400,0.0,0.0
1995-06-08,5.0,5.0,4.96,4.96,855600,0.0,0.0
1995-06-09,4.98,4.98,4.89,4.93,1711600,0.0,0.0
1995-06-12,4.94,4.98,4.89,4.98,1382800,0.0,0.0
1995-06-13,4.98,5.03,4.98,4.98,1123600,0.0,0.0
1995-06-14,4.98,4.98,4.93,4.98,432400,0.0,0.0
1995-06-15,4.93,5.01,4.91,4.98,2833600,0.0,0.0
1995-06-16,4.98,5.0,4.91,4.91,2460800,0.0,0.0
1995-06-19,4.91,4.93,4.87,4.89,1152800,0.0,0.0
1995-06-20,4.91,4.98,4.88,4.93,4374400,0.0,0.0
1995-06-21,4.91,4.93,4.84,4.84,1410000,0.0,0.0
1995-06-22,4.86,4.86,4.82,4.86,800400,0.0,0.0
1995-06-23,4.84,4.86,4.82,4.84,429600,0.0,0.0
1995-06-26,4.79,4.86,4.79,4.79,534800,0.0,0.0
1995-06-27,4.79,4.89,4.79,4.8,2413200,0.0,0.0
1995-06-28,4.84,4.84,4.75,4.79,748400,0.0,0.0
1995-06-29,4.77,4.77,4.72,4.73,914800,0.0,0.0
1995-06-30,4.75,4.84,4.72,4.8,1256400,0.0,0.0
1995-07-03,4.77,4.79,4.73,4.79,257200,0.0,0.0
1995-07-05,4.79,4.79,4.72,4.73,1853600,0.0,0.0
1995-07-06,4.75,4.79,4.66,4.79,1038000,0.0,0.0
1995-07-07,4.79,4.79,4.65,4.7,1434000,0.0,0.0
1995-07-10,4.73,4.77,4.7,4.75,1496800,0.0,0.0
1995-07-11,4.75,4.87,4.75,4.86,1833200,0.0,0.0
1995-07-12,4.84,5.0,4.84,4.98,1634400,0.0,0.0
1995-07-13,4.94,4.95,4.93,4.93,784400,0.0,0.0
1995-07-14,4.91,4.94,4.87,4.91,470800,0.0,0.0
1995-07-17,4.91,4.93,4.87,4.89,679600,0.0,0.0
1995-07-18,5.13,5.17,5.1,5.17,827600,0.38,0.0
1995-07-19,5.17,5.19,5.08,5.11,1157600,0.0,0.0
1995-07-20,5.08,5.28,5.08,5.26,658400,0.095,0.0
1995-07-21,5.19,5.26,5.17,5.19,1265200,0.0,0.0
1995-07-24,5.19,5.26,5.17,5.17,530800,0.0,0.0
1995-07-25,5.17,5.39,5.15,5.37,962400,0.0,0.0
1995-07-26,5.41,5.52,5.34,5.41,1719200,0.0,0.0
1995-07-27,5.43,5.43,5.39,5.43,340000,0.0,0.0
1995-07-28,5.37,5.43,5.37,5.43,555200,0.0,0.0
1995-07-31,5.41,5.41,5.32,5.34,818800,0.0,0.0
1995-08-01,5.3,5.32,5.28,5.3,400800,0.0,0.0
1995-08-02,5.34,5.37,5.24,5.28,344800,0.0,0.0
1995-08-03,5.26,5.3,5.26,5.28,751200,0.0,0.0
1995-08-04,5.26,5.28,5.19,5.19,881200,0.0,0.0
1995-08-07,5.23,5.3,5.19,5.26,686800,0.0,0.0
1995-08-08,5.26,5.26,5.24,5.26,774800,0.0,0.0
1995-08-09,5.28,5.32,5.26,5.3,962800,0.0,0.0
1995-08-10,5.3,5.32,5.26,5.28,342800,0.0,0.0
1995-08-11,5.28,5.3,5.11,5.13,411600,0.0,0.0
1995-08-14,5.19,5.24,5.19,5.21,338400,0.0,0.0
1995-08-15,5.17,5.24,5.11,5.23,683200,0.0,0.0
1995-08-16,5.19,5.26,5.17,5.19,1172400,0.0,0.0
1995-08-17,5.19,5.21,5.15,5.15,562000,0.0,0.0
1995-08-18,5.15,5.17,5.11,5.15,1385200,0.0,0.0
1995-08-21,5.17,5.19,5.13,5.15,394800,0.0,0.0
1995-08-22,5.11,5.11,5.06,5.08,265600,0.0,0.0
1995-08-23,5.08,5.08,5.04,5.06,295600,0.0,0.0
1995-08-24,5.06,5.11,5.04,5.11,593600,0.0,0.0
1995-08-25,5.11,5.17,5.11,5.15,346000,0.0,0.0
1995-08-28,5.17,5.17,5.02,5.11,2358400,0.0,0.0
1995-08-29,5.13,5.13,5.04,5.04,1024400,0.0,0.0
1995-08-30,5.04,5.04,4.97,4.97,1936400,0.0,0.0
1995-08-31,4.93,4.98,4.86,4.95,4141600,0.0,0.0
1995-09-01,4.97,4.97,4.95,4.97,980000,0.0,0.0
1995-09-05,4.95,4.97,4.95,4.97,698000,0.0,0.0
1995-09-06,4.97,5.0,4.95,4.98,1128000,0.0,0.0
1995-09-07,5.0,5.0,4.95,4.97,878000,0.0,0.0
1995-09-08,5.0,5.08,4.98,5.08,969200,0.0,0.0
1995-09-11,5.08,5.13,5.06,5.1,2976400,0.0,0.0
1995-09-12,5.1,5.3,5.08,5.26,2669200,0.0,0.0
1995-09-13,5.26,5.26,5.17,5.19,2652800,0.0,0.0
1995-09-14,5.19,5.19,5.08,5.11,907600,0.0,0.0
1995-09-15,5.11,5.21,5.04,5.21,2330000,0.0,0.0
1995-09-18,5.15,5.15,5.1,5.15,2723600,0.0,0.0
1995-09-19,5.13,5.19,5.11,5.13,3120000,0.0,0.0
1995-09-20,5.13,5.17,5.1,5.15,1785200,0.0,0.0
1995-09-21,5.15,5.24,5.11,5.13,2318000,0.0,0.0
1995-09-22,5.06,5.13,5.04,5.11,1059600,0.0,0.0
1995-09-25,5.1,5.1,5.02,5.02,459200,0.0,0.0
1995-09-26,4.98,5.13,4.98,5.13,2572400,0.0,0.0
1995-09-27,5.1,5.13,5.08,5.08,1403600,0.0,0.0
1995-09-28,5.11,5.13,5.02,5.06,1024400,0.0,0.0
1995-09-29,5.08,5.13,5.04,5.11,704000,0.0,0.0
1995-10-02,5.19,5.24,5.17,5.19,2019200,0.0,0.0
1995-10-03,5.19,5.23,5.13,5.15,1645200,0.0,0.0
1995-10-04,5.19,5.19,5.08,5.08,767600,0.0,0.0
1995-10-05,5.08,5.1,5.06,5.1,500000,0.0,0.0
1995-10-06,5.13,5.23,5.06,5.21,1489200,0.0,0.0
1995-10-09,5.21,5.21,5.11,5.13,1012000,0.0,0.0
1995-10-10,5.04,5.15,5.03,5.15,1072400,0.0,0.0
1995-10-11,5.15,5.21,5.15,5.19,1311200,0.0,0.0
1995-10-12,5.17,5.19,5.15,5.17,350400,0.0,0.0
1995-10-13,5.21,5.24,5.19,5.19,785600,0.0,0.0
1995-10-16,5.3,5.5,5.26,5.26,5883200,0.0,0.0
1995-10-17,5.26,5.26,5.17,5.19,1652800,0.0,0.0
1995-10-18,5.19,5.24,5.19,5.21,2711600,0.0,0.0
1995-10-19,5.42,5.42,5.38,5.42,1351600,0.38,0.0
1995-10-20,5.4,5.42,5.33,5.39,1907600,0.095,0.0
1995-10-23,5.39,5.42,5.37,5.42,1741600,0.0,0.0
1995-10-24,5.56,5.6,5.19,5.23,3719600,0.0,0.0
1995-10-25,5.23,5.27,5.05,5.07,2146000,0.0,0.0
1995-10-26,5.01,5.01,4.86,4.99,2852000,0.0,0.0
1995-10-27,4.99,5.11,4.97,5.01,1701600,0.0,0.0
1995-10-30,5.01,5.07,5.01,5.03,639600,0.0,0.0
1995-10-31,5.05,5.05,4.95,5.01,1208400,0.0,0.0
1995-11-01,4.99,4.99,4.92,4.95,876800,0.0,0.0
1995-11-02,4.95,5.07,4.93,5.07,1735200,0.0,0.0
1995-11-03,5.05,5.09,4.97,4.99,786400,0.0,0.0
1995-11-06,4.95,4.97,4.86,4.88,1061200,0.0,0.0
1995-11-07,4.92,4.93,4.88,4.9,1472800,0.0,0.0
1995-11-08,4.9,4.92,4.86,4.92,1799600,0.0,0.0
1995-11-09,4.92,4.92,4.74,4.76,1144000,0.0,0.0
1995-11-10,4.72,4.72,4.64,4.7,2438000,0.0,0.0
1995-11-13,4.68,4.7,4.64,4.68,1921200,0.0,0.0
1995-11-14,4.6,4.74,4.6,4.68,3182000,0.0,0.0
1995-11-15,4.64,4.66,4.58,4.66,972400,0.0,0.0
1995-11-16,4.64,4.74,4.62,4.72,1881200,0.0,0.0
1995-11-17,4.76,4.76,4.7,4.74,1948800,0.0,0.0
1995-11-20,4.74,4.8,4.71,4.74,824000,0.0,0.0
1995-11-21,4.72,4.74,4.7,4.74,907600,0.0,0.0
1995-11-22,4.7,4.76,4.64,4.68,893200,0.0,0.0
1995-11-24,4.68,4.72,4.62,4.72,322000,0.0,0.0
1995-11-27,4.7,4.76,4.7,4.7,912800,0.0,0.0
1995-11-28,4.7,4.74,4.68,4.7,1020800,0.0,0.0
1995-11-29,4.68,4.72,4.66,4.7,937200,0.0,0.0
1995-11-30,4.68,4.88,4.66,4.88,1899200,0.0,0.0
1995-12-01,4.88,4.97,4.88,4.97,2138800,0.0,0.0
1995-12-04,4.93,5.01,4.9,5.01,2366800,0.0,0.0
1995-12-05,4.99,5.03,4.97,4.99,1604000,0.0,0.0
1995-12-06,5.01,5.05,4.93,4.95,1597600,0.0,0.0
1995-12-07,4.93,4.99,4.93,4.97,1589200,0.0,0.0
1995-12-08,4.95,5.01,4.88,4.92,1466000,0.0,0.0
1995-12-11,4.9,4.99,4.86,4.97,1592800,0.0,0.0
1995-12-12,4.93,5.01,4.93,5.01,1042800,0.0,0.0
1995-12-13,5.01,5.05,4.92,4.92,484800,0.0,0.0
1995-12-14,4.86,4.95,4.86,4.93,4819200,0.0,0.0
1995-12-15,4.95,4.99,4.93,4.97,1629200,0.0,0.0
1995-12-18,4.86,4.88,4.68,4.72,2000400,0.0,0.0
1995-12-19,4.52,4.6,4.48,4.58,4016000,0.0,0.0
1995-12-20,4.6,4.72,4.6,4.7,1568800,0.0,0.0
1995-12-21,4.72,4.9,4.72,4.88,2155600,0.0,0.0
1995-12-22,4.86,4.88,4.82,4.84,1854400,0.0,0.0
1995-12-26,4.82,4.82,4.7,4.76,844000,0.0,0.0
1995-12-27,4.72,4.76,4.72,4.76,935600,0.0,0.0
1995-12-28,4.76,4.8,4.74,4.8,909200,0.0,0.0
1995-12-29,4.74,4.82,4.72,4.82,679200,0.0,0.0
1996-01-02,4.78,4.99,4.74,4.99,745600,0.0,0.0
1996-01-03,4.95,4.97,4.88,4.95,464800,0.0,0.0
1996-01-04,4.95,4.95,4.82,4.86,1322400,0.0,0.0
1996-01-05,4.88,4.9,4.84,4.9,428000,0.0,0.0
1996-01-08,4.86,4.92,4.86,4.92,115600,0.0,0.0
1996-01-09,4.92,4.95,4.88,4.91,876000,0.0,0.0
1996-01-10,4.86,4.88,4.66,4.7,1324800,0.0,0.0
1996-01-11,4.7,4.7,4.66,4.7,1388000,0.0,0.0
1996-01-12,4.7,4.7,4.66,4.68,1200000,0.0,0.0
1996-01-15,4.66,4.7,4.66,4.68,181600,0.0,0.0
1996-01-16,4.68,4.72,4.68,4.7,1367200,0.0,0.0
1996-01-17,4.68,4.7,4.58,4.6,540000,0.0,0.0
1996-01-18,4.58,4.62,4.46,4.48,1364800,0.0,0.0
1996-01-19,4.48,4.5,4.44,4.44,1527200,0.0275,0.0
1996-01-22,4.44,4.44,4.31,4.34,2600000,0.0,0.0
1996-01-23,4.34,4.36,4.29,4.32,3722400,0.0,0.0
1996-01-24,4.34,4.48,4.32,4.48,6325200,0.0,0.0
1996-01-25,4.48,4.48,4.42,4.46,2809200,0.0,0.0
1996-01-26,4.46,4.5,4.42,4.44,2518800,0.0,0.0
1996-01-29,4.44,4.46,4.36,4.38,1657200,0.0,0.0
1996-01-30,4.38,4.48,4.38,4.44,1796000,0.0,0.0
1996-01-31,4.44,4.48,4.42,4.48,1768000,0.0,0.0
1996-02-01,4.46,4.64,4.46,4.59,2808800,0.0,0.0
1996-02-02,4.64,4.64,4.56,4.6,1807200,0.0,0.0
1996-02-05,4.54,4.62,4.52,4.62,806800,0.0,0.0
1996-02-06,4.58,4.68,4.54,4.64,1177600,0.0,0.0
1996-02-07,4.66,4.7,4.66,4.66,1708800,0.0,0.0
1996-02-08,4.72,4.76,4.7,4.72,4612800,0.0,0.0
1996-02-09,4.76,4.82,4.76,4.8,1598400,0.0,0.0
1996-02-12,4.82,4.91,4.8,4.88,738400,0.0,0.0
1996-02-13,4.86,4.91,4.78,4.89,1270400,0.0,0.0
1996-02-14,4.86,4.86,4.82,4.84,698800,0.0,0.0
1996-02-15,4.82,5.05,4.82,4.99,1609600,0.0,0.0
1996-02-16,4.97,5.01,4.95,4.97,1427600,0.0,0.0
1996-02-20,4.95,4.97,4.88,4.88,967600,0.0,0.0
1996-02-21,4.91,5.01,4.91,4.97,814000,0.0,0.0
1996-02-22,4.99,5.03,4.97,5.03,1937200,0.0,0.0
1996-02-23,5.05,5.06,5.03,5.05,1475200,0.0,0.0
1996-02-26,5.03,5.05,4.95,4.99,997200,0.0,0.0
1996-02-27,4.99,5.05,4.95,4.95,1384000,0.0,0.0
1996-02-28,4.97,5.09,4.95,4.99,2513200,0.0,0.0
1996-02-29,4.99,5.07,4.99,5.01,2770400,0.0,0.0
1996-03-01,5.01,5.17,5.01,5.15,2053200,0.0,0.0
1996-03-04,5.15,5.35,5.15,5.15,3368000,0.0,0.0
1996-03-05,5.17,5.23,5.15,5.17,2135600,0.0,0.0
1996-03-06,5.17,5.21,5.15,5.19,2734000,0.0,0.0
1996-03-07,5.17,5.19,5.13,5.17,3804400,0.0,0.0
1996-03-08,5.13,5.15,5.09,5.11,920800,0.0,0.0
1996-03-11,5.01,5.17,5.01,5.13,1344000,0.0,0.0
1996-03-12,5.15,5.17,5.11,5.17,1162800,0.0,0.0
1996-03-13,5.15,5.37,5.15,5.37,2420800,0.0,0.0
1996-03-14,5.33,5.41,5.27,5.39,1630800,0.0,0.0
1996-03-15,5.39,5.52,5.39,5.43,3950000,0.0,0.0
1996-03-18,5.41,5.45,5.39,5.41,1549600,0.0,0.0
1996-03-19,5.43,5.43,5.27,5.27,1037200,0.0,0.0
1996-03-20,5.29,5.29,5.21,5.25,811200,0.0,0.0
1996-03-21,5.25,5.33,5.21,5.27,1167600,0.0,0.0
1996-03-22,5.25,5.33,5.25,5.33,432400,0.0,0.0
1996-03-25,5.37,5.37,5.27,5.27,1056000,0.0,0.0
1996-03-26,5.27,5.33,5.25,5.25,2206400,0.0,0.0
1996-03-27,5.29,5.7,5.29,5.54,6792800,0.0,0.0
1996-03-28,5.46,5.7,5.46,5.66,4602400,0.0,0.0
1996-03-29,5.64,5.72,5.64,5.68,4415200,0.0,0.0
1996-04-01,5.7,5.8,5.62,5.62,4876400,0.0,0.0
1996-04-02,5.64,5.64,5.56,5.58,3727200,0.0,0.0
1996-04-03,5.54,5.68,5.54,5.64,3235600,0.0,0.0
1996-04-04,5.64,5.78,5.62,5.78,1455600,0.0,0.0
1996-04-08,5.74,5.9,5.7,5.82,4349600,0.0,0.0
1996-04-09,5.9,5.98,5.88,5.96,4428000,0.0,0.0
1996-04-10,5.94,6.03,5.94,6.03,5190000,0.0,0.0
1996-04-11,6.03,6.11,6.0,6.07,5208800,0.0,0.0
1996-04-12,6.05,6.05,6.0,6.0,7156400,0.0,0.0
1996-04-15,6.03,6.05,6.0,6.02,4829600,0.0,0.0
1996-04-16,6.02,6.05,5.88,6.05,5910000,0.0,0.0
1996-04-17,6.02,6.23,6.02,6.15,8287200,0.0,0.0
1996-04-18,6.19,6.25,6.13,6.23,3629600,0.0275,0.0
1996-04-19,6.23,6.33,6.21,6.29,4492400,0.0,0.0
1996-04-22,6.31,6.33,6.27,6.31,4268800,0.0,0.0
1996-04-23,6.29,6.33,6.27,6.31,2601200,0.0,0.0
1996-04-24,6.31,6.35,6.23,6.23,3922400,0.0,0.0
1996-04-25,6.27,6.31,6.23,6.29,1214800,0.0,0.0
1996-04-26,6.29,6.33,6.25,6.25,1688800,0.0,0.0
1996-04-29,6.25,6.25,6.21,6.23,1448000,0.0,0.0
1996-04-30,6.19,6.19,6.07,6.11,1688800,0.0,0.0
1996-05-01,6.13,6.17,6.13,6.15,2052000,0.0,0.0
1996-05-02,6.13,6.15,6.07,6.11,2821200,0.0,0.0
1996-05-03,6.09,6.09,6.03,6.09,1337200,0.0,0.0
1996-05-06,6.09,6.09,5.93,5.93,1366400,0.0,0.0
1996-05-07,5.93,5.97,5.91,5.93,1233200,0.0,0.0
1996-05-08,5.91,5.93,5.84,5.91,2457600,0.0,0.0
1996-05-09,5.93,5.99,5.89,5.91,1666400,0.0,0.0
1996-05-10,5.99,5.99,5.93,5.97,7433600,0.0,0.0
1996-05-13,5.97,6.09,5.97,6.09,6236000,0.0,0.0
1996-05-14,6.11,6.13,6.05,6.07,3310400,0.0,0.0
1996-05-15,6.07,6.11,6.05,6.07,1918800,0.0,0.0
1996-05-16,6.05,6.05,5.95,6.03,1058400,0.0,0.0
1996-05-17,6.05,6.09,6.03,6.07,2551600,0.0,0.0
1996-05-20,6.09,6.23,6.09,6.23,2916000,0.0,0.0
1996-05-21,6.23,6.29,6.19,6.27,2534000,0.0,0.0
1996-05-22,6.27,6.27,6.13,6.15,2399600,0.0,0.0
1996-05-23,6.17,6.25,6.11,6.15,2782800,0.0,0.0
1996-05-24,6.19,6.27,6.15,6.17,1734000,0.0,0.0
1996-05-28,6.25,6.29,6.21,6.25,1889600,0.0,0.0
1996-05-29,6.23,6.23,6.15,6.17,1642800,0.0,0.0
1996-05-30,6.17,6.35,6.09,6.27,2756800,0.0,0.0
1996-05-31,6.25,6.42,6.25,6.41,2676800,0.0,0.0
1996-06-03,6.56,6.7,6.51,6.56,4345600,0.0,0.0
1996-06-04,6.62,6.64,6.56,6.62,3364000,0.0,0.0
1996-06-05,6.66,6.9,6.66,6.88,5286000,0.0,0.0
1996-06-06,6.9,7.02,6.9,6.96,6712400,0.0,0.0
1996-06-07,6.82,6.86,6.76,6.76,2803600,0.0,0.0
1996-06-10,6.82,6.82,6.78,6.78,4872800,0.0,0.0
1996-06-11,6.78,6.8,6.7,6.7,1700000,0.0,0.0
1996-06-12,6.7,6.72,6.6,6.66,3740000,0.0,0.0
1996-06-13,6.62,6.62,6.41,6.54,3660000,0.0,0.0
1996-06-14,6.54,6.58,6.51,6.53,2168400,0.0,0.0
1996-06-17,6.54,6.58,6.49,6.49,2388800,0.0,0.0
1996-06-18,6.47,6.51,6.41,6.41,927200,0.0,0.0
1996-06-19,6.41,6.51,6.39,6.43,2917600,0.0,0.0
1996-06-20,6.43,6.47,6.31,6.35,1487200,0.0,0.0
1996-06-21,6.31,6.37,6.25,6.37,2895200,0.0,0.0
1996-06-24,6.37,6.45,6.37,6.41,1268800,0.0,0.0
1996-06-25,6.41,6.43,6.31,6.33,590800,0.0,0.0
1996-06-26,6.33,6.37,6.17,6.19,1349600,0.0,0.0
1996-06-27,6.19,6.35,6.19,6.35,1558400,0.0,0.0
1996-06-28,6.39,6.45,6.37,6.39,1421200,0.0,0.0
1996-07-01,6.43,6.53,6.43,6.51,1314400,0.0,0.0
1996-07-02,6.53,6.53,6.37,6.49,764400,0.0,0.0
1996-07-03,6.49,6.49,6.41,6.45,604000,0.0,0.0
1996-07-05,6.31,6.33,6.27,6.31,587600,0.0,0.0
1996-07-08,6.27,6.29,6.09,6.09,1158800,0.0,0.0
1996-07-09,6.11,6.11,6.07,6.09,1290400,0.0,0.0
1996-07-10,6.11,6.19,6.11,6.15,2975600,0.0,0.0
1996-07-11,6.17,6.17,5.91,6.07,1619600,0.0,0.0
1996-07-12,6.05,6.27,6.05,6.09,1862400,0.0,0.0
1996-07-15,6.11,6.15,5.97,5.99,1824000,0.0,0.0
1996-07-16,6.03,6.05,5.78,5.85,2535200,0.0,0.0
1996-07-17,5.95,6.15,5.93,6.15,1024000,0.0,0.0
1996-07-18,6.22,6.26,6.06,6.24,544400,0.11,0.0
1996-07-19,6.26,6.26,6.16,6.16,2911600,0.0275,0.0
1996-07-22,6.16,6.26,6.08,6.24,744000,0.0,0.0
1996-07-23,6.2,6.28,6.08,6.08,1340800,0.0,0.0
1996-07-24,6.04,6.08,5.96,6.06,1278400,0.0,0.0
1996-07-25,6.08,6.28,6.06,6.26,770000,0.0,0.0
1996-07-26,6.28,6.32,6.24,6.24,519200,0.0,0.0
1996-07-29,6.24,6.3,6.22,6.22,397600,0.0,0.0
1996-07-30,6.22,6.24,6.14,6.22,759200,0.0,0.0
1996-07-31,6.22,6.28,6.2,6.26,906000,0.0,0.0
1996-08-01,6.26,6.4,6.26,6.38,524800,0.0,0.0
1996-08-02,6.4,6.52,6.4,6.5,1518800,0.0,0.0
1996-08-05,6.5,6.52,6.42,6.48,792000,0.0,0.0
1996-08-06,6.48,6.48,6.36,6.42,763200,0.0,0.0
1996-08-07,6.44,6.56,6.44,6.52,1752000,0.0,0.0
1996-08-08,6.54,6.62,6.52,6.6,2293600,0.0,0.0
1996-08-09,6.7,6.92,6.7,6.8,2455600,0.0,0.0
1996-08-12,6.82,6.96,6.82,6.96,1321200,0.0,0.0
1996-08-13,6.92,7.04,6.92,7.0,2792000,0.0,0.0
1996-08-14,6.98,7.04,6.96,7.02,3898400,0.0,0.0
1996-08-15,7.04,7.04,6.96,6.96,784400,0.0,0.0
1996-08-16,6.96,7.0,6.96,6.96,1540000,0.0,0.0
1996-08-19,6.96,6.96,6.88,6.88,867200,0.0,0.0
1996-08-20,6.88,6.92,6.84,6.92,605200,0.0,0.0
1996-08-21,6.9,6.96,6.88,6.92,640400,0.0,0.0
1996-08-22,6.92,6.92,6.86,6.88,2246400,0.0,0.0
1996-08-23,6.92,6.96,6.88,6.9,622000,0.0,0.0
1996-08-26,6.88,6.88,6.82,6.82,598400,0.0,0.0
1996-08-27,6.84,6.86,6.82,6.86,1266800,0.0,0.0
1996-08-28,6.82,6.9,6.82,6.88,522000,0.0,0.0
1996-08-29,6.88,6.9,6.76,6.84,921600,0.0,0.0
1996-08-30,6.82,6.82,6.7,6.76,535200,0.0,0.0
1996-09-03,6.68,6.84,6.62,6.84,870800,0.0,0.0
1996-09-04,6.82,6.88,6.76,6.78,1644000,0.0,0.0
1996-09-05,6.76,6.84,6.74,6.8,5515200,0.0,0.0
1996-09-06,7.04,7.04,6.92,7.0,2990000,0.0,0.0
1996-09-09,7.02,7.06,7.0,7.06,778800,0.0,0.0
1996-09-10,7.08,7.08,7.03,7.08,2188000,0.0,0.0
1996-09-11,7.06,7.08,7.02,7.06,4128800,0.0,0.0
1996-09-12,7.16,7.3,7.16,7.3,4021200,0.0,0.0
1996-09-13,7.36,7.36,7.2,7.2,4422000,0.0,0.0
1996-09-16,7.24,7.28,7.16,7.16,1679200,0.0,0.0
1996-09-17,7.16,7.16,7.02,7.08,2814800,0.0,0.0
1996-09-18,7.12,7.2,7.04,7.04,1253200,0.0,0.0
1996-09-19,7.04,7.12,7.02,7.08,2391200,0.0,0.0
1996-09-20,7.1,7.12,7.06,7.12,2337600,0.0,0.0
1996-09-23,7.1,7.12,7.04,7.1,443600,0.0,0.0
1996-09-24,7.18,7.2,7.14,7.18,3491200,0.0,0.0
1996-09-25,7.2,7.2,7.1,7.1,1299600,0.0,0.0
1996-09-26,7.08,7.12,7.05,7.06,3369200,0.0,0.0
1996-09-27,7.06,7.1,7.0,7.02,4444000,0.0,0.0
1996-09-30,7.02,7.1,6.98,7.06,1437600,0.0,0.0
1996-10-01,7.04,7.06,7.0,7.02,577200,0.0,0.0
1996-10-02,7.04,7.04,6.94,6.98,3200000,0.0,0.0
1996-10-03,7.02,7.02,6.9,6.94,3575200,0.0,0.0
1996-10-04,6.96,7.04,6.94,7.02,4747600,0.0,0.0
1996-10-07,7.02,7.06,6.98,6.98,2564400,0.0,0.0
1996-10-08,7.0,7.04,6.96,7.02,2962000,0.0,0.0
1996-10-09,7.02,7.02,6.92,6.98,1038800,0.0,0.0
1996-10-10,7.02,7.08,7.0,7.06,9442800,0.0,0.0
1996-10-11,7.06,7.12,7.02,7.02,2486800,0.0,0.0
1996-10-14,7.02,7.14,7.02,7.1,2074800,0.0,0.0
1996-10-15,7.16,7.16,7.02,7.04,1276000,0.0,0.0
1996-10-16,7.07,7.18,7.04,7.04,1094000,1.475,0.0
1996-10-17,7.07,7.25,7.07,7.23,1813600,0.0,0.0
1996-10-18,7.29,7.36,7.26,7.33,2587200,0.11,0.0
1996-10-21,7.31,7.41,7.29,7.29,1513200,0.007,0.0
1996-10-22,7.38,7.43,7.15,7.15,1354400,0.0,0.0
1996-10-23,7.15,7.15,7.01,7.03,1470000,0.0,0.0
1996-10-24,6.99,7.13,6.85,7.01,2481200,0.0,0.0
1996-10-25,6.96,6.96,6.82,6.85,3454000,0.0,0.0
1996-10-28,6.89,6.92,6.8,6.82,2497600,0.0,0.0
1996-10-29,6.87,6.96,6.85,6.85,1291200,0.0,0.0
1996-10-30,6.87,6.94,6.82,6.94,1451200,0.0,0.0
1996-10-31,6.96,7.1,6.96,6.96,3537600,0.0,0.0
1996-11-01,6.94,7.1,6.89,7.1,2827200,0.0,0.0
1996-11-04,7.1,7.2,7.08,7.1,1789200,0.0,0.0
1996-11-05,7.2,7.24,7.17,7.17,4005600,0.0,0.0
1996-11-06,7.2,7.36,7.2,7.34,3138800,0.0,0.0
1996-11-07,7.36,7.36,7.24,7.27,1707200,0.0,0.0
1996-11-08,7.29,7.31,7.27,7.31,2566800,0.0,0.0
1996-11-11,7.31,7.38,7.31,7.31,2411200,0.0,0.0
1996-11-12,7.36,7.36,7.27,7.29,2760000,0.0,0.0
1996-11-13,7.29,7.46,7.29,7.43,4007200,0.0,0.0
1996-11-14,7.46,7.57,7.46,7.53,2994000,0.0,0.0
1996-11-15,7.53,7.64,7.5,7.57,3938000,0.0,0.0
1996-11-18,7.55,7.88,7.55,7.74,2533200,0.0,0.0
1996-11-19,7.67,7.76,7.67,7.69,2422800,0.0,0.0
1996-11-20,7.67,7.67,7.48,7.53,2891600,0.0,0.0
1996-11-21,7.5,7.61,7.46,7.53,2691600,0.0,0.0
1996-11-22,7.5,7.81,7.43,7.76,1222000,0.0,0.0
1996-11-25,7.74,7.85,7.74,7.85,876400,0.0,0.0
1996-11-26,7.85,7.88,7.74,7.76,2534400,0.0,0.0
1996-11-27,7.76,7.76,7.71,7.71,530000,0.0,0.0
1996-11-29,7.71,7.74,7.67,7.69,264400,0.0,0.0
1996-12-02,7.67,7.71,7.64,7.69,1615200,0.0,0.0
1996-12-03,7.71,7.71,7.6,7.62,2872800,0.0,0.0
1996-12-04,7.85,7.85,7.71,7.71,6026800,0.0,0.0
1996-12-05,7.74,7.76,7.62,7.67,2401600,0.0,0.0
1996-12-06,7.6,7.76,7.48,7.69,1108400,0.0,0.0
1996-12-09,7.74,7.74,7.62,7.74,1150000,0.0,0.0
1996-12-10,7.74,7.75,7.71,7.74,530800,0.0,0.0
1996-12-11,7.64,7.71,7.62,7.69,850400,0.0,0.0
1996-12-12,7.67,7.76,7.67,7.74,2049600,0.0,0.0
1996-12-13,7.69,7.74,7.64,7.64,1452800,0.0,0.0
1996-12-16,7.64,7.69,7.64,7.64,1316000,0.0,0.0
1996-12-17,7.62,7.64,7.55,7.55,2225600,0.0,0.0
1996-12-18,7.55,7.57,7.46,7.48,1523200,0.0,0.0
1996-12-19,7.48,7.53,7.48,7.5,1884800,0.0,0.0
1996-12-20,7.85,7.85,7.6,7.62,1866400,0.0,0.0
1996-12-23,7.67,7.78,7.64,7.69,448000,0.0,0.0
1996-12-24,7.67,7.76,7.67,7.76,274800,0.0,0.0
1996-12-26,7.76,7.85,7.74,7.76,1107200,0.0,0.0
1996-12-27,7.81,7.83,7.81,7.81,1414800,0.0,0.0
1996-12-30,7.83,7.85,7.74,7.76,548400,0.0,0.0
1996-12-31,7.76,7.76,7.67,7.74,585200,0.0,0.0
1997-01-02,7.71,7.71,7.29,7.36,1659600,0.0,0.0
1997-01-03,7.48,7.57,7.48,7.55,1691200,0.0,0.0
1997-01-06,7.57,7.67,7.53,7.57,1391200,0.0,0.0
1997-01-07,7.48,7.78,7.34,7.78,2533200,0.0,0.0
1997-01-08,7.76,7.76,7.64,7.64,1228800,0.0,0.0
1997-01-09,7.67,7.67,7.53,7.53,812400,0.0,0.0
1997-01-10,7.43,7.62,7.43,7.62,965600,0.0,0.0
1997-01-13,7.57,7.67,7.5,7.5,738400,0.0,0.0
1997-01-14,7.57,7.62,7.53,7.62,1564000,0.0,0.0
1997-01-15,7.64,7.78,7.64,7.76,3791600,0.0,0.0
1997-01-16,7.85,8.11,7.83,8.11,1585200,0.0,0.0
1997-01-17,8.04,8.04,7.95,7.95,1284000,0.0,0.0
1997-01-20,7.97,7.99,7.95,7.97,1241200,0.0,0.0
1997-01-21,8.0,8.0,7.79,7.86,3941600,0.007,0.0
1997-01-22,7.86,7.93,7.83,7.9,610000,0.0,0.0
1997-01-23,7.9,7.97,7.65,7.67,1098400,0.0,0.0
1997-01-24,7.76,8.07,7.69,8.04,3813600,0.0,0.0
1997-01-27,8.07,8.07,7.86,8.02,4625600,0.0,0.0
1997-01-28,8.02,8.07,7.95,7.95,1753200,0.0,0.0
1997-01-29,8.0,8.23,7.97,8.21,3434400,0.0,0.0
1997-01-30,8.21,8.26,8.14,8.18,1507200,0.0,0.0
1997-01-31,8.26,8.44,8.07,8.09,1735200,0.0,0.0
1997-02-03,8.07,8.37,7.97,8.35,946000,0.0,0.0
1997-02-04,8.33,8.47,8.33,8.4,1010800,0.0,0.0
1997-02-05,8.42,8.44,8.11,8.28,1302800,0.0,0.0
1997-02-06,8.23,8.28,8.18,8.23,958000,0.0,0.0
1997-02-07,8.75,8.86,8.56,8.82,8836400,0.0,0.0
1997-02-10,8.79,8.79,8.54,8.61,2039200,0.0,0.0
1997-02-11,8.65,8.7,8.54,8.68,2596800,0.0,0.0
1997-02-12,8.61,8.68,8.58,8.68,1249200,0.0,0.0
1997-02-13,8.58,8.75,8.58,8.75,1316400,0.0,0.0
1997-02-14,8.7,8.72,8.65,8.7,842800,0.0,0.0
1997-02-18,8.7,8.7,8.51,8.56,836000,0.0,0.0
1997-02-19,8.56,8.56,8.44,8.51,913200,0.0,0.0
1997-02-20,8.37,8.47,8.33,8.42,1065600,0.0,0.0
1997-02-21,8.42,8.44,8.35,8.37,879200,0.0,0.0
1997-02-24,8.4,8.63,8.4,8.58,1652000,0.0,0.0
1997-02-25,8.56,8.82,8.54,8.79,2070000,0.0,0.0
1997-02-26,8.79,8.82,8.65,8.65,2152800,0.0,0.0
1997-02-27,8.65,8.82,8.65,8.65,1585600,0.0,0.0
1997-02-28,8.61,8.82,8.61,8.65,1318000,0.0,0.0
1997-03-03,8.7,8.77,8.56,8.63,920000,0.0,0.0
1997-03-04,8.63,8.7,8.58,8.65,808400,0.0,0.0
1997-03-05,8.65,8.82,8.65,8.82,2787200,0.0,0.0
1997-03-06,8.82,8.86,8.72,8.77,1402000,0.0,0.0
1997-03-07,8.77,8.77,8.63,8.63,1524800,0.0,0.0
1997-03-10,8.65,8.65,8.58,8.61,1050400,0.0,0.0
1997-03-11,8.61,8.65,8.56,8.63,3862000,0.0,0.0
1997-03-12,8.63,8.79,8.61,8.79,1312800,0.0,0.0
1997-03-13,8.75,8.75,8.58,8.63,994800,0.0,0.0
1997-03-14,8.65,8.72,8.58,8.65,823200,0.0,0.0
1997-03-17,8.63,8.68,8.54,8.65,1329200,0.0,0.0
1997-03-18,8.65,8.68,8.44,8.58,1006800,0.0,0.0
1997-03-19,8.54,8.61,8.51,8.58,1639200,0.0,0.0
1997-03-20,8.58,8.68,8.56,8.56,2148000,0.0,0.0
1997-03-21,8.58,8.61,8.51,8.58,2268800,0.0,0.0
1997-03-24,8.61,8.75,8.56,8.7,1472400,0.0,0.0
1997-03-25,8.75,8.84,8.72,8.75,1533600,0.0,0.0
1997-03-26,8.75,8.98,8.75,8.91,1646000,0.0,0.0
1997-03-27,8.91,8.91,8.82,8.86,1855600,0.0,0.0
1997-03-31,8.86,8.86,8.49,8.63,1599200,0.0,0.0
1997-04-01,8.61,8.63,8.54,8.56,1214800,0.0,0.0
1997-04-02,8.54,8.56,8.42,8.43,2751600,0.0,0.0
1997-04-03,8.42,8.49,8.3,8.37,1484000,0.0,0.0
1997-04-04,8.28,8.49,8.28,8.47,2430800,0.0,0.0
1997-04-07,8.56,8.7,8.54,8.68,2376400,0.0,0.0
1997-04-08,8.72,8.72,8.63,8.7,3416000,0.0,0.0
1997-04-09,8.75,8.86,8.7,8.86,2669600,0.0,0.0
1997-04-10,8.86,8.86,8.72,8.79,1728400,0.0,0.0
1997-04-11,8.77,8.77,8.58,8.58,2289200,0.0,0.0
1997-04-14,8.61,8.75,8.61,8.75,2910000,0.0,0.0
1997-04-15,8.89,8.98,8.86,8.96,2370800,0.0,0.0
1997-04-16,8.93,9.1,8.91,9.1,2616000,0.0,0.0
1997-04-17,9.1,9.14,9.05,9.1,3766000,0.0,0.0
1997-04-18,9.1,9.21,9.05,9.19,2253200,0.0,0.0
1997-04-21,9.24,9.27,8.99,9.08,2628800,0.007,0.0
1997-04-22,9.06,9.06,8.99,8.99,1988000,0.0,0.0
1997-04-23,9.08,9.13,8.94,8.99,4501600,0.0,0.0
1997-04-24,9.1,9.36,9.1,9.31,7239600,0.0,0.0
1997-04-25,9.34,9.34,9.24,9.24,1954000,0.0,0.0
1997-04-28,9.22,9.24,9.08,9.1,2232800,0.0,0.0
1997-04-29,9.17,9.2,9.1,9.2,3670400,0.0,0.0
1997-04-30,9.15,9.34,9.15,9.29,4248800,0.0,0.0
1997-05-01,9.27,9.27,9.06,9.17,3180400,0.0,0.0
1997-05-02,9.2,9.29,9.17,9.29,1586800,0.0,0.0
1997-05-05,9.29,9.41,9.27,9.38,1852800,0.0,0.0
1997-05-06,9.03,9.2,9.03,9.1,3755600,0.0,0.0
1997-05-07,9.08,9.1,8.96,9.06,2620000,0.0,0.0
1997-05-08,9.03,9.06,8.87,8.91,3832800,0.0,0.0
1997-05-09,8.94,8.99,8.73,8.84,2560000,0.0,0.0
1997-05-12,8.89,8.89,8.75,8.8,1464800,0.0,0.0
1997-05-13,8.82,8.94,8.68,8.75,3698400,0.0,0.0
1997-05-14,8.77,8.87,8.77,8.8,2394400,0.0,0.0
1997-05-15,8.8,8.8,8.68,8.7,2505200,0.0,0.0
1997-05-16,8.68,8.7,8.63,8.7,3066800,0.0,0.0
1997-05-19,8.75,8.77,8.68,8.75,1577600,0.0,0.0
1997-05-20,8.7,8.7,8.59,8.63,2115200,0.0,0.0
1997-05-21,8.63,8.63,8.38,8.4,3658000,0.0,0.0
1997-05-22,8.45,8.56,8.42,8.54,2584800,0.0,0.0
1997-05-23,8.56,8.73,8.52,8.73,2348800,0.0,0.0
1997-05-27,8.73,8.99,8.73,8.91,4081600,0.0,0.0
1997-05-28,8.94,8.96,8.87,8.96,4532000,0.0,0.0
1997-05-29,8.96,9.08,8.94,8.94,4545200,0.0,0.0
1997-05-30,8.84,8.96,8.8,8.91,10657600,0.0,0.0
1997-06-02,8.99,9.01,8.87,8.96,3876400,0.0,0.0
1997-06-03,8.91,8.96,8.87,8.91,2474800,0.0,0.0
1997-06-04,8.94,8.94,8.82,8.84,3024000,0.0,0.0
1997-06-05,8.87,8.89,8.73,8.75,2298800,0.0,0.0
1997-06-06,8.73,8.91,8.73,8.91,4336800,0.0,0.0
1997-06-09,8.87,9.03,8.87,8.91,2367600,0.0,0.0
1997-06-10,8.94,9.01,8.91,9.01,2621600,0.0,0.0
1997-06-11,9.01,9.1,9.0,9.06,2424000,0.0,0.0
1997-06-12,9.08,9.34,9.06,9.34,3878400,0.0,0.0
1997-06-13,9.36,9.36,9.24,9.34,3146800,0.0,0.0
1997-06-16,9.36,9.45,9.13,9.24,3014400,0.0,0.0
1997-06-17,9.34,9.41,9.2,9.22,2193600,0.0,0.0
1997-06-18,9.27,9.31,9.17,9.27,1220800,0.0,0.0
1997-06-19,9.31,9.62,9.29,9.62,2742800,0.0,0.0
1997-06-20,9.71,10.06,9.64,10.06,3392400,0.0,0.0
1997-06-23,10.06,10.06,9.52,9.64,2409600,0.0,0.0
1997-06-24,9.73,9.83,9.52,9.78,2696800,0.0,0.0
1997-06-25,9.83,10.04,9.57,9.76,1895600,0.0,0.0
1997-06-26,9.73,9.92,9.59,9.73,838800,0.0,0.0
1997-06-27,9.84,9.84,9.65,9.68,926000,0.0,0.0
1997-06-30,9.71,9.86,9.57,9.59,2018400,0.0,0.0
1997-07-01,9.64,9.89,9.64,9.87,1465600,0.0,0.0
1997-07-02,9.92,9.97,9.78,9.9,1168400,0.0,0.0
1997-07-03,9.99,10.21,9.99,10.2,1084800,0.0,0.0
1997-07-07,10.32,10.38,10.13,10.13,2125600,0.0,0.0
1997-07-08,9.97,10.2,9.92,10.2,1878400,0.0,0.0
1997-07-09,10.3,10.34,9.98,10.08,1907200,0.0,0.0
1997-07-10,10.06,10.31,10.03,10.24,1704800,0.0,0.0
1997-07-11,10.25,10.25,10.04,10.21,981600,0.0,0.0
1997-07-14,10.24,10.28,10.06,10.11,599200,0.0,0.0
1997-07-15,10.16,10.16,9.76,9.87,2601200,0.0,0.0
1997-07-16,9.97,9.98,9.73,9.83,2248800,0.0,0.0
1997-07-17,9.83,10.01,9.68,9.94,2990000,0.0,0.0
1997-07-18,9.87,9.87,9.64,9.66,1576800,0.0,0.0
1997-07-21,9.67,9.67,9.53,9.58,2085600,0.007,0.0
1997-07-22,9.65,9.79,9.58,9.76,2084800,0.0,0.0
1997-07-23,9.81,10.16,9.77,10.11,2968000,0.0,0.0
1997-07-24,10.21,10.3,10.16,10.22,17316800,0.0,0.0
1997-07-25,10.3,10.55,10.27,10.54,5199200,0.0,0.0
1997-07-28,10.51,10.57,10.48,10.55,2848800,0.0,0.0
1997-07-29,10.55,10.78,10.5,10.71,2316000,0.0,0.0
1997-07-30,10.66,10.73,10.55,10.59,1822800,0.0,0.0
1997-07-31,10.68,10.76,10.45,10.63,2286000,0.0,0.0
1997-08-01,10.65,10.68,10.49,10.68,2267600,0.0,0.0
1997-08-04,10.7,10.75,10.54,10.68,894400,0.0,0.0
1997-08-05,10.84,10.85,10.72,10.72,1478800,0.0,0.0
1997-08-06,10.68,10.76,10.62,10.68,1590800,0.0,0.0
1997-08-07,10.68,10.71,10.61,10.61,1174800,0.0,0.0
1997-08-08,10.61,10.65,10.42,10.43,1721600,0.0,0.0
1997-08-11,10.48,10.5,10.39,10.49,1669600,0.0,0.0
1997-08-12,10.54,10.73,10.54,10.69,1295600,0.0,0.0
1997-08-13,10.69,10.72,10.48,10.68,2544400,0.0,0.0
1997-08-14,10.65,10.75,10.58,10.68,1811600,0.0,0.0
1997-08-15,10.63,10.65,10.5,10.56,2508000,0.0,0.0
1997-08-18,10.54,10.61,10.46,10.54,2710800,0.0,0.0
1997-08-19,10.56,10.62,10.39,10.49,2308400,0.0,0.0
1997-08-20,10.44,10.54,10.42,10.54,2235200,0.0,0.0
1997-08-21,10.54,10.57,10.43,10.45,3363600,0.0,0.0
1997-08-22,10.34,10.41,10.25,10.41,991200,0.0,0.0
1997-08-25,10.54,10.66,10.51,10.58,2486000,0.0,0.0
1997-08-26,10.61,10.91,10.61,10.86,2514400,0.0,0.0
1997-08-27,10.77,10.82,10.68,10.76,3303600,0.0,0.0
1997-08-28,10.72,10.85,10.7,10.75,1100000,0.0,0.0
1997-08-29,10.72,10.75,10.55,10.56,1352400,0.0,0.0
1997-09-02,10.58,10.86,10.58,10.76,2850800,0.0,0.0
1997-09-03,10.78,11.03,10.78,10.8,1417600,0.0,0.0
1997-09-04,10.82,11.05,10.78,10.98,2708400,0.0,0.0
1997-09-05,11.02,11.18,11.02,11.11,2607200,0.0,0.0
1997-09-08,11.04,11.11,10.93,11.07,820800,0.0,0.0
1997-09-09,11.05,11.07,10.96,11.04,1768800,0.0,0.0
1997-09-10,10.99,10.99,10.82,10.92,1396000,0.0,0.0
1997-09-11,10.89,10.89,10.63,10.66,2113600,0.0,0.0
1997-09-12,10.68,10.98,10.63,10.96,1839200,0.0,0.0
1997-09-15,10.91,11.07,10.91,11.02,1573200,0.0,0.0
1997-09-16,11.05,11.24,11.05,11.21,1636000,0.0,0.0
1997-09-17,11.05,11.07,10.84,10.85,3321200,0.0,0.0
1997-09-18,10.86,10.94,10.77,10.8,3484800,0.0,0.0
1997-09-19,10.77,10.99,10.77,10.97,2028000,0.0,0.0
1997-09-22,10.96,11.0,10.84,10.89,1358000,0.0,0.0
1997-09-23,10.91,10.96,10.54,10.69,3089600,0.0,0.0
1997-09-24,10.7,10.7,10.38,10.43,3307200,0.0,0.0
1997-09-25,10.44,10.46,10.28,10.3,2306000,0.0,0.0
1997-09-26,10.39,10.58,10.39,10.54,1880000,0.0,0.0
1997-09-29,10.61,10.61,10.25,10.38,2238800,0.0,0.0
1997-09-30,10.49,10.72,10.49,10.65,2992400,0.0,0.0
1997-10-01,10.68,10.69,10.49,10.69,1719200,0.0,0.0
1997-10-02,10.54,10.62,10.36,10.46,2041600,0.0,0.0
1997-10-03,10.72,10.79,10.36,10.64,1498400,0.0,0.0
1997-10-06,10.68,10.68,10.23,10.46,2858000,0.0,0.0
1997-10-07,10.56,10.86,10.49,10.86,3446000,0.0,0.0
1997-10-08,10.86,10.89,10.59,10.69,1908400,0.0,0.0
1997-10-09,10.69,10.76,10.52,10.63,2595200,0.0,0.0
1997-10-10,10.77,10.86,10.69,10.85,1352800,0.0,0.0
1997-10-13,11.14,11.17,10.85,10.96,1697200,0.0,0.0
1997-10-14,11.07,11.24,11.07,11.14,2076400,0.0,0.0
1997-10-15,11.12,11.17,10.9,10.9,1105600,0.0,0.0
1997-10-16,10.9,11.06,10.57,10.7,882800,0.0,0.0
1997-10-17,10.59,10.63,10.25,10.63,1738000,0.0,0.0
1997-10-20,10.64,10.77,10.49,10.58,813200,0.0,0.0
1997-10-21,10.65,10.79,10.65,10.7,1193200,0.0275,0.0
1997-10-22,10.79,11.26,10.7,11.15,2638400,0.0,0.0
1997-10-23,11.11,11.24,11.05,11.17,3596800,0.0,0.0
1997-10-24,11.26,11.42,11.17,11.4,3169200,0.0,0.0
1997-10-27,11.24,11.25,9.57,10.81,1771200,0.0,0.0
1997-10-28,10.72,11.06,10.32,11.06,2902000,0.0,0.0
1997-10-29,11.06,11.33,10.98,11.27,2568400,0.0,0.0
1997-10-30,11.17,11.39,11.12,11.19,1802800,0.0,0.0
1997-10-31,11.27,11.59,11.26,11.51,2115600,0.0,0.0
1997-11-03,11.63,11.92,11.63,11.86,2381600,0.0,0.0
1997-11-04,11.83,12.0,11.71,11.93,1421600,0.0,0.0
1997-11-05,12.15,12.36,11.96,12.3,2377600,0.0,0.0
1997-11-06,12.33,12.33,12.16,12.17,1694400,0.0,0.0
1997-11-07,11.89,12.05,11.69,11.96,1034400,0.0,0.0
1997-11-10,11.96,12.02,11.78,11.8,1478400,0.0,0.0
1997-11-11,11.82,11.96,11.82,11.96,689200,0.0,0.0
1997-11-12,11.87,11.94,11.73,11.73,1146800,0.0,0.0
1997-11-13,11.74,11.76,11.35,11.45,2688800,0.0,0.0
1997-11-14,11.44,12.13,11.26,12.03,2421600,0.0,0.0
1997-11-17,12.08,12.24,11.99,12.02,1122800,0.0,0.0
1997-11-18,11.97,12.21,11.95,12.17,1314400,0.0,0.0
1997-11-19,12.08,12.2,12.0,12.13,1285200,0.0,0.0
1997-11-20,12.2,12.53,12.13,12.24,1396800,0.0,0.0
1997-11-21,12.2,12.31,12.1,12.2,1672800,0.0,0.0
1997-11-24,12.16,12.39,12.01,12.06,1635200,0.0,0.0
1997-11-25,12.13,12.19,11.78,11.87,5094400,0.0,0.0
1997-11-26,11.92,12.22,11.92,12.07,1990800,0.0,0.0
1997-11-28,12.24,12.56,12.23,12.48,825600,0.0,0.0
1997-12-01,12.62,13.14,12.57,12.94,3417200,0.0,0.0
1997-12-02,12.88,12.91,12.68,12.68,1383200,0.0,0.0
1997-12-03,12.68,12.68,12.37,12.46,1158400,0.0,0.0
1997-12-04,12.48,12.5,12.2,12.29,1775200,0.0,0.0
1997-12-05,12.27,12.27,12.05,12.17,2417600,0.0,0.0
1997-12-08,11.92,12.2,11.92,12.1,2211600,0.0,0.0
1997-12-09,12.06,12.1,11.95,12.05,1820800,0.0,0.0
1997-12-10,12.08,12.26,11.99,12.24,2276800,0.0,0.0
1997-12-11,12.12,12.62,12.08,12.53,2639200,0.0,0.0
1997-12-12,12.53,12.53,12.33,12.35,3274400,0.0,0.0
1997-12-15,12.39,12.39,12.26,12.3,2136800,0.0,0.0
1997-12-16,12.2,12.28,11.88,11.92,1875600,0.0,0.0
1997-12-17,11.73,11.9,11.63,11.63,1862400,0.0,0.0
1997-12-18,11.63,11.71,11.49,11.51,1550800,0.0,0.0
1997-12-19,11.4,11.4,11.02,11.26,2552000,0.0,0.0
1997-12-22,11.31,11.52,11.31,11.4,2490800,0.0,0.0
1997-12-23,11.44,11.44,11.2,11.32,2599200,0.0,0.0
1997-12-24,11.45,11.47,11.17,11.26,1203200,0.0,0.0
1997-12-26,11.17,11.22,11.17,11.19,362000,0.0,0.0
1997-12-29,11.19,11.48,11.12,11.48,2128000,0.0,0.0
1997-12-30,11.52,12.29,11.52,12.29,1572800,0.0,0.0
1997-12-31,12.27,12.27,11.85,12.02,2175200,0.0,0.0
1998-01-02,12.15,12.17,11.88,11.95,1140800,0.0,0.0
1998-01-05,11.87,12.31,11.79,12.31,2015600,0.0,0.0
1998-01-06,12.1,12.19,11.74,11.81,2194000,0.0,0.0
1998-01-07,11.87,11.95,11.6,11.87,1859200,0.0,0.0
1998-01-08,11.87,11.87,11.52,11.69,2550000,0.0,0.0
1998-01-09,11.65,11.81,11.45,11.67,3323600,0.0,0.0
1998-01-12,11.45,11.82,11.42,11.82,1194800,0.0,0.0
1998-01-13,11.8,11.83,11.56,11.82,1004400,0.0,0.0
1998-01-14,11.82,12.24,11.82,12.2,1818000,0.0,0.0
1998-01-15,12.21,12.23,12.08,12.1,1273200,0.0,0.0
1998-01-16,12.2,12.33,12.1,12.31,1230800,0.0,0.0
1998-01-20,12.57,12.62,12.33,12.62,1636000,0.0,0.0
1998-01-21,12.59,12.61,12.26,12.35,1222000,0.0275,0.0
1998-01-22,12.23,12.51,12.23,12.28,1330800,0.0,0.0
1998-01-23,12.31,12.41,12.1,12.15,1340800,0.0,0.0
1998-01-26,12.17,12.28,12.03,12.1,1414400,0.0,0.0
1998-01-27,12.12,12.41,12.12,12.19,1154800,0.0,0.0
1998-01-28,12.15,12.52,12.14,12.44,1262400,0.0,0.0
1998-01-29,12.44,12.5,12.35,12.37,1831200,0.0,0.0
1998-01-30,12.36,12.36,12.21,12.32,1127600,0.0,0.0
1998-02-02,12.51,12.7,12.48,12.7,1672000,0.0,0.0
1998-02-03,12.73,12.84,12.72,12.79,1428000,0.0,0.0
1998-02-04,12.7,12.89,12.63,12.89,1071200,0.0,0.0
1998-02-05,12.93,13.06,12.86,12.91,1815600,0.0,0.0
1998-02-06,13.15,13.35,13.1,13.26,1456800,0.0,0.0
1998-02-09,13.09,13.44,12.98,13.17,4095200,0.0,0.0
1998-02-10,13.22,13.37,13.22,13.24,2493200,0.0,0.0
1998-02-11,13.24,13.79,13.24,13.73,3639600,0.0,0.0
1998-02-12,13.65,14.1,13.64,13.99,2225200,0.0,0.0
1998-02-13,13.86,13.91,13.63,13.73,1482000,0.0,0.0
1998-02-17,13.86,13.93,13.83,13.91,1740400,0.0,0.0
1998-02-18,13.86,13.94,13.84,13.94,1645200,0.0,0.0
1998-02-19,13.94,13.94,13.52,13.6,1512000,0.0,0.0
1998-02-20,13.65,14.02,13.62,14.02,2314000,0.0,0.0
1998-02-23,14.07,14.07,13.91,13.98,1612400,0.0,0.0
1998-02-24,13.99,13.99,13.84,13.87,1078800,0.0,0.0
1998-02-25,13.87,13.94,13.82,13.87,1640800,0.0,0.0
1998-02-26,13.86,13.87,13.7,13.86,1344400,0.0,0.0
1998-02-27,13.82,13.94,13.65,13.92,1936800,0.0,0.0
1998-03-02,13.9,13.9,13.78,13.83,953200,0.0,0.0
1998-03-03,13.79,13.8,13.72,13.77,1388800,0.0,0.0
1998-03-04,13.72,13.8,13.67,13.7,1132400,0.0,0.0
1998-03-05,13.67,13.93,13.65,13.87,2048400,0.0,0.0
1998-03-06,13.86,14.05,13.86,13.97,2305200,0.0,0.0
1998-03-09,13.97,14.43,13.97,14.43,2651600,0.0,0.0
1998-03-10,14.61,14.63,14.21,14.24,3000000,0.0,0.0
1998-03-11,14.24,14.29,14.0,14.07,1781600,0.0,0.0
1998-03-12,14.06,14.1,13.96,13.98,1519200,0.0,0.0
1998-03-13,14.04,14.05,13.85,13.89,1844400,0.0,0.0
1998-03-16,13.9,13.9,13.7,13.77,2226800,0.0,0.0
1998-03-17,13.77,13.82,13.59,13.7,2057600,0.0,0.0
1998-03-18,13.71,13.72,13.53,13.62,1104800,0.0,0.0
1998-03-19,13.58,13.72,13.49,13.62,940400,0.0,0.0
1998-03-20,13.7,13.7,13.36,13.44,1707200,0.0,0.0
1998-03-23,13.25,13.57,13.16,13.57,2772400,0.0,0.0
1998-03-24,13.82,13.82,13.6,13.65,2808400,0.0,0.0
1998-03-25,13.66,14.02,13.66,13.74,4048400,0.0,0.0
1998-03-26,13.73,13.91,13.73,13.9,2462800,0.0,0.0
1998-03-27,13.91,14.05,13.89,13.97,3598800,0.0,0.0
1998-03-30,13.97,13.98,13.89,13.92,3120800,0.0,0.0
1998-03-31,14.1,14.24,14.05,14.19,4605200,0.0,0.0
1998-04-01,14.19,14.29,14.1,14.29,3148400,0.0,0.0
1998-04-02,14.29,14.37,14.05,14.21,5765200,0.0,0.0
1998-04-03,14.29,14.85,14.29,14.84,5061200,0.0,0.0
1998-04-06,14.84,15.04,14.78,14.92,3157600,0.0,0.0
1998-04-07,14.87,14.94,14.53,14.65,1860000,0.0,0.0
1998-04-08,14.59,14.73,14.57,14.61,2854000,0.0,0.0
1998-04-09,14.64,14.65,14.31,14.36,2107600,0.0,0.0
1998-04-13,14.29,14.29,14.14,14.21,3944400,0.0,0.0
1998-04-14,14.17,14.17,13.97,13.98,3454800,0.0,0.0
1998-04-15,14.05,14.05,13.76,13.76,2194800,0.0,0.0
1998-04-16,13.71,13.98,13.71,13.83,1734400,0.0,0.0
1998-04-17,13.84,13.97,13.76,13.89,1424400,0.0,0.0
1998-04-20,13.82,13.9,13.73,13.86,1743600,0.0,0.0
1998-04-21,13.86,13.88,13.72,13.85,1769200,0.0275,0.0
1998-04-22,13.8,13.85,13.67,13.75,1902800,0.0,0.0
1998-04-23,13.75,13.92,13.72,13.74,2234400,0.0,0.0
1998-04-24,13.77,13.82,13.54,13.74,1448000,0.0,0.0
1998-04-27,13.46,13.47,13.18,13.27,1689200,0.0,0.0
1998-04-28,13.41,13.46,13.2,13.32,1834400,0.0,0.0
1998-04-29,13.41,13.46,13.14,13.37,2008400,0.0,0.0
1998-04-30,13.55,13.93,13.48,13.88,3278000,0.0,0.0
1998-05-01,13.88,13.88,13.51,13.62,2195600,0.0,0.0
1998-05-04,13.6,13.79,13.59,13.62,1282800,0.0,0.0
1998-05-05,13.6,13.6,13.28,13.45,1481200,0.0,0.0
1998-05-06,13.32,13.37,12.88,13.06,5676000,0.0,0.0
1998-05-07,13.15,13.27,13.07,13.14,4635600,0.0,0.0
1998-05-08,13.08,13.15,12.85,12.91,3546000,0.0,0.0
1998-05-11,12.92,12.97,12.61,12.74,3233600,0.0,0.0
1998-05-12,12.71,12.75,12.45,12.57,4221200,0.0,0.0
1998-05-13,12.71,13.15,12.69,12.97,5826800,0.0,0.0
1998-05-14,12.97,13.2,12.93,12.93,3400400,0.0,0.0
1998-05-15,12.93,12.98,12.75,12.82,1709200,0.0,0.0
1998-05-18,12.8,12.92,12.74,12.8,1330800,0.0,0.0
1998-05-19,12.8,13.07,12.71,13.04,4190400,0.0,0.0
1998-05-20,13.04,13.27,12.95,13.27,3644800,0.0,0.0
1998-05-21,13.37,13.41,13.27,13.37,6114800,0.0,0.0
1998-05-22,13.37,13.38,13.29,13.31,2960400,0.0,0.0
1998-05-26,13.33,13.39,13.02,13.02,2326800,0.0,0.0
1998-05-27,12.84,13.22,12.8,12.99,3198400,0.0,0.0
1998-05-28,13.04,13.24,12.98,13.24,2133600,0.0,0.0
1998-05-29,13.31,13.37,13.12,13.21,2039600,0.0,0.0
1998-06-01,13.26,13.48,13.17,13.37,2039600,0.0,0.0
1998-06-02,13.65,13.67,13.46,13.59,2175200,0.0,0.0
1998-06-03,13.61,13.73,13.54,13.59,2192800,0.0,0.0
1998-06-04,13.55,13.68,13.48,13.61,2655600,0.0,0.0
1998-06-05,13.74,13.86,13.72,13.74,1806000,0.0,0.0
1998-06-08,13.75,14.28,13.74,14.25,2377200,0.0,0.0
1998-06-09,14.25,14.4,14.11,14.29,2112400,0.0,0.0
1998-06-10,14.02,14.38,14.02,14.27,2689600,0.0,0.0
1998-06-11,14.29,14.41,14.28,14.37,1540400,0.0,0.0
1998-06-12,14.34,14.4,13.88,13.93,1942800,0.0,0.0
1998-06-15,13.93,14.26,13.93,14.08,2064800,0.0,0.0
1998-06-16,13.88,14.0,13.77,13.98,1561800,0.0,2.0
1998-06-17,14.05,14.38,13.95,14.05,2354800,0.0,0.0
1998-06-18,14.09,14.42,13.98,14.4,2383200,0.0,0.0
1998-06-19,14.52,14.52,14.19,14.26,1852400,0.0,0.0
1998-06-22,14.4,14.47,14.28,14.38,1036200,0.0,0.0
1998-06-23,14.42,14.64,14.35,14.59,2146200,0.0,0.0
1998-06-24,14.54,14.59,14.21,14.57,2682000,0.0,0.0
1998-06-25,14.54,14.92,14.49,14.92,2101200,0.0,0.0
1998-06-26,14.87,14.87,14.35,14.35,9793000,0.0,0.0
1998-06-29,14.38,14.82,14.38,14.78,1912200,0.0,0.0
1998-06-30,14.78,14.82,14.59,14.66,1398400,0.0,0.0
1998-07-01,14.68,14.78,14.59,14.78,1609400,0.0,0.0
1998-07-02,14.78,14.78,14.59,14.73,1034800,0.0,0.0
1998-07-06,14.78,15.22,14.73,15.22,1728400,0.0,0.0
1998-07-07,15.22,15.6,15.13,15.53,3601400,0.0,0.0
1998-07-08,15.62,15.77,15.55,15.77,2830600,0.0,0.0
1998-07-09,15.74,15.74,15.13,15.15,3000400,0.0,0.0
1998-07-10,15.2,16.12,15.18,15.77,2758200,0.0,0.0
1998-07-13,15.84,16.94,15.84,16.89,2748000,0.0,0.0
1998-07-14,16.57,16.57,16.31,16.54,1678400,0.0,0.0
1998-07-15,16.54,16.94,16.49,16.68,1689800,0.0,0.0
1998-07-16,16.71,16.92,16.49,16.92,1391000,0.0,0.0
1998-07-17,17.04,17.04,16.75,16.75,905000,0.0,0.0
1998-07-20,16.85,17.13,16.61,16.73,1045200,0.0,0.0
1998-07-21,16.85,16.85,16.21,16.38,1719200,0.029,0.0
1998-07-22,16.45,16.47,15.97,16.26,2658400,0.0,0.0
1998-07-23,16.21,16.35,15.95,15.97,1534400,0.0,0.0
1998-07-24,16.02,16.14,15.76,16.14,1148800,0.0,0.0
1998-07-27,16.12,16.14,15.64,16.02,1079400,0.0,0.0
1998-07-28,16.0,16.19,15.46,15.9,1336600,0.0,0.0
1998-07-29,15.9,16.4,15.27,15.43,2851000,0.0,0.0
1998-07-30,15.6,15.9,15.46,15.69,3141800,0.0,0.0
1998-07-31,15.64,15.79,15.39,15.46,1185400,0.0,0.0
1998-08-03,15.55,15.74,15.36,15.72,1302600,0.0,0.0
1998-08-04,15.74,15.86,15.03,15.06,2076800,0.0,0.0
1998-08-05,15.03,15.69,14.89,15.31,1884000,0.0,0.0
1998-08-06,15.36,16.21,15.36,16.07,1777200,0.0,0.0
1998-08-07,16.09,16.82,15.83,16.38,1517200,0.0,0.0
1998-08-10,16.33,16.49,16.07,16.4,1277600,0.0,0.0
1998-08-11,16.23,16.23,15.79,15.9,1530400,0.0,0.0
1998-08-12,15.95,16.47,15.88,16.4,2100000,0.0,0.0
1998-08-13,16.4,16.87,16.33,16.33,1355800,0.0,0.0
1998-08-14,16.42,16.59,16.02,16.07,1039600,0.0,0.0
1998-08-17,16.02,16.56,16.0,16.52,1380000,0.0,0.0
1998-08-18,16.54,16.73,16.49,16.61,1250400,0.0,0.0
1998-08-19,16.56,16.68,16.19,16.35,1180600,0.0,0.0
1998-08-20,16.42,16.75,16.26,16.7,1230800,0.0,0.0
1998-08-21,16.56,16.7,16.07,16.68,1256000,0.0,0.0
1998-08-24,16.73,17.01,16.7,16.99,1891800,0.0,0.0
1998-08-25,17.34,17.86,17.25,17.53,3064200,0.0,0.0
1998-08-26,17.48,17.72,17.2,17.58,1944000,0.0,0.0
1998-08-27,17.34,17.39,16.63,16.75,1457000,0.0,0.0
1998-08-28,16.78,16.89,16.21,16.3,1716600,0.0,0.0
1998-08-31,16.21,16.26,13.71,13.71,2545400,0.0,0.0
1998-09-01,14.28,15.64,13.92,15.46,6728000,0.0,0.0
1998-09-02,15.48,16.02,15.34,15.39,2322000,0.0,0.0
1998-09-03,15.29,15.41,14.7,15.1,2992200,0.0,0.0
1998-09-04,15.31,15.36,14.56,15.08,1516600,0.0,0.0
1998-09-08,15.55,16.35,15.36,16.35,2253200,0.0,0.0
1998-09-09,16.35,16.35,15.74,16.02,1542400,0.0,0.0
1998-09-10,15.95,15.95,14.66,15.17,1913400,0.0,0.0
1998-09-11,14.98,15.74,14.8,15.74,1752400,0.0,0.0
1998-09-14,15.93,16.26,15.86,16.09,1717800,0.0,0.0
1998-09-15,16.09,16.09,15.6,15.83,1474600,0.0,0.0
1998-09-16,16.45,16.45,15.64,15.83,2051000,0.0,0.0
1998-09-17,15.83,16.0,15.5,15.95,1340800,0.0,0.0
1998-09-18,16.12,16.12,15.83,16.0,1992200,0.0,0.0
1998-09-21,15.9,16.49,15.48,16.38,1002000,0.0,0.0
1998-09-22,16.47,16.94,16.33,16.59,1493000,0.0,0.0
1998-09-23,16.82,17.34,16.47,17.34,2306000,0.0,0.0
1998-09-24,17.77,17.77,16.61,16.61,1602400,0.0,0.0
1998-09-25,16.54,17.22,16.38,17.18,2069000,0.0,0.0
1998-09-28,17.18,17.18,16.89,17.01,1963000,0.0,0.0
1998-09-29,16.96,17.03,16.78,16.8,2692600,0.0,0.0
1998-09-30,16.75,16.78,15.86,16.52,2117200,0.0,0.0
1998-10-01,16.21,16.21,15.17,15.86,3027800,0.0,0.0
1998-10-02,15.74,16.3,15.29,16.12,2001600,0.0,0.0
1998-10-05,16.02,16.05,15.39,15.88,1222400,0.0,0.0
1998-10-06,15.9,16.52,15.9,16.19,1742000,0.0,0.0
1998-10-07,16.23,16.73,15.83,15.88,2044400,0.0,0.0
1998-10-08,15.17,15.97,14.82,15.86,2270800,0.0,0.0
1998-10-09,15.9,16.07,15.36,15.93,1592400,0.0,0.0
1998-10-12,15.93,16.96,15.93,16.82,1766200,0.0,0.0
1998-10-13,16.82,17.06,16.4,16.66,1420600,0.0,0.0
1998-10-14,17.01,17.62,16.89,17.08,3068400,0.0,0.0
1998-10-15,17.11,17.34,16.66,17.15,2442600,0.0,0.0
1998-10-16,17.53,17.86,17.22,17.58,2727400,0.0,0.0
1998-10-19,17.77,18.35,17.69,17.98,1893400,0.0,0.0
1998-10-20,18.45,18.47,16.78,17.06,3560400,0.0,0.0
1998-10-21,17.32,17.81,17.1,17.27,4309600,0.029,0.0
1998-10-22,17.32,18.09,17.29,17.91,1932600,0.0,0.0
1998-10-23,17.98,18.05,16.92,17.32,2023200,0.0,0.0
1998-10-26,17.36,17.36,16.3,16.66,1916800,0.0,0.0
1998-10-27,16.61,16.89,16.09,16.23,2477600,0.0,0.0
1998-10-28,16.25,16.82,16.25,16.37,2297000,0.0,0.0
1998-10-29,16.37,17.08,15.85,17.01,3132800,0.0,0.0
1998-10-30,17.17,17.67,17.17,17.25,2980800,0.0,0.0
1998-11-02,17.1,17.79,16.92,17.69,2764800,0.0,0.0
1998-11-03,17.69,17.69,17.15,17.2,2032800,0.0,0.0
1998-11-04,17.32,17.34,16.49,16.7,3251600,0.0,0.0
1998-11-05,16.47,16.94,16.0,16.94,4536400,0.0,0.0
1998-11-06,16.99,17.36,16.89,17.27,2163800,0.0,0.0
1998-11-09,17.36,17.43,16.61,16.63,2226200,0.0,0.0
1998-11-10,16.66,16.92,16.28,16.56,3367800,0.0,0.0
1998-11-11,16.56,16.56,16.23,16.4,1934200,0.0,0.0
1998-11-12,16.44,16.77,16.35,16.58,1839200,0.0,0.0
1998-11-13,16.49,17.1,16.28,16.84,2421600,0.0,0.0
1998-11-16,16.96,17.55,16.96,17.36,1742800,0.0,0.0
1998-11-17,17.46,17.93,17.17,17.86,2003000,0.0,0.0
1998-11-18,17.76,18.09,17.39,17.6,1630600,0.0,0.0
1998-11-19,17.69,18.02,17.25,17.88,1951200,0.0,0.0
1998-11-20,18.4,18.4,17.62,17.88,1611200,0.0,0.0
1998-11-23,18.12,18.17,17.69,18.17,2190200,0.0,0.0
1998-11-24,18.02,18.52,17.81,18.31,2016600,0.0,0.0
1998-11-25,18.4,18.66,18.38,18.52,1746200,0.0,0.0
1998-11-27,18.52,19.06,18.47,19.04,1259400,0.0,0.0
1998-11-30,19.13,19.16,18.52,18.64,1781200,0.0,0.0
1998-12-01,18.31,18.92,18.28,18.92,2058800,0.0,0.0
1998-12-02,18.97,19.06,18.64,18.83,1505600,0.0,0.0
1998-12-03,18.97,19.63,18.97,19.23,3037400,0.0,0.0
1998-12-04,19.32,19.86,19.18,19.49,2141000,0.0,0.0
1998-12-07,19.63,20.12,19.53,20.05,2155600,0.0,0.0
1998-12-08,20.08,20.19,19.82,20.01,2071600,0.0,0.0
1998-12-09,19.79,20.03,19.75,19.98,1271800,0.0,0.0
1998-12-10,20.15,20.19,19.79,19.91,1798400,0.0,0.0
1998-12-11,19.86,19.89,19.49,19.77,1494000,0.0,0.0
1998-12-14,19.7,19.98,19.51,19.63,1441000,0.0,0.0
1998-12-15,19.63,19.63,18.97,19.42,1602200,0.0,0.0
1998-12-16,19.35,20.1,19.27,19.91,1493400,0.0,0.0
1998-12-17,19.91,20.15,19.37,19.42,1501200,0.0,0.0
1998-12-18,19.3,19.96,19.3,19.89,1364600,0.0,0.0
1998-12-21,19.82,20.52,19.77,20.12,1148000,0.0,0.0
1998-12-22,20.05,20.19,19.68,20.12,1812000,0.0,0.0
1998-12-23,20.08,20.69,20.05,20.41,1168600,0.0,0.0
1998-12-24,20.45,20.57,20.34,20.5,306800,0.0,0.0
1998-12-28,20.5,20.55,20.01,20.05,935600,0.0,0.0
1998-12-29,20.15,20.88,20.08,20.83,937800,0.0,0.0
1998-12-30,20.88,21.14,20.55,21.02,1781600,0.0,0.0
1998-12-31,20.88,20.9,20.38,20.76,962600,0.0,0.0
1999-01-04,20.76,21.02,19.86,20.08,2017600,0.0,0.0
1999-01-05,20.08,20.08,19.53,19.53,2196800,0.0,0.0
1999-01-06,19.77,20.48,19.75,20.24,2546000,0.0,0.0
1999-01-07,19.96,20.1,19.56,19.68,2438800,0.0,0.0
1999-01-08,19.77,19.79,19.2,19.3,2259000,0.0,0.0
1999-01-11,19.25,19.65,18.64,18.94,2791000,0.0,0.0
1999-01-12,19.11,19.11,18.47,18.73,1900400,0.0,0.0
1999-01-13,18.24,19.23,18.21,19.04,2945600,0.0,0.0
1999-01-14,19.11,19.11,17.86,18.54,7050400,0.0,0.0
1999-01-15,18.85,18.94,18.61,18.8,2547400,0.0,0.0
1999-01-19,18.71,18.87,17.84,18.07,3594200,0.0,0.0
1999-01-20,18.19,19.06,18.12,18.64,2803400,0.029,0.0
1999-01-21,18.8,19.39,18.78,18.92,2028800,0.0,0.0
1999-01-22,18.94,19.27,18.8,19.18,1635000,0.0,0.0
1999-01-25,19.23,19.32,18.85,18.99,1970000,0.0,0.0
1999-01-26,19.09,19.42,18.8,18.97,2365400,0.0,0.0
1999-01-27,19.13,19.82,19.13,19.79,2554200,0.0,0.0
1999-01-28,19.84,20.15,19.53,19.86,2343600,0.0,0.0
1999-01-29,20.01,20.69,19.63,20.69,1655800,0.0,0.0
1999-02-01,20.6,20.64,20.34,20.48,1407200,0.0,0.0
1999-02-02,20.55,20.6,20.29,20.5,1660400,0.0,0.0
1999-02-03,20.41,20.5,19.89,20.27,3393600,0.0,0.0
1999-02-04,20.24,20.29,19.77,20.01,1632400,0.0,0.0
1999-02-05,19.91,19.96,19.72,19.94,1297200,0.0,0.0
1999-02-08,19.86,19.89,19.56,19.65,1170400,0.0,0.0
1999-02-09,19.42,19.49,19.09,19.11,1268800,0.0,0.0
1999-02-10,19.13,19.86,18.97,19.86,1779400,0.0,0.0
1999-02-11,19.68,20.31,19.63,20.08,1694600,0.0,0.0
1999-02-12,20.08,20.41,19.94,20.08,1232200,0.0,0.0
1999-02-16,20.41,21.0,20.41,20.93,1772800,0.0,0.0
1999-02-17,20.79,21.23,19.89,20.31,2634800,0.0,0.0
1999-02-18,20.22,20.5,19.86,20.12,2347800,0.0,0.0
1999-02-19,20.03,20.05,19.49,19.65,2118200,0.0,0.0
1999-02-22,19.75,20.53,19.75,20.5,2562000,0.0,0.0
1999-02-23,20.64,21.09,20.46,21.07,1875800,0.0,0.0
1999-02-24,21.31,22.06,21.28,21.33,2002800,0.0,0.0
1999-02-25,21.02,21.02,20.01,20.01,3350000,0.0,0.0
1999-02-26,20.6,20.6,19.7,20.03,3853200,0.0,0.0
1999-03-01,19.94,19.96,19.27,19.27,2924400,0.0,0.0
1999-03-02,19.32,19.84,19.32,19.72,6106800,0.0,0.0
1999-03-03,19.72,19.75,19.2,19.27,3141600,0.0,0.0
1999-03-04,19.34,19.39,18.64,19.09,5643800,0.0,0.0
1999-03-05,19.65,19.84,18.8,19.09,4274600,0.0,0.0
1999-03-08,19.18,19.34,18.75,19.27,2954400,0.0,0.0
1999-03-09,19.09,19.37,18.83,18.9,2814400,0.0,0.0
1999-03-10,19.18,19.34,18.9,19.2,4671000,0.0,0.0
1999-03-11,19.46,20.03,19.2,19.72,2984200,0.0,0.0
1999-03-12,19.75,20.03,18.52,19.75,8838400,0.0,0.0
1999-03-15,19.7,20.01,18.61,18.94,4059800,0.0,0.0
1999-03-16,18.99,19.49,18.99,19.44,2955600,0.0,0.0
1999-03-17,19.34,19.51,18.97,19.34,2096000,0.0,0.0
1999-03-18,19.27,19.7,18.92,19.11,2540800,0.0,0.0
1999-03-19,19.27,19.27,18.35,18.64,4185600,0.0,0.0
1999-03-22,18.47,18.57,17.72,18.33,4414000,0.0,0.0
1999-03-23,18.35,18.35,17.53,17.67,4550200,0.0,0.0
1999-03-24,17.9,17.9,17.01,17.2,7718400,0.0,0.0
1999-03-25,17.34,18.61,17.31,18.52,6906000,0.0,0.0
1999-03-26,18.52,18.75,18.28,18.38,2513800,0.0,0.0
1999-03-29,18.57,18.68,18.14,18.33,2274000,0.0,0.0
1999-03-30,18.33,18.54,18.16,18.47,2282800,0.0,0.0
1999-03-31,18.99,18.99,17.76,17.95,2660800,0.0,0.0
1999-04-01,17.95,18.02,17.1,17.12,4201000,0.0,0.0
1999-04-05,17.12,17.17,15.85,16.82,9230600,0.0,0.0
1999-04-06,16.82,17.38,16.44,17.24,4770800,0.0,0.0
1999-04-07,17.67,17.83,17.12,17.43,5523800,0.0,0.0
1999-04-08,18.33,18.45,17.93,18.28,4532200,0.0,0.0
1999-04-09,18.35,18.59,18.35,18.49,2849000,0.0,0.0
1999-04-12,18.31,18.52,18.28,18.45,3020200,0.0,0.0
1999-04-13,18.33,18.33,17.67,17.9,2730400,0.0,0.0
1999-04-14,17.95,18.02,17.62,17.64,1895400,0.0,0.0
1999-04-15,17.64,17.67,16.51,17.01,4744800,0.0,0.0
1999-04-16,16.84,16.91,16.06,16.25,5862000,0.0,0.0
1999-04-19,16.25,16.3,14.74,15.31,5752400,0.0,0.0
1999-04-20,15.12,15.92,14.98,15.52,5823400,0.0,0.0
1999-04-21,15.8,16.72,15.75,16.49,5012600,0.029,0.0
1999-04-22,16.84,17.13,16.6,16.96,4582800,0.0,0.0
1999-04-23,17.03,17.29,16.6,17.29,3738400,0.0,0.0
1999-04-26,17.36,17.91,17.13,17.81,5879400,0.0,0.0
1999-04-27,18.38,19.02,18.07,19.02,5231400,0.0,0.0
1999-04-28,19.16,19.42,18.26,18.33,4351600,0.0,0.0
1999-04-29,18.33,18.9,17.86,17.86,3911000,0.0,0.0
1999-04-30,17.91,18.43,17.53,18.02,2838800,0.0,0.0
1999-05-03,18.05,18.71,18.02,18.71,2273400,0.0,0.0
1999-05-04,18.88,18.95,17.67,17.76,2265000,0.0,0.0
1999-05-05,17.86,17.98,17.15,17.41,2475800,0.0,0.0
1999-05-06,17.43,17.79,17.1,17.72,2490000,0.0,0.0
1999-05-07,17.76,18.33,17.74,18.24,2335600,0.0,0.0
1999-05-10,18.21,18.4,17.17,17.62,2214000,0.0,0.0
1999-05-11,17.72,17.98,16.79,17.01,2988800,0.0,0.0
1999-05-12,16.94,17.22,16.27,16.94,2988400,0.0,0.0
1999-05-13,17.03,17.39,16.84,16.94,2876000,0.0,0.0
1999-05-14,16.56,17.29,16.51,17.22,2503200,0.0,0.0
1999-05-17,17.6,17.79,16.72,17.41,2244600,0.0,0.0
1999-05-18,17.79,18.24,17.72,17.91,3679800,0.0,0.0
1999-05-19,17.93,18.28,17.81,18.24,2451600,0.0,0.0
1999-05-20,18.45,18.95,18.4,18.78,3378600,0.0,0.0
1999-05-21,18.88,18.9,18.66,18.78,2217000,0.0,0.0
1999-05-24,18.78,19.11,18.76,18.9,2876200,0.0,0.0
1999-05-25,18.97,18.99,18.52,18.66,3599200,0.0,0.0
1999-05-26,18.5,18.52,18.12,18.36,2561000,0.0,0.0
1999-05-27,18.17,18.17,17.48,17.6,2563000,0.0,0.0
1999-05-28,17.65,17.65,17.34,17.41,1762400,0.0,0.0
1999-06-01,17.34,17.5,16.91,17.5,2100200,0.0,0.0
1999-06-02,17.48,17.5,16.94,17.39,1833600,0.0,0.0
1999-06-03,17.39,17.98,17.34,17.86,2376800,0.0,0.0
1999-06-04,18.45,19.02,18.33,18.73,2677000,0.0,0.0
1999-06-07,18.64,18.8,18.54,18.59,1602000,0.0,0.0
1999-06-08,18.5,18.8,18.14,18.28,3919000,0.0,0.0
1999-06-09,18.12,18.26,17.41,17.43,2837200,0.0,0.0
1999-06-10,17.31,18.07,17.31,17.88,1525600,0.0,0.0
1999-06-11,17.98,18.14,17.74,18.05,2404200,0.0,0.0
1999-06-14,18.02,18.14,17.67,17.74,934800,0.0,0.0
1999-06-15,17.72,18.17,17.5,17.88,1918600,0.0,0.0
1999-06-16,18.07,18.95,18.07,18.85,1258000,0.0,0.0
1999-06-17,18.76,19.63,18.54,19.63,2394800,0.0,0.0
1999-06-18,19.63,19.82,19.42,19.7,2763800,0.0,0.0
1999-06-21,19.89,19.99,19.68,19.68,2155000,0.0,0.0
1999-06-22,19.68,19.68,19.23,19.56,2068400,0.0,0.0
1999-06-23,19.49,19.87,19.42,19.56,1587600,0.0,0.0
1999-06-24,19.59,19.59,18.69,19.02,1827200,0.0,0.0
1999-06-25,19.3,19.77,19.25,19.56,1835400,0.0,0.0
1999-06-28,19.59,20.22,19.44,20.06,2080400,0.0,0.0
1999-06-29,19.87,19.87,19.42,19.68,3206600,0.0,0.0
1999-06-30,19.66,19.82,19.09,19.21,3318400,0.0,0.0
1999-07-01,19.11,19.35,19.06,19.3,2121800,0.0,0.0
1999-07-02,19.3,19.3,18.8,18.99,1386800,0.0,0.0
1999-07-06,18.92,19.04,18.21,18.26,3029400,0.0,0.0
1999-07-07,18.21,18.83,18.02,18.83,3305000,0.0,0.0
1999-07-08,18.76,19.18,18.52,18.92,1690600,0.0,0.0
1999-07-09,18.9,18.99,18.54,18.69,1307000,0.0,0.0
1999-07-12,19.02,19.16,18.71,19.02,1980200,0.0,0.0
1999-07-13,19.02,19.42,18.9,19.3,2249200,0.0,0.0
1999-07-14,19.02,19.16,18.73,18.9,1531600,0.0,0.0
1999-07-15,18.99,19.04,18.76,19.04,2038600,0.0,0.0
1999-07-16,19.16,19.47,18.97,19.37,1603000,0.0,0.0
1999-07-19,19.37,19.37,18.97,18.99,830200,0.0,0.0
1999-07-20,18.92,18.99,18.54,18.61,1166400,0.029,0.0
1999-07-21,18.64,18.9,18.21,18.52,1914800,0.0,0.0
1999-07-22,18.52,18.52,17.81,17.93,3627600,0.0,0.0
1999-07-23,17.83,18.19,17.83,17.95,1863400,0.0,0.0
1999-07-26,17.76,18.33,17.74,18.28,2183000,0.0,0.0
1999-07-27,18.31,18.83,17.97,18.09,2976400,0.0,0.0
1999-07-28,18.42,19.63,18.31,19.23,4882200,0.0,0.0
1999-07-29,19.23,19.35,18.71,19.13,3043000,0.0,0.0
1999-07-30,19.16,19.21,18.73,18.85,1800000,0.0,0.0
1999-08-02,18.47,19.21,18.47,18.76,2078800,0.0,0.0
1999-08-03,18.94,18.94,18.59,18.71,3108000,0.0,0.0
1999-08-04,18.57,18.59,17.24,17.76,6964600,0.0,0.0
1999-08-05,17.76,17.81,17.38,17.62,2736800,0.0,0.0
1999-08-06,17.62,17.88,17.59,17.81,2519400,0.0,0.0
1999-08-09,17.76,17.86,17.69,17.76,1705600,0.0,0.0
1999-08-10,17.76,17.86,17.45,17.81,2607600,0.0,0.0
1999-08-11,18.0,18.0,17.15,17.15,3950800,0.0,0.0
1999-08-12,17.07,17.33,16.96,17.05,3256800,0.0,0.0
1999-08-13,17.07,17.1,16.6,16.77,3788000,0.0,0.0
1999-08-16,16.96,17.29,16.86,17.0,1705200,0.0,0.0
1999-08-17,17.0,17.15,16.17,17.0,3847600,0.0,0.0
1999-08-18,16.86,16.91,16.51,16.62,2865600,0.0,0.0
1999-08-19,16.51,16.72,16.43,16.58,1566400,0.0,0.0
1999-08-20,16.65,16.86,16.55,16.86,3036200,0.0,0.0
1999-08-23,16.81,17.05,16.51,16.62,2114200,0.0,0.0
1999-08-24,16.62,16.62,15.89,16.17,3961600,0.0,0.0
1999-08-25,16.27,16.32,15.72,15.82,5856600,0.0,0.0
1999-08-26,15.98,16.53,15.87,16.36,7632200,0.0,0.0
1999-08-27,16.29,16.58,16.29,16.41,3044200,0.0,0.0
1999-08-30,16.29,16.43,16.1,16.2,2027800,0.0,0.0
1999-08-31,16.29,16.36,15.72,15.8,4010000,0.0,0.0
1999-09-01,15.91,16.01,15.63,15.84,2989800,0.0,0.0
1999-09-02,15.56,15.56,15.16,15.32,4649000,0.0,0.0
1999-09-03,15.44,15.65,15.16,15.35,4993600,0.0,0.0
1999-09-07,15.35,15.35,14.97,15.01,4079600,0.0,0.0
1999-09-08,14.54,15.04,14.54,14.73,6034800,0.0,0.0
1999-09-09,14.54,14.59,14.11,14.3,8610800,0.0,0.0
1999-09-10,14.45,15.3,14.37,15.13,8705000,0.0,0.0
1999-09-13,15.01,15.44,14.97,15.16,5178000,0.0,0.0
1999-09-14,15.18,15.42,15.08,15.23,3764400,0.0,0.0
1999-09-15,15.61,15.94,15.56,15.7,4464800,0.0,0.0
1999-09-16,15.72,15.82,15.37,15.61,3165600,0.0,0.0
1999-09-17,15.53,15.7,15.42,15.42,3041400,0.0,0.0
1999-09-20,15.44,15.58,15.27,15.42,2028000,0.0,0.0
1999-09-21,15.49,15.53,14.68,14.78,5577400,0.0,0.0
1999-09-22,14.73,14.9,14.49,14.9,3804800,0.0,0.0
1999-09-23,14.73,14.78,14.45,14.56,2677400,0.0,0.0
1999-09-24,14.82,15.63,14.78,15.23,3671800,0.0,0.0
1999-09-27,15.42,15.44,15.06,15.13,1809000,0.0,0.0
1999-09-28,14.94,15.04,14.4,14.9,2373200,0.0,0.0
1999-09-29,15.42,15.58,15.11,15.3,2357400,0.0,0.0
1999-09-30,15.39,15.51,15.27,15.46,2573800,0.0,0.0
1999-10-01,15.49,15.58,14.4,14.4,3243400,0.0,0.0
1999-10-04,14.45,14.56,13.88,14.09,4911400,0.0,0.0
1999-10-05,14.4,14.59,13.97,14.04,3162000,0.0,0.0
1999-10-06,15.16,16.79,15.06,16.6,11293600,0.0,0.0
1999-10-07,16.53,16.53,15.42,15.42,5701600,0.0,0.0
1999-10-08,15.53,16.27,15.53,16.22,5252600,0.0,0.0
1999-10-11,16.22,16.43,15.94,16.03,3462000,0.0,0.0
1999-10-12,16.01,16.01,15.42,15.58,2037600,0.0,0.0
1999-10-13,15.53,15.63,15.3,15.39,1780800,0.0,0.0
1999-10-14,15.39,15.98,15.39,15.77,2909400,0.0,0.0
1999-10-15,15.77,15.77,15.23,15.63,2714400,0.0,0.0
1999-10-18,15.63,15.65,15.23,15.53,1614200,0.0,0.0
1999-10-19,15.7,16.17,15.65,15.96,3187000,0.0,0.0
1999-10-20,15.96,16.65,15.96,16.65,2698800,0.029,0.0
1999-10-21,16.6,17.07,16.46,17.03,2851800,0.0,0.0
1999-10-22,17.07,17.64,17.05,17.36,3185800,0.0,0.0
1999-10-25,17.5,17.55,16.91,17.24,2405000,0.0,0.0
1999-10-26,17.12,17.12,16.15,16.5,2280800,0.0,0.0
1999-10-27,14.61,14.92,14.23,14.8,17538400,0.0,0.0
1999-10-28,15.34,15.46,15.11,15.32,7129200,0.0,0.0
1999-10-29,15.72,16.67,15.6,16.48,6281200,0.0,0.0
1999-11-01,16.48,16.5,15.15,15.31,5948200,0.0,0.0
1999-11-02,15.08,15.34,14.35,14.94,10456800,0.0,0.0
1999-11-03,14.94,15.11,14.7,14.7,4037200,0.0,0.0
1999-11-04,15.01,15.08,14.44,14.54,4241200,0.0,0.0
1999-11-05,14.51,14.7,14.04,14.42,7112400,0.0,0.0
1999-11-08,14.56,14.66,14.11,14.13,4265600,0.0,0.0
1999-11-09,14.32,14.39,14.11,14.11,3471400,0.0,0.0
1999-11-10,14.09,14.09,13.37,13.52,8212000,0.0,0.0
1999-11-11,13.52,13.59,12.5,13.47,12011400,0.0,0.0
1999-11-12,13.56,13.68,12.92,13.68,8713200,0.0,0.0
1999-11-15,13.85,14.77,13.68,14.73,6857000,0.0,0.0
1999-11-16,15.27,15.46,14.92,15.08,6871400,0.0,0.0
1999-11-17,15.03,15.41,15.03,15.32,4262200,0.0,0.0
1999-11-18,15.32,15.39,14.87,14.96,5080200,0.0,0.0
1999-11-19,15.11,15.3,15.06,15.2,3146000,0.0,0.0
1999-11-22,15.18,15.22,14.8,15.22,5316600,0.0,0.0
1999-11-23,15.08,15.2,14.89,15.08,3534600,0.0,0.0
1999-11-24,15.06,15.18,14.8,14.82,2818200,0.0,0.0
1999-11-26,14.82,15.15,14.82,15.06,708600,0.0,0.0
1999-11-29,15.03,15.32,14.77,15.25,3920000,0.0,0.0
1999-11-30,15.15,15.3,15.06,15.06,2792000,0.0,0.0
1999-12-01,15.01,15.25,14.73,15.03,4413400,0.0,0.0
1999-12-02,15.01,15.01,14.32,14.42,4730000,0.0,0.0
1999-12-03,14.42,14.84,14.42,14.75,5037200,0.0,0.0
1999-12-06,14.87,15.18,14.04,14.23,5268200,0.0,0.0
1999-12-07,14.2,14.2,13.59,13.68,6096600,0.0,0.0
1999-12-08,13.68,13.68,13.49,13.54,3671000,0.0,0.0
1999-12-09,13.75,14.23,13.33,13.49,3833600,0.0,0.0
1999-12-10,13.61,13.97,13.54,13.64,3839400,0.0,0.0
1999-12-13,14.23,14.23,13.3,13.49,3683800,0.0,0.0
1999-12-14,13.37,13.4,12.64,12.88,8055200,0.0,0.0
1999-12-15,12.95,13.23,12.71,12.92,3766800,0.0,0.0
1999-12-16,12.9,12.95,12.02,12.02,5413400,0.0,0.0
1999-12-17,12.12,12.17,11.48,12.07,14302000,0.0,0.0
1999-12-20,12.19,12.19,11.38,11.5,11016400,0.0,0.0
1999-12-21,11.62,12.33,11.6,12.14,9843000,0.0,0.0
1999-12-22,12.14,12.21,11.93,12.09,6958800,0.0,0.0
1999-12-23,12.28,13.26,12.21,13.14,7315800,0.0,0.0
1999-12-27,13.18,13.83,13.16,13.61,6015800,0.0,0.0
1999-12-28,13.66,13.97,13.47,13.54,3913200,0.0,0.0
1999-12-29,13.85,13.99,13.73,13.9,3835400,0.0,0.0
1999-12-30,13.97,14.66,13.94,14.61,3766800,0.0,0.0
1999-12-31,14.7,15.18,14.66,15.13,3803800,0.0,0.0
2000-01-03,15.18,15.25,14.01,14.35,6503000,0.0,0.0
2000-01-04,14.23,14.49,13.99,14.23,5667000,0.0,0.0
2000-01-05,14.28,15.15,14.25,15.01,5694000,0.0,0.0
2000-01-06,14.94,14.94,13.73,13.94,7203200,0.0,0.0
2000-01-07,14.04,14.32,13.4,14.28,6967000,0.0,0.0
2000-01-10,14.94,15.15,13.8,14.25,8786400,0.0,0.0
2000-01-11,14.28,14.75,14.2,14.3,6508400,0.0,0.0
2000-01-12,14.32,14.44,13.9,14.28,4623800,0.0,0.0
2000-01-13,14.28,14.3,13.87,13.99,5123000,0.0,0.0
2000-01-14,13.97,13.97,13.14,13.61,13150200,0.0,0.0
2000-01-18,13.52,13.83,13.42,13.66,5487000,0.0,0.0
2000-01-19,13.64,13.75,13.45,13.59,4270800,0.0,0.0
2000-01-20,13.49,13.51,12.4,12.81,9132000,0.029,0.0
2000-01-21,12.92,13.28,12.8,13.11,7913600,0.0,0.0
2000-01-24,13.21,13.37,12.94,13.09,6917600,0.0,0.0
2000-01-25,13.11,13.28,12.9,12.92,3447000,0.0,0.0
2000-01-26,12.99,13.25,12.8,12.94,3412200,0.0,0.0
2000-01-27,13.11,13.11,12.54,12.71,2785400,0.0,0.0
2000-01-28,12.78,13.59,12.61,13.23,4434400,0.0,0.0
2000-01-31,13.25,13.3,13.04,13.28,3364800,0.0,0.0
2000-02-01,13.23,13.32,12.94,13.32,3393400,0.0,0.0
2000-02-02,13.49,14.44,13.42,13.97,7380000,0.0,0.0
2000-02-03,14.04,14.8,13.85,14.35,4574200,0.0,0.0
2000-02-04,14.25,14.63,13.8,13.87,5162200,0.0,0.0
2000-02-07,14.27,14.27,13.73,13.85,4836600,0.0,0.0
2000-02-08,14.82,15.53,14.25,15.2,15600200,0.0,0.0
2000-02-09,15.2,15.2,14.75,14.82,8177600,0.0,0.0
2000-02-10,15.49,15.77,15.2,15.44,9923200,0.0,0.0
2000-02-11,15.46,15.46,15.04,15.06,4843200,0.0,0.0
2000-02-14,15.08,15.23,14.75,15.15,4464000,0.0,0.0
2000-02-15,15.18,15.18,14.82,14.96,4554000,0.0,0.0
2000-02-16,14.77,14.87,14.66,14.75,5016200,0.0,0.0
2000-02-17,14.77,14.89,14.51,14.54,4763000,0.0,0.0
2000-02-18,14.49,14.61,13.99,14.11,3720200,0.0,0.0
2000-02-22,14.2,14.61,14.06,14.51,3887000,0.0,0.0
2000-02-23,14.47,15.18,14.37,14.77,5866800,0.0,0.0
2000-02-24,14.8,14.8,13.94,14.06,6994800,0.0,0.0
2000-02-25,13.87,14.35,13.59,13.97,4431400,0.0,0.0
2000-02-28,14.06,14.06,13.49,13.63,3982400,0.0,0.0
2000-02-29,13.68,13.7,13.21,13.3,7560800,0.0,0.0
2000-03-01,13.37,13.4,12.42,12.71,7675800,0.0,0.0
2000-03-02,12.68,12.71,11.54,11.64,13191400,0.0,0.0
2000-03-03,11.64,11.85,11.4,11.57,11975400,0.0,0.0
2000-03-06,11.83,11.95,11.5,11.75,12381400,0.0,0.0
2000-03-07,11.97,12.11,10.55,10.64,12175200,0.0,0.0
2000-03-08,11.4,11.97,11.19,11.83,7896400,0.0,0.0
2000-03-09,11.83,12.16,11.47,12.14,4268200,0.0,0.0
2000-03-10,11.97,11.99,11.54,11.59,5118000,0.0,0.0
2000-03-13,11.4,11.92,11.38,11.73,4766600,0.0,0.0
2000-03-14,11.92,11.97,11.69,11.69,4616400,0.0,0.0
2000-03-15,11.88,12.4,11.85,12.4,4258600,0.0,0.0
2000-03-16,13.11,13.97,12.87,13.8,7614400,0.0,0.0
2000-03-17,13.82,13.89,13.51,13.68,4556800,0.0,0.0
2000-03-20,13.7,13.78,12.87,13.3,2965200,0.0,0.0
2000-03-21,13.3,14.2,13.06,14.13,5918000,0.0,0.0
2000-03-22,14.06,14.25,13.68,14.11,4739600,0.0,0.0
2000-03-23,14.13,14.13,13.54,13.85,2730400,0.0,0.0
2000-03-24,13.7,13.75,12.83,13.66,7280400,0.0,0.0
2000-03-27,13.4,13.42,12.59,12.97,5056400,0.0,0.0
2000-03-28,13.25,13.47,12.85,12.99,4895800,0.0,0.0
2000-03-29,13.04,13.94,13.04,13.85,4162400,0.0,0.0
2000-03-30,13.75,14.25,13.73,14.11,3358800,0.0,0.0
2000-03-31,13.99,14.44,13.94,14.27,4599200,0.0,0.0
2000-04-03,14.27,14.92,14.25,14.7,3758200,0.0,0.0
2000-04-04,14.7,16.91,14.7,15.58,8723800,0.0,0.0
2000-04-05,15.49,15.65,15.08,15.44,6644600,0.0,0.0
2000-04-06,15.39,15.42,14.44,14.75,4038600,0.0,0.0
2000-04-07,14.82,15.18,14.61,14.75,1890600,0.0,0.0
2000-04-10,14.77,14.94,14.47,14.7,2286200,0.0,0.0
2000-04-11,14.44,15.8,14.3,15.75,5905800,0.0,0.0
2000-04-12,16.34,17.48,16.18,16.67,9418800,0.0,0.0
2000-04-13,16.75,17.15,16.46,16.86,5221400,0.0,0.0
2000-04-14,16.77,16.77,15.82,15.96,5132800,0.0,0.0
2000-04-17,15.8,16.06,15.49,15.94,4292200,0.0,0.0
2000-04-18,15.89,16.82,15.89,16.41,3938000,0.0,0.0
2000-04-19,17.01,17.01,16.41,16.53,3639000,0.0,0.0
2000-04-20,16.34,16.74,16.34,16.67,2319000,0.029,0.0
2000-04-24,16.72,16.89,16.53,16.74,2841200,0.0,0.0
2000-04-25,16.77,17.81,16.67,17.79,5575000,0.0,0.0
2000-04-26,17.7,17.7,16.96,17.08,4485200,0.0,0.0
2000-04-27,16.84,16.96,16.72,16.84,3002000,0.0,0.0
2000-04-28,16.77,16.98,16.51,16.55,3565800,0.0,0.0
2000-05-01,16.55,16.7,16.13,16.62,2856400,0.0,0.0
2000-05-02,16.79,17.27,16.74,17.08,2993400,0.0,0.0
2000-05-03,16.89,16.91,15.1,15.82,10531400,0.0,0.0
2000-05-04,15.72,15.91,15.51,15.82,3613600,0.0,0.0
2000-05-05,15.89,16.51,15.86,16.17,2619200,0.0,0.0
2000-05-08,16.17,17.36,16.03,17.03,3748000,0.0,0.0
2000-05-09,17.22,17.27,16.13,16.79,8088600,0.0,0.0
2000-05-10,16.72,16.72,16.29,16.55,4439200,0.0,0.0
2000-05-11,16.55,16.82,16.41,16.46,2995400,0.0,0.0
2000-05-12,16.13,16.29,15.74,15.94,3737000,0.0,0.0
2000-05-15,15.94,16.43,15.7,16.34,2626600,0.0,0.0
2000-05-16,16.41,16.67,16.27,16.29,2785000,0.0,0.0
2000-05-17,15.72,16.1,15.6,15.91,3342200,0.0,0.0
2000-05-18,15.94,16.05,15.7,15.79,1921000,0.0,0.0
2000-05-19,15.55,15.65,15.27,15.51,1767600,0.0,0.0
2000-05-22,15.48,15.63,15.03,15.41,1761000,0.0,0.0
2000-05-23,15.32,15.86,15.32,15.74,3331600,0.0,0.0
2000-05-24,15.67,15.82,15.01,15.25,4456800,0.0,0.0
2000-05-25,15.74,15.84,15.48,15.72,4218000,0.0,0.0
2000-05-26,15.84,16.05,15.2,15.32,2929000,0.0,0.0
2000-05-30,15.32,16.03,15.1,15.86,2529800,0.0,0.0
2000-05-31,15.86,16.91,15.6,16.55,4178000,0.0,0.0
2000-06-01,16.46,17.2,16.43,17.2,3186800,0.0,0.0
2000-06-02,17.36,17.43,16.08,16.46,3692800,0.0,0.0
2000-06-05,15.98,16.03,15.6,15.84,4565000,0.0,0.0
2000-06-06,15.94,15.98,14.58,14.79,7735400,0.0,0.0
2000-06-07,14.84,14.96,13.98,14.2,8590800,0.0,0.0
2000-06-08,14.27,14.94,13.65,14.7,10614400,0.0,0.0
2000-06-09,14.98,14.98,14.58,14.63,2478400,0.0,0.0
2000-06-12,14.65,14.77,14.2,14.4,2859800,0.0,0.0
2000-06-13,14.41,14.44,13.84,14.13,6498600,0.0,0.0
2000-06-14,14.27,14.89,14.25,14.79,3942400,0.0,0.0
2000-06-15,14.79,14.91,14.51,14.53,3656200,0.0,0.0
2000-06-16,14.6,14.86,14.56,14.6,3585800,0.0,0.0
2000-06-19,14.84,14.89,14.58,14.79,2621800,0.0,0.0
2000-06-20,14.6,15.13,14.41,14.51,3924400,0.0,0.0
2000-06-21,14.51,14.51,14.08,14.22,4342400,0.0,0.0
2000-06-22,14.22,14.29,13.82,13.98,2625200,0.0,0.0
2000-06-23,14.08,14.1,13.65,13.75,2377800,0.0,0.0
2000-06-26,13.82,13.91,13.63,13.65,2789200,0.0,0.0
2000-06-27,13.75,14.65,13.75,14.46,4053800,0.0,0.0
2000-06-28,14.41,14.72,14.2,14.52,2382200,0.0,0.0
2000-06-29,14.6,14.6,14.03,14.44,2709400,0.0,0.0
2000-06-30,14.22,15.26,14.22,15.22,3967600,0.0,0.0
2000-07-03,14.98,15.15,14.94,14.98,1392600,0.0,0.0
2000-07-05,15.01,15.51,14.86,15.1,2663600,0.0,0.0
2000-07-06,15.36,16.55,15.25,16.51,4212400,0.0,0.0
2000-07-07,16.46,16.46,15.67,16.32,3724400,0.0,0.0
2000-07-10,16.34,16.89,16.22,16.58,2782600,0.0,0.0
2000-07-11,16.74,16.74,16.41,16.51,2413400,0.0,0.0
2000-07-12,16.55,16.67,16.05,16.6,2460000,0.0,0.0
2000-07-13,16.62,16.74,16.34,16.34,2513800,0.0,0.0
2000-07-14,16.34,16.65,16.32,16.53,1408400,0.0,0.0
2000-07-17,16.53,16.93,16.53,16.93,2337400,0.0,0.0
2000-07-18,16.91,17.12,16.74,16.74,2945000,0.0,0.0
2000-07-19,16.74,16.86,15.94,16.17,3823600,0.0,0.0
2000-07-20,16.24,16.7,16.15,16.53,2413600,0.029,0.0
2000-07-21,16.5,16.6,16.34,16.41,1712000,0.0,0.0
2000-07-24,16.41,16.62,16.39,16.58,1482000,0.0,0.0
2000-07-25,16.6,16.62,15.98,16.39,2528200,0.0,0.0
2000-07-26,16.27,16.29,16.0,16.05,3523600,0.0,0.0
2000-07-27,16.0,16.2,15.84,15.86,2878400,0.0,0.0
2000-07-28,15.67,15.69,14.84,15.46,6585400,0.0,0.0
2000-07-31,15.53,15.55,15.03,15.05,3840400,0.0,0.0
2000-08-01,14.31,15.17,14.22,14.77,7697600,0.0,0.0
2000-08-02,14.43,14.46,14.0,14.05,6203400,0.0,0.0
2000-08-03,14.12,14.29,13.48,13.65,8173000,0.0,0.0
2000-08-04,13.96,13.96,13.55,13.77,8276400,0.0,0.0
2000-08-07,13.98,13.98,13.53,13.67,4265400,0.0,0.0
2000-08-08,13.69,13.84,13.08,13.27,9129000,0.0,0.0
2000-08-09,13.34,13.43,12.67,13.41,11428600,0.0,0.0
2000-08-10,13.34,14.0,13.29,13.93,5814600,0.0,0.0
2000-08-11,13.74,14.12,13.72,13.98,4234400,0.0,0.0
2000-08-14,13.88,14.39,13.88,14.27,3586200,0.0,0.0
2000-08-15,14.29,14.48,14.08,14.1,3024400,0.0,0.0
2000-08-16,14.1,14.22,13.88,14.15,2218400,0.0,0.0
2000-08-17,14.17,14.65,14.08,14.65,3244400,0.0,0.0
2000-08-18,14.58,14.81,14.48,14.79,1969000,0.0,0.0
2000-08-21,14.72,14.77,14.34,14.55,2836800,0.0,0.0
2000-08-22,14.58,14.62,14.43,14.58,3033000,0.0,0.0
2000-08-23,14.58,14.98,14.34,14.62,4353800,0.0,0.0
2000-08-24,14.53,15.0,14.5,14.86,1463400,0.0,0.0
2000-08-25,14.93,14.93,14.53,14.65,1865400,0.0,0.0
2000-08-28,14.65,14.65,14.41,14.58,2470800,0.0,0.0
2000-08-29,14.62,14.93,14.58,14.84,2355400,0.0,0.0
2000-08-30,14.86,15.15,14.81,14.86,2440600,0.0,0.0
2000-08-31,14.65,14.65,13.96,14.15,5560400,0.0,0.0
2000-09-01,14.0,14.19,13.88,14.19,3224800,0.0,0.0
2000-09-05,14.15,14.29,14.12,14.15,2882800,0.0,0.0
2000-09-06,14.53,14.89,14.29,14.39,5446800,0.0,0.0
2000-09-07,14.46,14.65,14.24,14.62,3476000,0.0,0.0
2000-09-08,14.69,15.24,14.6,15.24,2564800,0.0,0.0
2000-09-11,15.29,15.72,15.29,15.67,2954800,0.0,0.0
2000-09-12,15.53,16.15,15.53,16.15,2780600,0.0,0.0
2000-09-13,16.15,16.84,16.1,16.77,5635200,0.0,0.0
2000-09-14,16.77,16.84,16.2,16.77,5718800,0.0,0.0
2000-09-15,16.77,16.77,16.55,16.77,3335200,0.0,0.0
2000-09-18,16.67,17.03,16.53,16.81,3456800,0.0,0.0
2000-09-19,16.67,16.81,16.31,16.79,4319200,0.0,0.0
2000-09-20,16.79,16.93,16.5,16.86,4875400,0.0,0.0
2000-09-21,16.91,17.31,16.91,17.17,3967800,0.0,0.0
2000-09-22,17.29,17.58,17.24,17.48,4480000,0.0,0.0
2000-09-25,17.53,17.58,17.27,17.5,4438600,0.0,0.0
2000-09-26,17.5,17.53,17.2,17.31,6562400,0.0,0.0
2000-09-27,17.36,17.41,17.17,17.22,5168200,0.0,0.0
2000-09-28,17.24,17.58,17.2,17.48,4757600,0.0,0.0
2000-09-29,17.81,17.89,17.43,17.65,6779400,0.0,0.0
2000-10-02,17.6,17.79,17.36,17.79,3273200,0.0,0.0
2000-10-03,17.79,18.12,17.72,18.01,2958800,0.0,0.0
2000-10-04,17.72,18.48,17.72,18.01,4330400,0.0,0.0
2000-10-05,17.77,17.98,17.53,17.77,2869000,0.0,0.0
2000-10-06,17.79,17.86,17.36,17.77,2817000,0.0,0.0
2000-10-09,17.24,17.65,17.24,17.41,1728000,0.0,0.0
2000-10-10,17.41,17.48,17.29,17.39,2526800,0.0,0.0
2000-10-11,17.41,18.2,17.39,17.84,4483200,0.0,0.0
2000-10-12,17.84,17.98,17.62,17.7,4065200,0.0,0.0
2000-10-13,17.72,17.77,17.41,17.48,5979600,0.0,0.0
2000-10-16,17.27,17.58,17.27,17.46,4459400,0.0,0.0
2000-10-17,17.48,17.5,16.96,17.15,4075000,0.0,0.0
2000-10-18,17.15,17.81,17.0,17.53,5926800,0.0,0.0
2000-10-19,17.55,17.69,17.46,17.55,4484000,0.029,0.0
2000-10-20,17.46,17.48,16.88,16.91,2700400,0.0,0.0
2000-10-23,17.0,17.05,16.62,16.98,4242600,0.0,0.0
2000-10-24,17.0,17.46,16.95,17.46,3654000,0.0,0.0
2000-10-25,17.46,18.24,17.38,17.77,6306200,0.0,0.0
2000-10-26,17.77,18.5,17.77,18.34,4189000,0.0,0.0
2000-10-27,18.5,18.67,17.43,17.74,7119000,0.0,0.0
2000-10-30,18.7,20.15,18.65,20.15,10963400,0.0,0.0
2000-10-31,20.1,20.65,19.94,20.2,9301000,0.0,0.0
2000-11-01,20.08,20.46,19.7,20.22,8077800,0.0,0.0
2000-11-02,20.03,20.15,19.84,20.05,7658200,0.0,0.0
2000-11-03,20.03,20.05,19.89,20.01,5748000,0.0,0.0
2000-11-06,20.22,21.18,19.94,21.18,4335800,0.0,0.0
2000-11-07,20.94,21.51,20.72,20.96,6977400,0.0,0.0
2000-11-08,21.03,21.1,20.72,20.91,3390800,0.0,0.0
2000-11-09,20.75,21.8,20.67,21.77,5151000,0.0,0.0
2000-11-10,21.96,22.56,21.2,21.22,7612000,0.0,0.0
2000-11-13,21.41,21.94,21.27,21.65,7119200,0.0,0.0
2000-11-14,21.41,21.68,21.08,21.63,7075400,0.0,0.0
2000-11-15,21.58,21.6,20.36,20.58,6935400,0.0,0.0
2000-11-16,20.6,20.63,20.08,20.39,4882400,0.0,0.0
2000-11-17,20.22,20.32,19.03,20.01,9537200,0.0,0.0
2000-11-20,20.01,20.34,19.84,19.98,3363000,0.0,0.0
2000-11-21,19.96,20.36,19.96,20.13,4126200,0.0,0.0
2000-11-22,19.89,21.15,19.89,20.96,6551000,0.0,0.0
2000-11-24,20.96,21.03,20.6,20.79,1028600,0.0,0.0
2000-11-27,21.08,21.96,20.91,21.94,4849600,0.0,0.0
2000-11-28,22.18,22.34,21.72,21.8,4826200,0.0,0.0
2000-11-29,21.87,21.91,21.18,21.37,5121000,0.0,0.0
2000-11-30,21.27,21.7,21.15,21.7,10829000,0.0,0.0
2000-12-01,21.8,21.82,20.96,21.13,3762800,0.0,0.0
2000-12-04,20.7,20.91,20.41,20.53,6792200,0.0,0.0
2000-12-05,20.65,20.98,20.29,20.53,5298200,0.0,0.0
2000-12-06,20.22,20.58,19.39,19.63,5530000,0.0,0.0
2000-12-07,19.84,20.89,19.82,20.82,4498600,0.0,0.0
2000-12-08,20.87,20.96,20.44,20.44,2635000,0.0,0.0
2000-12-11,20.41,20.56,19.91,19.91,3290800,0.0,0.0
2000-12-12,19.91,21.51,19.74,21.06,4310000,0.0,0.0
2000-12-13,20.89,21.39,20.6,21.32,5589200,0.0,0.0
2000-12-14,21.56,21.94,21.46,21.87,5084000,0.0,0.0
2000-12-15,21.77,22.3,21.77,22.11,4786000,0.0,0.0
2000-12-18,22.01,22.22,21.46,21.89,5384400,0.0,0.0
2000-12-19,21.89,22.37,21.49,22.11,4326800,0.0,0.0
2000-12-20,22.11,22.68,21.77,22.68,4871000,0.0,0.0
2000-12-21,22.68,22.87,21.96,22.65,4033600,0.0,0.0
2000-12-22,22.99,22.99,22.27,22.51,3904600,0.0,0.0
2000-12-26,22.46,22.46,22.13,22.32,1968600,0.0,0.0
2000-12-27,22.22,22.87,22.06,22.82,2467200,0.0,0.0
2000-12-28,22.77,22.96,22.65,22.87,3470400,0.0,0.0
2000-12-29,23.01,23.06,22.8,22.87,2292400,0.0,0.0
2001-01-02,22.82,22.82,21.72,21.82,5539200,0.0,0.0
2001-01-03,21.82,21.82,20.27,20.6,8372400,0.0,0.0
2001-01-04,20.7,20.98,18.89,19.46,11753000,0.0,0.0
2001-01-05,19.55,20.03,19.2,19.72,9049000,0.0,0.0
2001-01-08,19.94,20.25,19.63,20.2,6677600,0.0,0.0
2001-01-09,20.41,20.87,20.08,20.7,6356400,0.0,0.0
2001-01-10,20.65,21.41,20.48,21.34,5884400,0.0,0.0
2001-01-11,21.44,21.49,20.03,20.58,5218200,0.0,0.0
2001-01-12,20.58,20.58,20.2,20.41,3163600,0.0,0.0
2001-01-16,20.41,21.13,20.41,21.08,3855000,0.0,0.0
2001-01-17,21.13,21.32,20.7,20.91,4233000,0.0,0.0
2001-01-18,21.08,21.53,20.94,21.32,4204000,0.0,0.0
2001-01-19,21.32,21.32,20.65,20.79,4520000,0.029,0.0
2001-01-22,20.79,21.25,20.58,20.91,4592600,0.0,0.0
2001-01-23,21.01,21.32,20.89,21.32,3039000,0.0,0.0
2001-01-24,21.32,21.79,21.22,21.79,4550400,0.0,0.0
2001-01-25,21.75,21.89,21.1,21.77,5023600,0.0,0.0
2001-01-26,21.77,22.27,21.7,22.27,3931400,0.0,0.0
2001-01-29,22.27,22.36,21.73,22.02,2976200,0.0,0.0
2001-01-30,22.02,22.02,21.58,21.9,4045200,0.0,0.0
2001-01-31,21.79,22.73,21.69,22.61,4456200,0.0,0.0
2001-02-01,22.61,22.74,21.94,22.12,3891200,0.0,0.0
2001-02-02,22.34,22.59,22.08,22.5,4929600,0.0,0.0
2001-02-05,22.57,22.63,21.85,22.04,4306600,0.0,0.0
2001-02-06,22.25,22.37,21.54,21.97,6131000,0.0,0.0
2001-02-07,22.04,22.86,21.98,22.84,4373600,0.0,0.0
2001-02-08,22.9,22.91,22.48,22.54,5143800,0.0,0.0
2001-02-09,22.54,22.69,22.08,22.59,3582400,0.0,0.0
2001-02-12,22.67,22.92,22.42,22.92,3501800,0.0,0.0
2001-02-13,22.74,22.78,22.38,22.47,3048800,0.0,0.0
2001-02-14,22.47,22.8,22.3,22.71,3912600,0.0,0.0
2001-02-15,22.71,22.94,22.46,22.88,2107000,0.0,0.0
2001-02-16,23.03,23.76,23.03,23.52,6648200,0.0,0.0
2001-02-20,23.57,24.35,23.57,23.68,5745200,0.0,0.0
2001-02-21,23.32,23.55,22.69,22.76,6704000,0.0,0.0
2001-02-22,22.82,22.86,21.81,22.29,5847800,0.0,0.0
2001-02-23,22.06,22.22,21.6,21.78,3308000,0.0,0.0
2001-02-26,21.77,22.45,21.77,22.45,5557400,0.0,0.0
2001-02-27,22.92,23.22,22.67,22.71,5515400,0.0,0.0
2001-02-28,23.03,23.76,23.01,23.3,5985200,0.0,0.0
2001-03-01,23.3,23.34,22.53,22.69,5370600,0.0,0.0
2001-03-02,22.69,23.2,22.53,23.07,4435800,0.0,0.0
2001-03-05,22.92,23.37,22.92,23.05,3273400,0.0,0.0
2001-03-06,23.3,23.31,22.92,23.11,3154800,0.0,0.0
2001-03-07,23.03,23.6,23.01,23.22,3651400,0.0,0.0
2001-03-08,23.28,23.83,23.2,23.72,3298000,0.0,0.0
2001-03-09,23.47,23.47,23.07,23.25,2578200,0.0,0.0
2001-03-12,23.07,23.07,22.8,22.82,3544400,0.0,0.0
2001-03-13,22.66,22.7,21.25,21.77,5098400,0.0,0.0
2001-03-14,21.39,22.0,21.37,21.92,2882200,0.0,0.0
2001-03-15,22.02,22.23,22.0,22.19,3577000,0.0,0.0
2001-03-16,22.11,22.31,21.14,21.23,3944600,0.0,0.0
2001-03-19,21.37,21.46,20.78,21.24,3018800,0.0,0.0
2001-03-20,21.39,21.45,20.7,20.85,3024000,0.0,0.0
2001-03-21,20.85,21.06,20.57,21.01,4180200,0.0,0.0
2001-03-22,21.01,21.01,20.18,20.47,4856600,0.0,0.0
2001-03-23,20.53,21.02,20.07,21.02,4179800,0.0,0.0
2001-03-26,21.11,21.2,20.41,21.04,5559600,0.0,0.0
2001-03-27,21.04,21.68,20.95,21.55,5659400,0.0,0.0
2001-03-28,21.45,21.5,20.9,21.48,4207800,0.0,0.0
2001-03-29,21.48,21.62,20.97,21.56,5629200,0.0,0.0
2001-03-30,21.94,22.53,21.81,22.34,3937000,0.0,0.0
2001-04-02,22.32,22.46,22.03,22.24,3623600,0.0,0.0
2001-04-03,22.38,22.43,21.96,21.97,5582000,0.0,0.0
2001-04-04,22.02,22.21,21.96,22.15,5385600,0.0,0.0
2001-04-05,21.94,22.04,21.16,21.35,5293600,0.0,0.0
2001-04-06,21.35,21.41,20.82,21.39,3849600,0.0,0.0
2001-04-09,21.16,21.43,20.63,20.72,3547400,0.0,0.0
2001-04-10,20.93,21.92,20.78,21.76,5379600,0.0,0.0
2001-04-11,21.67,21.69,20.43,20.78,4629600,0.0,0.0
2001-04-12,21.01,21.54,20.91,21.39,4001200,0.0,0.0
2001-04-16,21.48,21.58,21.01,21.13,2072400,0.0,0.0
2001-04-17,21.18,21.62,21.04,21.58,2415400,0.0,0.0
2001-04-18,21.81,22.15,21.39,21.69,5322400,0.0,0.0
2001-04-19,21.73,21.93,21.35,21.87,3909800,0.0,0.0
2001-04-20,21.87,21.95,21.51,21.77,4067400,0.029,0.0
2001-04-23,21.98,21.98,21.4,21.45,2725200,0.0,0.0
2001-04-24,21.52,21.58,21.03,21.22,4423000,0.0,0.0
2001-04-25,21.31,21.79,21.22,21.57,5315800,0.0,0.0
2001-04-26,21.79,22.12,21.7,22.12,3672400,0.0,0.0
2001-04-27,22.25,23.04,22.23,22.84,2705800,0.0,0.0
2001-04-30,22.88,23.05,22.43,22.54,4786400,0.0,0.0
2001-05-01,22.56,22.84,22.47,22.82,3107400,0.0,0.0
2001-05-02,22.67,22.84,21.03,21.35,12741600,0.0,0.0
2001-05-03,21.26,21.49,20.76,20.82,7938000,0.0,0.0
2001-05-04,20.65,20.65,20.4,20.57,7326000,0.0,0.0
2001-05-07,20.47,20.52,19.72,20.19,9362800,0.0,0.0
2001-05-08,20.42,20.99,20.26,20.75,6799000,0.0,0.0
2001-05-09,20.75,21.15,20.59,21.15,6538400,0.0,0.0
2001-05-10,21.15,21.26,20.63,20.72,4797000,0.0,0.0
2001-05-11,20.95,21.09,20.07,20.13,5950200,0.0,0.0
2001-05-14,20.13,20.32,19.86,20.03,6400200,0.0,0.0
2001-05-15,20.17,20.19,19.73,19.88,6555400,0.0,0.0
2001-05-16,19.98,20.55,19.92,20.25,4553400,0.0,0.0
2001-05-17,20.38,21.28,20.27,20.74,4938400,0.0,0.0
2001-05-18,20.89,20.92,20.29,20.91,4660600,0.0,0.0
2001-05-21,20.91,21.24,20.84,20.93,2886200,0.0,0.0
2001-05-22,20.94,21.28,20.83,20.85,3168400,0.0,0.0
2001-05-23,20.93,21.04,20.59,20.65,3590600,0.0,0.0
2001-05-24,20.8,20.86,20.44,20.59,3959000,0.0,0.0
2001-05-25,20.91,21.22,20.84,21.09,3687600,0.0,0.0
2001-05-29,20.86,20.86,20.26,20.38,7088200,0.0,0.0
2001-05-30,20.44,21.02,20.36,20.99,5988200,0.0,0.0
2001-05-31,20.99,21.28,20.84,20.99,4103000,0.0,0.0
2001-06-01,20.93,20.97,20.62,20.81,2792600,0.0,0.0
2001-06-04,20.87,20.87,20.65,20.8,1856400,0.0,0.0
2001-06-05,20.8,21.01,20.65,20.91,6481400,0.0,0.0
2001-06-06,20.91,21.56,20.63,21.45,5871400,0.0,0.0
2001-06-07,21.41,21.75,21.26,21.63,3160600,0.0,0.0
2001-06-08,21.77,21.77,21.3,21.44,1592400,0.0,0.0
2001-06-11,21.44,21.44,20.67,20.72,3945600,0.0,0.0
2001-06-12,20.65,21.05,20.61,21.0,5053400,0.0,0.0
2001-06-13,21.0,21.04,20.77,20.87,3254000,0.0,0.0
2001-06-14,20.8,20.93,20.68,20.83,2736000,0.0,0.0
2001-06-15,19.23,19.31,18.16,18.18,21769400,0.0,0.0
2001-06-18,18.35,18.73,18.35,18.62,11460200,0.0,0.0
2001-06-19,18.73,18.73,18.45,18.68,7725400,0.0,0.0
2001-06-20,18.68,18.83,18.23,18.32,5903600,0.0,0.0
2001-06-21,18.32,18.55,17.2,17.38,15364800,0.0,0.0
2001-06-22,17.7,17.7,17.01,17.25,11186800,0.0,0.0
2001-06-25,17.25,17.25,16.36,16.39,14478600,0.0,0.0
2001-06-26,16.48,17.05,16.38,16.86,11216800,0.0,0.0
2001-06-27,15.28,15.29,13.86,13.96,40463800,0.0,0.0
2001-06-28,14.16,14.47,14.02,14.45,15411200,0.0,0.0
2001-06-29,14.45,14.78,14.22,14.76,11940600,0.0,0.0
2001-07-02,14.62,14.72,14.3,14.32,7391200,0.0,0.0
2001-07-03,13.95,14.18,13.74,14.14,4884200,0.0,0.0
2001-07-05,14.14,14.72,14.14,14.55,7542600,0.0,0.0
2001-07-06,14.53,14.67,14.49,14.6,6149600,0.0,0.0
2001-07-09,14.59,14.85,14.56,14.6,4903800,0.0,0.0
2001-07-10,14.87,15.08,14.72,14.91,9013400,0.0,0.0
2001-07-11,15.02,15.25,14.97,15.08,7921600,0.0,0.0
2001-07-12,15.06,15.28,14.78,14.88,9478600,0.0,0.0
2001-07-13,14.91,15.14,14.87,15.05,5074800,0.0,0.0
2001-07-16,15.1,15.23,14.95,15.2,6278200,0.0,0.0
2001-07-17,15.14,15.43,15.14,15.36,5617400,0.0,0.0
2001-07-18,15.29,15.4,15.25,15.29,4910400,0.0,0.0
2001-07-19,15.35,15.71,15.35,15.5,3778200,0.029,0.0
2001-07-20,15.41,15.48,15.37,15.41,4178800,0.0,0.0
2001-07-23,15.66,15.66,15.3,15.33,3387800,0.0,0.0
2001-07-24,15.6,15.68,15.29,15.33,4096600,0.0,0.0
2001-07-25,15.32,15.36,15.26,15.33,4312800,0.0,0.0
2001-07-26,15.33,15.35,14.17,14.25,22429200,0.0,0.0
2001-07-27,14.26,14.28,13.84,14.07,12823600,0.0,0.0
2001-07-30,14.11,14.16,13.99,14.06,9645200,0.0,0.0
2001-07-31,14.13,14.24,13.76,13.79,12917000,0.0,0.0
2001-08-01,13.31,13.59,13.31,13.42,13826800,0.0,0.0
2001-08-02,13.59,14.17,13.59,14.13,10589400,0.0,0.0
2001-08-03,14.16,14.16,13.59,13.78,9878400,0.0,0.0
2001-08-06,13.78,13.79,13.58,13.77,4572000,0.0,0.0
2001-08-07,13.77,13.81,13.75,13.81,4771000,0.0,0.0
2001-08-08,13.78,14.01,13.69,13.73,8365600,0.0,0.0
2001-08-09,13.75,13.87,13.68,13.84,7053600,0.0,0.0
2001-08-10,13.78,13.92,13.63,13.8,4938000,0.0,0.0
2001-08-13,13.82,13.84,13.69,13.75,3903600,0.0,0.0
2001-08-14,13.81,14.17,13.8,14.08,5489200,0.0,0.0
2001-08-15,14.09,14.45,14.01,14.32,4426800,0.0,0.0
2001-08-16,14.32,14.33,14.07,14.08,5017000,0.0,0.0
2001-08-17,14.17,14.22,13.82,14.01,3682600,0.0,0.0
2001-08-20,14.17,14.61,14.08,14.55,5630400,0.0,0.0
2001-08-21,14.55,14.55,14.24,14.24,5816600,0.0,0.0
2001-08-22,14.36,14.4,14.2,14.36,3580000,0.0,0.0
2001-08-23,14.2,14.3,13.67,14.17,9552800,0.0,0.0
2001-08-24,14.51,14.59,14.23,14.54,3827800,0.0,0.0
2001-08-27,14.54,14.55,14.14,14.17,3119600,0.0,0.0
2001-08-28,14.15,14.33,14.11,14.27,4089000,0.0,0.0
2001-08-29,14.19,14.24,14.05,14.08,4925600,0.0,0.0
2001-08-30,14.08,14.3,14.03,14.04,3153600,0.0,0.0
2001-08-31,13.94,14.01,13.76,13.83,3935200,0.0,0.0
2001-09-04,13.83,14.38,13.83,14.17,5184200,0.0,0.0
2001-09-05,14.53,14.86,14.29,14.55,10125200,0.0,0.0
2001-09-06,14.49,14.49,14.01,14.03,5203400,0.0,0.0
2001-09-07,14.03,14.13,13.53,13.7,7264200,0.0,0.0
2001-09-10,13.59,13.93,13.53,13.88,5417600,0.0,0.0
2001-09-17,13.59,13.96,13.53,13.65,7196200,0.0,0.0
2001-09-18,13.64,13.98,13.64,13.88,4546200,0.0,0.0
2001-09-19,14.01,14.22,13.66,13.94,6432200,0.0,0.0
2001-09-20,14.05,14.13,13.48,13.53,8308400,0.0,0.0
2001-09-21,11.68,12.56,11.66,12.35,19999800,0.0,0.0
2001-09-24,12.73,12.73,12.18,12.3,13671800,0.0,0.0
2001-09-25,12.27,12.33,11.92,12.02,10779200,0.0,0.0
2001-09-26,12.06,12.18,11.97,12.13,7519400,0.0,0.0
2001-09-27,12.03,12.41,11.95,12.41,7112800,0.0,0.0
2001-09-28,12.38,12.94,12.33,12.71,5016600,0.0,0.0
2001-10-01,12.75,12.75,12.33,12.56,4667400,0.0,0.0
2001-10-02,12.56,12.82,12.41,12.78,4497000,0.0,0.0
2001-10-03,12.64,13.23,12.64,13.23,6408000,0.0,0.0
2001-10-04,13.23,13.23,12.71,12.73,4574400,0.0,0.0
2001-10-05,12.73,12.87,12.59,12.69,3716800,0.0,0.0
2001-10-08,12.65,12.92,12.56,12.72,4048000,0.0,0.0
2001-10-09,12.48,12.56,12.23,12.41,4471800,0.0,0.0
2001-10-10,12.31,12.47,12.21,12.44,5547800,0.0,0.0
2001-10-11,12.47,12.58,12.31,12.47,4198200,0.0,0.0
2001-10-12,12.29,12.59,12.0,12.59,9543400,0.0,0.0
2001-10-15,12.42,12.75,12.41,12.56,5580400,0.0,0.0
2001-10-16,12.73,12.81,12.36,12.72,3092400,0.0,0.0
2001-10-17,12.96,12.98,12.37,12.48,4594600,0.0,0.0
2001-10-18,12.48,12.5,12.08,12.33,3990000,0.029,0.0
2001-10-19,12.24,12.39,12.14,12.35,2752400,0.0,0.0
2001-10-22,12.29,12.43,12.08,12.37,2976200,0.0,0.0
2001-10-23,12.6,12.63,12.31,12.48,3044600,0.0,0.0
2001-10-24,12.47,12.6,12.28,12.32,2539000,0.0,0.0
2001-10-25,12.32,12.35,11.87,12.27,3901600,0.0,0.0
2001-10-26,12.27,12.43,12.22,12.27,8301600,0.0,0.0
2001-10-29,12.27,12.31,12.09,12.13,2588000,0.0,0.0
2001-10-30,9.97,9.97,8.82,9.34,64118400,0.0,0.0
2001-10-31,9.34,9.38,8.82,9.17,29423200,0.0,0.0
2001-11-01,9.17,9.28,9.02,9.21,11656800,0.0,0.0
2001-11-02,9.21,9.22,8.84,8.93,9283000,0.0,0.0
2001-11-05,8.94,9.03,8.78,8.99,12980800,0.0,0.0
2001-11-06,8.9,9.13,8.78,9.1,12474000,0.0,0.0
2001-11-07,9.1,9.45,9.1,9.42,11169800,0.0,0.0
2001-11-08,9.51,9.51,9.21,9.34,8882600,0.0,0.0
2001-11-09,9.28,9.31,9.12,9.26,6739200,0.0,0.0
2001-11-12,9.32,9.32,9.13,9.24,5308800,0.0,0.0
2001-11-13,9.24,9.35,9.17,9.22,7961800,0.0,0.0
2001-11-14,9.26,9.35,9.21,9.27,6469400,0.0,0.0
2001-11-15,9.3,9.31,9.2,9.29,10397200,0.0,0.0
2001-11-16,9.3,9.3,9.15,9.27,6631000,0.0,0.0
2001-11-19,9.24,9.59,9.23,9.57,7127600,0.0,0.0
2001-11-20,9.39,9.53,9.32,9.47,8418800,0.0,0.0
2001-11-21,9.42,9.59,9.31,9.52,9742200,0.0,0.0
2001-11-23,9.55,9.75,9.52,9.72,3502800,0.0,0.0
2001-11-26,9.78,10.37,9.78,10.32,13161200,0.0,0.0
2001-11-27,10.3,10.51,10.26,10.32,9533200,0.0,0.0
2001-11-28,10.55,10.72,10.36,10.55,11062600,0.0,0.0
2001-11-29,10.55,10.55,10.36,10.46,6268800,0.0,0.0
2001-11-30,10.45,10.47,10.28,10.34,5896800,0.0,0.0
2001-12-03,10.3,10.4,10.13,10.35,6360200,0.0,0.0
2001-12-04,10.28,10.39,10.13,10.17,4986200,0.0,0.0
2001-12-05,10.15,10.55,10.15,10.4,4899400,0.0,0.0
2001-12-06,10.43,10.62,10.34,10.51,4746800,0.0,0.0
2001-12-07,10.59,10.6,10.38,10.49,3554600,0.0,0.0
2001-12-10,10.39,10.39,10.18,10.2,3764000,0.0,0.0
2001-12-11,10.2,10.31,10.15,10.25,4224800,0.0,0.0
2001-12-12,10.25,10.25,9.59,10.01,7104800,0.0,0.0
2001-12-13,10.01,10.43,9.97,10.22,5356200,0.0,0.0
2001-12-14,10.18,10.74,10.09,10.46,7746800,0.0,0.0
2001-12-17,10.46,11.15,10.44,11.15,8935800,0.0,0.0
2001-12-18,11.08,11.16,10.91,11.12,7981800,0.0,0.0
2001-12-19,11.1,11.3,11.05,11.25,7294200,0.0,0.0
2001-12-20,11.22,11.49,11.18,11.32,7330200,0.0,0.0
2001-12-21,11.51,11.51,11.32,11.47,8007200,0.0,0.0
2001-12-24,11.33,11.51,11.33,11.43,1918800,0.0,0.0
2001-12-26,11.34,11.45,11.24,11.34,3329800,0.0,0.0
2001-12-27,11.3,11.59,11.3,11.51,4219600,0.0,0.0
2001-12-28,11.51,11.69,11.41,11.51,2830600,0.0,0.0
2001-12-31,11.43,11.6,11.35,11.35,3492600,0.0,0.0
2002-01-02,11.45,11.46,11.14,11.35,4616800,0.0,0.0
2002-01-03,11.39,11.57,11.22,11.35,5449000,0.0,0.0
2002-01-04,11.35,11.55,11.28,11.36,4860000,0.0,0.0
2002-01-07,11.36,11.58,11.25,11.33,5351800,0.0,0.0
2002-01-08,11.33,11.43,11.22,11.33,4488800,0.0,0.0
2002-01-09,11.39,11.44,11.2,11.24,4157400,0.0,0.0
2002-01-10,11.18,11.19,10.97,11.12,4081400,0.0,0.0
2002-01-11,11.04,11.09,10.95,11.03,4008200,0.0,0.0
2002-01-14,11.05,11.12,10.95,11.04,2776600,0.0,0.0
2002-01-15,10.95,11.08,10.62,10.84,5533800,0.0,0.0
2002-01-16,10.85,10.85,10.59,10.77,4636400,0.0,0.0
2002-01-17,10.84,10.84,10.7,10.74,2822400,0.0,0.0
2002-01-18,10.74,10.84,10.65,10.73,2834200,0.029,0.0
2002-01-22,10.84,10.91,10.66,10.67,5694400,0.0,0.0
2002-01-23,10.69,10.78,10.62,10.74,2859800,0.0,0.0
2002-01-24,10.75,10.86,10.55,10.59,4982200,0.0,0.0
2002-01-25,10.6,10.83,10.59,10.77,2953000,0.0,0.0
2002-01-28,10.86,10.92,10.67,10.72,3076400,0.0,0.0
2002-01-29,10.74,10.86,10.19,10.27,4752200,0.0,0.0
2002-01-30,10.13,10.39,9.92,10.34,5487800,0.0,0.0
2002-01-31,10.38,10.51,10.36,10.45,5161600,0.0,0.0
2002-02-01,10.38,10.45,9.9,9.92,5675400,0.0,0.0
2002-02-04,10.09,10.42,9.97,10.21,5558200,0.0,0.0
2002-02-05,10.2,10.49,9.83,10.39,6809800,0.0,0.0
2002-02-06,10.42,10.53,9.89,10.04,4257200,0.0,0.0
2002-02-07,10.03,10.57,9.97,10.34,6193400,0.0,0.0
2002-02-08,10.32,10.42,10.13,10.3,4102000,0.0,0.0
2002-02-11,10.34,10.55,10.32,10.55,4404400,0.0,0.0
2002-02-12,10.55,10.77,10.51,10.72,5519200,0.0,0.0
2002-02-13,10.74,10.82,10.69,10.74,3448000,0.0,0.0
2002-02-14,10.76,10.9,10.76,10.79,3349000,0.0,0.0
2002-02-15,10.79,10.88,10.69,10.75,2901000,0.0,0.0
2002-02-19,10.69,10.74,10.34,10.53,6401000,0.0,0.0
2002-02-20,10.55,10.62,10.41,10.56,2511600,0.0,0.0
2002-02-21,10.49,10.75,10.49,10.53,4091200,0.0,0.0
2002-02-22,10.45,10.47,10.27,10.44,3626600,0.0,0.0
2002-02-25,10.44,10.85,10.44,10.82,3743400,0.0,0.0
2002-02-26,10.81,11.13,10.79,11.06,3348800,0.0,0.0
2002-02-27,11.0,11.03,10.45,10.56,5801800,0.0,0.0
2002-02-28,10.51,10.72,10.38,10.5,4322600,0.0,0.0
2002-03-01,10.53,10.8,10.53,10.77,4757200,0.0,0.0
2002-03-04,10.92,11.38,10.91,11.28,5932200,0.0,0.0
2002-03-05,11.32,11.55,11.27,11.49,7085600,0.0,0.0
2002-03-06,11.67,11.98,11.57,11.97,7287800,0.0,0.0
2002-03-07,11.96,11.97,11.56,11.69,5296600,0.0,0.0
2002-03-08,11.91,11.92,11.8,11.86,4311200,0.0,0.0
2002-03-11,11.8,11.98,11.69,11.95,3608600,0.0,0.0
2002-03-12,11.92,12.63,11.72,12.55,5013200,0.0,0.0
2002-03-13,12.57,12.67,12.44,12.59,11415800,0.0,0.0
2002-03-14,12.55,12.87,12.53,12.83,7325200,0.0,0.0
2002-03-15,13.07,13.26,12.97,13.19,14548800,0.0,0.0
2002-03-18,13.26,13.64,13.23,13.61,8715600,0.0,0.0
2002-03-19,13.59,13.66,13.41,13.53,7090800,0.0,0.0
2002-03-20,13.28,13.33,13.0,13.31,4317800,0.0,0.0
2002-03-21,13.3,13.3,13.15,13.24,2738200,0.0,0.0
2002-03-22,13.25,13.37,13.12,13.25,2359800,0.0,0.0
2002-03-25,13.28,13.34,13.13,13.17,2138000,0.0,0.0
2002-03-26,13.2,13.25,12.84,13.07,3228000,0.0,0.0
2002-03-27,13.01,13.01,12.8,12.98,3596000,0.0,0.0
2002-03-28,13.16,13.3,13.14,13.2,3866600,0.0,0.0
2002-04-01,13.22,13.28,13.01,13.26,3247800,0.0,0.0
2002-04-02,13.29,13.3,12.86,12.93,3303600,0.0,0.0
2002-04-03,12.88,13.16,12.7,12.85,2844400,0.0,0.0
2002-04-04,12.7,12.93,12.68,12.89,2643800,0.0,0.0
2002-04-05,12.9,13.01,12.75,12.97,2930000,0.0,0.0
2002-04-08,12.97,13.07,12.76,13.0,2546800,0.0,0.0
2002-04-09,13.36,13.72,13.33,13.68,10194800,0.0,0.0
2002-04-10,13.59,13.61,13.36,13.54,4714800,0.0,0.0
2002-04-11,13.45,13.48,13.22,13.32,4411800,0.0,0.0
2002-04-12,13.33,13.48,13.11,13.45,2785600,0.0,0.0
2002-04-15,13.45,13.46,13.3,13.34,5475800,0.0,0.0
2002-04-16,13.41,13.54,13.32,13.54,3547600,0.0,0.0
2002-04-17,13.54,13.54,13.19,13.21,3650200,0.0,0.0
2002-04-18,13.21,13.28,13.05,13.24,2418200,0.0,0.0
2002-04-19,13.36,13.38,13.04,13.24,3238200,0.029,0.0
2002-04-22,13.24,13.24,13.07,13.22,2259800,0.0,0.0
2002-04-23,13.19,13.26,13.13,13.17,2424000,0.0,0.0
2002-04-24,13.17,13.19,13.03,13.06,2838200,0.0,0.0
2002-04-25,12.92,12.92,12.54,12.86,3909200,0.0,0.0
2002-04-26,12.86,12.86,12.2,12.49,4880800,0.0,0.0
2002-04-29,12.52,13.06,12.51,12.82,3632200,0.0,0.0
2002-04-30,12.96,13.05,12.77,12.89,4068800,0.0,0.0
2002-05-01,12.81,12.93,12.63,12.8,3300600,0.0,0.0
2002-05-02,12.82,12.91,12.58,12.61,5045600,0.0,0.0
2002-05-03,12.74,12.85,12.36,12.57,4770400,0.0,0.0
2002-05-06,12.55,12.68,12.48,12.51,3036200,0.0,0.0
2002-05-07,12.65,12.99,12.49,12.94,6599000,0.0,0.0
2002-05-08,13.17,13.73,13.04,13.68,9979800,0.0,0.0
2002-05-09,13.59,13.68,13.24,13.32,5639000,0.0,0.0
2002-05-10,13.38,13.38,13.14,13.24,2745800,0.0,0.0
2002-05-13,13.24,13.32,13.09,13.21,2396800,0.0,0.0
2002-05-14,13.32,13.35,13.17,13.34,3312400,0.0,0.0
2002-05-15,13.34,13.4,13.14,13.14,2983000,0.0,0.0
2002-05-16,13.15,13.24,12.91,13.08,2229600,0.0,0.0
2002-05-17,13.09,13.21,13.07,13.16,2138600,0.0,0.0
2002-05-20,13.21,13.23,12.99,13.01,1541400,0.0,0.0
2002-05-21,13.08,13.09,12.68,12.72,2059800,0.0,0.0
2002-05-22,12.74,12.77,12.58,12.72,2210200,0.0,0.0
2002-05-23,12.72,12.8,12.62,12.8,1764800,0.0,0.0
2002-05-24,12.8,13.04,12.75,12.78,2556400,0.0,0.0
2002-05-28,12.71,12.84,12.49,12.56,3137800,0.0,0.0
2002-05-29,12.57,12.7,12.51,12.58,1702200,0.0,0.0
2002-05-30,12.55,12.65,12.38,12.4,1928000,0.0,0.0
2002-05-31,12.4,12.41,12.27,12.33,4191000,0.0,0.0
2002-06-03,12.32,12.36,12.15,12.15,3376800,0.0,0.0
2002-06-04,12.11,12.11,11.64,11.94,5251600,0.0,0.0
2002-06-05,11.93,12.24,11.93,12.23,5447200,0.0,0.0
2002-06-06,12.26,12.45,12.23,12.38,4380600,0.0,0.0
2002-06-07,12.38,12.63,12.32,12.61,3592000,0.0,0.0
2002-06-10,12.64,12.79,12.62,12.76,2942000,0.0,0.0
2002-06-11,12.84,13.03,12.67,12.7,4102800,0.0,0.0
2002-06-12,12.74,12.89,12.61,12.89,3961600,0.0,0.0
2002-06-13,12.89,12.89,12.68,12.71,2514000,0.0,0.0
2002-06-14,12.71,12.74,12.17,12.66,6260600,0.0,0.0
2002-06-17,12.66,12.97,12.65,12.95,2202000,0.0,0.0
2002-06-18,12.95,12.99,12.78,12.9,3501600,0.0,0.0
2002-06-19,12.81,12.94,12.67,12.71,5408600,0.0,0.0
2002-06-20,12.71,12.82,12.65,12.71,4487000,0.0,0.0
2002-06-21,12.71,12.78,12.47,12.54,8191000,0.0,0.0
2002-06-24,12.44,12.57,12.19,12.22,3942000,0.0,0.0
2002-06-25,12.32,12.37,12.07,12.07,3576600,0.0,0.0
2002-06-26,11.74,12.11,11.72,12.0,3191400,0.0,0.0
2002-06-27,12.05,12.21,11.84,11.93,4921000,0.0,0.0
2002-06-28,11.94,11.97,11.74,11.78,8640000,0.0,0.0
2002-07-01,11.7,11.84,11.57,11.6,3699600,0.0,0.0
2002-07-02,11.43,11.45,11.05,11.32,4656800,0.0,0.0
2002-07-03,11.36,11.37,10.96,11.29,3164200,0.0,0.0
2002-07-05,11.28,11.49,11.28,11.38,1833400,0.0,0.0
2002-07-08,11.4,11.44,11.23,11.32,2743400,0.0,0.0
2002-07-09,11.4,11.47,10.93,10.98,3698400,0.0,0.0
2002-07-10,11.04,11.12,10.61,10.65,3961200,0.0,0.0
2002-07-11,10.3,10.76,10.24,10.43,6568800,0.0,0.0
2002-07-12,10.72,10.86,10.43,10.51,4427400,0.0,0.0
2002-07-15,10.53,10.59,9.9,10.37,7433400,0.0,0.0
2002-07-16,10.2,10.32,10.0,10.09,4695800,0.0,0.0
2002-07-17,10.2,10.24,9.98,10.09,4630800,0.0,0.0
2002-07-18,10.07,10.21,10.02,10.06,4486200,0.029,0.0
2002-07-19,9.96,10.05,9.85,9.96,6247200,0.0,0.0
2002-07-22,9.84,9.96,9.37,9.65,6189600,0.0,0.0
2002-07-23,9.18,9.7,9.18,9.42,5642600,0.0,0.0
2002-07-24,9.11,10.17,9.09,10.0,7585600,0.0,0.0
2002-07-25,9.99,9.99,9.44,9.91,6293000,0.0,0.0
2002-07-26,9.9,10.07,9.69,10.01,4763400,0.0,0.0
2002-07-29,10.13,10.31,10.03,10.25,5776800,0.0,0.0
2002-07-30,10.23,10.26,9.9,10.12,4930200,0.0,0.0
2002-07-31,10.23,11.04,10.23,11.04,7483600,0.0,0.0
2002-08-01,11.15,11.29,10.87,11.05,5915800,0.0,0.0
2002-08-02,11.04,11.5,10.56,10.69,7737400,0.0,0.0
2002-08-05,10.78,10.95,10.2,10.21,5839800,0.0,0.0
2002-08-06,10.32,11.03,10.32,10.82,5034600,0.0,0.0
2002-08-07,11.02,11.36,11.02,11.34,5118000,0.0,0.0
2002-08-08,11.21,11.36,11.02,11.33,5338400,0.0,0.0
2002-08-09,11.31,11.4,11.15,11.35,4159400,0.0,0.0
2002-08-12,11.27,11.31,11.04,11.09,3070000,0.0,0.0
2002-08-13,11.09,11.49,11.04,11.07,3218800,0.0,0.0
2002-08-14,11.07,11.59,10.98,11.58,3162200,0.0,0.0
2002-08-15,11.53,11.95,11.5,11.64,3481600,0.0,0.0
2002-08-16,11.46,11.82,11.44,11.64,2285200,0.0,0.0
2002-08-19,11.64,12.12,11.63,12.08,3125800,0.0,0.0
2002-08-20,12.06,12.06,11.54,11.62,4354200,0.0,0.0
2002-08-21,11.63,11.75,11.37,11.74,3586400,0.0,0.0
2002-08-22,11.74,12.05,11.73,12.0,3270800,0.0,0.0
2002-08-23,11.97,12.12,11.91,12.05,4281400,0.0,0.0
2002-08-26,11.94,12.02,11.78,11.92,3220400,0.0,0.0
2002-08-27,12.0,12.09,11.72,11.82,3121600,0.0,0.0
2002-08-28,11.75,11.88,11.4,11.59,2001200,0.0,0.0
2002-08-29,11.5,11.5,11.26,11.33,4167400,0.0,0.0
2002-08-30,11.33,11.45,11.17,11.34,2503600,0.0,0.0
2002-09-03,11.34,11.37,10.96,11.03,4620600,0.0,0.0
2002-09-04,11.0,11.12,10.67,10.99,5473400,0.0,0.0
2002-09-05,10.9,10.91,10.63,10.76,3757200,0.0,0.0
2002-09-06,10.82,11.29,10.78,11.23,3321200,0.0,0.0
2002-09-09,11.2,11.49,11.06,11.37,2266600,0.0,0.0
2002-09-10,11.43,11.49,11.34,11.45,2045400,0.0,0.0
2002-09-11,11.52,11.61,11.38,11.38,1206200,0.0,0.0
2002-09-12,11.39,11.53,11.17,11.41,3972800,0.0,0.0
2002-09-13,11.25,11.6,11.24,11.46,2963800,0.0,0.0
2002-09-16,11.46,11.54,11.21,11.41,2429600,0.0,0.0
2002-09-17,11.48,11.53,10.93,10.96,2393600,0.0,0.0
2002-09-18,10.61,10.79,10.19,10.7,5643200,0.0,0.0
2002-09-19,10.7,10.73,10.44,10.55,2329000,0.0,0.0
2002-09-20,10.59,10.7,10.42,10.62,3658000,0.0,0.0
2002-09-23,10.42,10.57,10.35,10.52,3203800,0.0,0.0
2002-09-24,10.42,10.56,10.02,10.16,5943800,0.0,0.0
2002-09-25,10.26,10.73,10.25,10.65,4134800,0.0,0.0
2002-09-26,10.75,11.2,10.7,11.15,4388000,0.0,0.0
2002-09-27,11.08,11.25,10.56,10.57,3056800,0.0,0.0
2002-09-30,10.57,10.57,9.45,9.78,10150600,0.0,0.0
2002-10-01,9.79,9.79,8.89,9.46,11739000,0.0,0.0
2002-10-02,9.34,9.94,9.32,9.57,4932800,0.0,0.0
2002-10-03,9.53,9.79,9.34,9.58,5074000,0.0,0.0
2002-10-04,9.59,9.72,9.17,9.5,4464400,0.0,0.0
2002-10-07,9.5,9.62,9.18,9.26,3588800,0.0,0.0
2002-10-08,10.46,10.54,9.67,9.99,10927600,0.0,0.0
2002-10-09,10.06,10.11,9.81,9.94,6531000,0.0,0.0
2002-10-10,9.99,10.23,9.84,10.07,5149400,0.0,0.0
2002-10-11,10.11,10.57,10.09,10.5,3124600,0.0,0.0
2002-10-14,10.5,10.78,10.44,10.5,2510400,0.0,0.0
2002-10-15,10.75,11.11,10.71,11.07,4270200,0.0,0.0
2002-10-16,11.0,11.17,10.73,10.82,3757000,0.0,0.0
2002-10-17,10.92,10.97,10.73,10.83,4476600,0.029,0.0
2002-10-18,10.81,10.82,10.63,10.71,2727600,0.0,0.0
2002-10-21,10.71,10.73,10.38,10.69,4336200,0.0,0.0
2002-10-22,10.58,10.73,10.44,10.61,3355400,0.0,0.0
2002-10-23,10.61,10.85,10.52,10.8,3788600,0.0,0.0
2002-10-24,10.83,10.86,10.5,10.61,2591400,0.0,0.0
2002-10-25,10.63,10.84,10.49,10.78,3313800,0.0,0.0
2002-10-28,10.83,10.87,10.38,10.46,4199800,0.0,0.0
2002-10-29,10.47,10.65,10.35,10.5,4188000,0.0,0.0
2002-10-30,10.54,10.65,10.29,10.52,7732000,0.0,0.0
2002-10-31,10.52,10.87,10.3,10.72,6721200,0.0,0.0
2002-11-01,10.74,10.86,10.52,10.81,3867200,0.0,0.0
2002-11-04,10.83,10.88,10.46,10.5,5524000,0.0,0.0
2002-11-05,10.46,10.67,10.4,10.61,5426800,0.0,0.0
2002-11-06,10.73,10.76,10.56,10.65,6225800,0.0,0.0
2002-11-07,10.67,10.75,10.58,10.64,3681600,0.0,0.0
2002-11-08,10.67,10.68,10.37,10.41,4200200,0.0,0.0
2002-11-11,10.41,10.46,10.17,10.19,2666200,0.0,0.0
2002-11-12,10.24,10.59,10.17,10.34,2655000,0.0,0.0
2002-11-13,10.24,10.62,10.07,10.32,3247000,0.0,0.0
2002-11-14,10.53,10.87,10.44,10.8,5010200,0.0,0.0
2002-11-15,10.72,11.04,10.71,10.87,3972400,0.0,0.0
2002-11-18,10.88,10.97,10.53,10.56,3078600,0.0,0.0
2002-11-19,10.57,10.7,10.28,10.5,2995000,0.0,0.0
2002-11-20,10.48,10.51,10.29,10.48,4234200,0.0,0.0
2002-11-21,10.4,10.44,9.86,10.05,12169000,0.0,0.0
2002-11-22,10.13,10.2,10.05,10.08,8512600,0.0,0.0
2002-11-25,10.16,10.16,9.71,10.11,10345400,0.0,0.0
2002-11-26,10.03,10.17,9.98,10.06,4704800,0.0,0.0
2002-11-27,10.11,10.46,10.08,10.4,4010000,0.0,0.0
2002-11-29,10.37,10.54,10.34,10.39,1760400,0.0,0.0
2002-12-02,10.52,10.63,10.17,10.29,4548800,0.0,0.0
2002-12-03,10.3,10.32,9.94,10.22,8239000,0.0,0.0
2002-12-04,10.09,10.75,10.09,10.5,5073600,0.0,0.0
2002-12-05,10.61,10.61,10.18,10.26,2779800,0.0,0.0
2002-12-06,10.26,10.56,10.22,10.44,2851600,0.0,0.0
2002-12-09,10.4,10.49,10.2,10.2,3003600,0.0,0.0
2002-12-10,10.24,10.49,10.18,10.46,3144400,0.0,0.0
2002-12-11,10.32,10.46,10.21,10.31,2794600,0.0,0.0
2002-12-12,10.33,10.36,10.05,10.17,2930000,0.0,0.0
2002-12-13,10.05,10.14,9.74,9.86,5457800,0.0,0.0
2002-12-16,9.93,9.97,9.66,9.83,7910400,0.0,0.0
2002-12-17,9.9,9.95,9.64,9.78,6634200,0.0,0.0
2002-12-18,9.76,9.76,9.61,9.65,5849200,0.0,0.0
2002-12-19,9.66,9.76,9.34,9.51,5721800,0.0,0.0
2002-12-20,9.49,9.64,9.38,9.59,5843400,0.0,0.0
2002-12-23,9.59,9.61,9.3,9.4,4444600,0.0,0.0
2002-12-24,9.39,9.45,9.35,9.45,2401000,0.0,0.0
2002-12-26,9.45,9.64,9.4,9.43,2126000,0.0,0.0
2002-12-27,9.47,9.51,9.24,9.28,2529400,0.0,0.0
2002-12-30,9.28,9.52,9.21,9.46,4176200,0.0,0.0
2002-12-31,9.46,9.78,9.43,9.65,4247000,0.0,0.0
2003-01-02,9.84,9.97,9.67,9.83,3832200,0.0,0.0
2003-01-03,9.86,10.13,9.86,10.01,4623600,0.0,0.0
2003-01-06,10.01,10.2,9.86,9.91,5273800,0.0,0.0
2003-01-07,9.91,9.91,9.57,9.65,6928400,0.0,0.0
2003-01-08,9.67,9.81,9.62,9.65,3081400,0.0,0.0
2003-01-09,9.65,9.86,9.64,9.83,4640200,0.0,0.0
2003-01-10,9.74,9.89,9.72,9.79,3242200,0.0,0.0
2003-01-13,9.82,9.89,9.67,9.83,3583000,0.0,0.0
2003-01-14,9.83,9.9,9.76,9.89,2181800,0.0,0.0
2003-01-15,9.86,9.88,9.71,9.71,1866200,0.0,0.0
2003-01-16,9.82,9.91,9.82,9.87,2978200,0.0,0.0
2003-01-17,9.74,9.88,9.74,9.81,2746600,0.0,0.0
2003-01-21,9.88,9.93,9.56,9.58,3394600,0.029,0.0
2003-01-22,9.55,9.66,9.43,9.5,3677000,0.0,0.0
2003-01-23,9.49,9.51,9.35,9.38,4428000,0.0,0.0
2003-01-24,9.38,9.4,9.17,9.22,3581200,0.0,0.0
2003-01-27,9.09,9.17,8.89,8.99,4161400,0.0,0.0
2003-01-28,9.11,9.15,8.99,9.13,5106000,0.0,0.0
2003-01-29,8.99,9.0,8.74,8.79,7142000,0.0,0.0
2003-01-30,8.82,8.86,8.46,8.52,7577800,0.0,0.0
2003-01-31,8.53,8.84,8.49,8.77,10410600,0.0,0.0
2003-02-03,8.91,9.07,8.89,9.05,8738200,0.0,0.0
2003-02-04,9.51,9.62,9.38,9.51,13628000,0.0,0.0
2003-02-05,9.61,9.82,9.56,9.69,8660600,0.0,0.0
2003-02-06,9.69,9.83,9.67,9.73,6443400,0.0,0.0
2003-02-07,9.79,9.84,9.59,9.65,4857000,0.0,0.0
2003-02-10,9.66,9.67,9.53,9.62,6009600,0.0,0.0
2003-02-11,9.75,10.04,9.75,9.77,4999000,0.0,0.0
2003-02-12,9.8,9.96,9.68,9.68,4737800,0.0,0.0
2003-02-13,9.68,9.68,9.42,9.58,8274200,0.0,0.0
2003-02-14,9.58,9.73,9.39,9.68,6979200,0.0,0.0
2003-02-18,9.75,9.96,9.74,9.88,4800000,0.0,0.0
2003-02-19,9.96,10.0,9.8,9.86,4505800,0.0,0.0
2003-02-20,9.85,9.94,9.8,9.86,3217800,0.0,0.0
2003-02-21,9.84,10.1,9.77,10.07,4337000,0.0,0.0
2003-02-24,10.02,10.02,9.73,9.74,4848000,0.0,0.0
2003-02-25,9.69,9.69,9.46,9.65,7278200,0.0,0.0
2003-02-26,9.66,9.78,9.58,9.58,3230800,0.0,0.0
2003-02-27,9.62,9.69,9.47,9.63,4471400,0.0,0.0
2003-02-28,9.63,9.71,9.55,9.65,4133200,0.0,0.0
2003-03-03,9.65,9.69,9.41,9.53,6363200,0.0,0.0
2003-03-04,9.69,9.77,9.57,9.7,10246000,0.0,0.0
2003-03-05,9.74,9.77,9.62,9.75,5709400,0.0,0.0
2003-03-06,9.74,9.93,9.57,9.84,4382800,0.0,0.0
2003-03-07,9.69,9.87,9.66,9.82,3032800,0.0,0.0
2003-03-10,9.79,9.82,9.51,9.51,2478200,0.0,0.0
2003-03-11,9.51,9.64,9.46,9.55,3604400,0.0,0.0
2003-03-12,9.51,9.55,9.37,9.49,3552400,0.0,0.0
2003-03-13,9.55,9.75,9.44,9.75,3702000,0.0,0.0
2003-03-14,9.73,9.96,9.71,9.86,3556600,0.0,0.0
2003-03-17,9.82,10.34,9.76,10.31,5751400,0.0,0.0
2003-03-18,10.29,10.33,9.99,10.12,4668000,0.0,0.0
2003-03-19,9.75,9.83,9.63,9.83,7085800,0.0,0.0
2003-03-20,9.84,10.1,9.76,10.08,3888600,0.0,0.0
2003-03-21,10.24,10.34,10.08,10.34,4388000,0.0,0.0
2003-03-24,10.34,10.34,9.69,9.84,3225600,0.0,0.0
2003-03-25,9.79,9.94,9.76,9.87,4295000,0.0,0.0
2003-03-26,9.93,9.94,9.8,9.84,2867600,0.0,0.0
2003-03-27,9.8,9.84,9.66,9.8,3105000,0.0,0.0
2003-03-28,9.77,9.77,9.63,9.65,2389200,0.0,0.0
2003-03-31,8.65,9.45,8.65,9.24,6415200,0.0,0.0
2003-04-01,9.22,9.27,9.06,9.13,6300200,0.0,0.0
2003-04-02,9.22,9.38,9.2,9.31,4761800,0.0,0.0
2003-04-03,9.42,9.45,9.19,9.29,8887800,0.0,0.0
2003-04-04,9.47,9.47,9.3,9.33,4906600,0.0,0.0
2003-04-07,9.57,9.65,9.36,9.38,3449000,0.0,0.0
2003-04-08,9.46,9.47,9.25,9.37,3335200,0.0,0.0
2003-04-09,9.36,9.44,9.21,9.27,3560600,0.0,0.0
2003-04-10,9.25,9.29,9.17,9.27,4355600,0.0,0.0
2003-04-11,9.29,9.36,9.17,9.18,3944600,0.0,0.0
2003-04-14,9.26,9.49,9.22,9.49,4602000,0.0,0.0
2003-04-15,9.45,9.46,9.26,9.41,4907600,0.0,0.0
2003-04-16,9.4,9.41,9.14,9.18,5424600,0.0,0.0
2003-04-17,9.18,9.19,8.74,9.01,8543200,0.029,0.0
2003-04-21,9.07,9.13,8.95,8.97,3237800,0.0,0.0
2003-04-22,8.92,9.16,8.92,9.13,3165000,0.0,0.0
2003-04-23,9.16,9.18,8.99,9.07,4380600,0.0,0.0
2003-04-24,9.08,9.11,8.94,9.11,5210600,0.0,0.0
2003-04-25,9.13,9.36,9.12,9.31,8941200,0.0,0.0
2003-04-28,9.31,9.42,9.27,9.39,4024000,0.0,0.0
2003-04-29,9.36,9.6,9.36,9.6,5164000,0.0,0.0
2003-04-30,9.48,9.56,9.32,9.41,8092000,0.0,0.0
2003-05-01,9.38,9.51,9.27,9.49,4506200,0.0,0.0
2003-05-02,9.51,9.98,9.51,9.83,6523800,0.0,0.0
2003-05-05,9.86,9.96,9.76,9.9,8267600,0.0,0.0
2003-05-06,9.9,10.29,9.84,10.23,12652600,0.0,0.0
2003-05-07,10.23,10.26,10.05,10.12,8274800,0.0,0.0
2003-05-08,10.14,10.3,10.04,10.3,4982800,0.0,0.0
2003-05-09,10.31,10.37,10.2,10.33,5484400,0.0,0.0
2003-05-12,10.31,10.47,10.2,10.47,5936200,0.0,0.0
2003-05-13,10.48,10.67,10.4,10.52,5405800,0.0,0.0
2003-05-14,10.66,10.68,10.22,10.35,4559600,0.0,0.0
2003-05-15,10.33,10.4,10.03,10.25,4586800,0.0,0.0
2003-05-16,10.18,10.18,9.98,10.14,4009600,0.0,0.0
2003-05-19,10.14,10.14,9.68,9.77,4445000,0.0,0.0
2003-05-20,9.77,9.91,9.65,9.72,3602600,0.0,0.0
2003-05-21,9.71,9.84,9.65,9.84,3372800,0.0,0.0
2003-05-22,9.98,10.23,9.93,10.22,6109400,0.0,0.0
2003-05-23,10.24,10.24,10.07,10.15,3048000,0.0,0.0
2003-05-27,10.06,10.17,9.95,10.09,6176000,0.0,0.0
2003-05-28,10.09,10.3,10.07,10.09,3793200,0.0,0.0
2003-05-29,10.1,10.17,9.91,10.05,5810200,0.0,0.0
2003-05-30,10.1,10.27,10.09,10.14,3180000,0.0,0.0
2003-06-02,10.22,10.57,10.2,10.31,5580200,0.0,0.0
2003-06-03,10.31,10.59,10.3,10.53,4449400,0.0,0.0
2003-06-04,10.59,10.72,10.51,10.7,4606000,0.0,0.0
2003-06-05,10.56,10.69,10.42,10.59,3696600,0.0,0.0
2003-06-06,10.67,10.81,10.51,10.56,3444800,0.0,0.0
2003-06-09,10.52,10.8,10.52,10.68,4197800,0.0,0.0
2003-06-10,10.82,10.84,10.69,10.78,3231800,0.0,0.0
2003-06-11,10.84,11.07,10.76,11.07,3683400,0.0,0.0
2003-06-12,11.15,11.15,10.76,10.9,3084400,0.0,0.0
2003-06-13,10.91,10.97,10.72,10.82,2488200,0.0,0.0
2003-06-16,10.87,11.04,10.8,10.99,2189800,0.0,0.0
2003-06-17,11.08,11.08,10.92,10.98,3218000,0.0,0.0
2003-06-18,10.97,10.99,10.84,10.95,3657800,0.0,0.0
2003-06-19,10.74,10.86,10.39,10.41,7771400,0.0,0.0
2003-06-20,10.48,10.76,10.45,10.69,6010000,0.0,0.0
2003-06-23,10.61,10.63,10.17,10.26,6200000,0.0,0.0
2003-06-24,10.64,10.92,10.54,10.85,7266000,0.0,0.0
2003-06-25,10.85,10.86,10.66,10.7,6452400,0.0,0.0
2003-06-26,10.71,11.02,10.67,10.99,4512800,0.0,0.0
2003-06-27,11.0,11.0,10.77,10.8,2983200,0.0,0.0
2003-06-30,10.8,10.93,10.78,10.89,3655600,0.0,0.0
2003-07-01,10.89,10.99,10.75,10.96,3333800,0.0,0.0
2003-07-02,10.96,11.01,10.84,10.94,4614600,0.0,0.0
2003-07-03,10.88,10.92,10.76,10.91,3322600,0.0,0.0
2003-07-07,10.98,11.05,10.92,11.05,3841800,0.0,0.0
2003-07-08,11.06,11.29,11.02,11.15,5811000,0.0,0.0
2003-07-09,11.15,11.25,11.07,11.07,4715000,0.0,0.0
2003-07-10,11.01,11.02,10.78,10.94,5203200,0.0,0.0
2003-07-11,10.92,11.18,10.9,11.11,2854800,0.0,0.0
2003-07-14,11.4,11.4,11.07,11.08,4129800,0.0,0.0
2003-07-15,11.11,11.24,10.96,11.08,5682200,0.0,0.0
2003-07-16,11.08,11.11,10.89,10.98,3055800,0.0,0.0
2003-07-17,10.98,10.99,10.72,10.73,5767600,0.029,0.0
2003-07-18,10.82,10.82,10.63,10.68,4353000,0.0,0.0
2003-07-21,10.68,10.82,10.6,10.82,3582400,0.0,0.0
2003-07-22,10.81,10.91,10.68,10.82,2278400,0.0,0.0
2003-07-23,10.81,10.81,10.65,10.77,2048600,0.0,0.0
2003-07-24,10.86,10.9,10.75,10.8,3295600,0.0,0.0
2003-07-25,10.8,10.95,10.71,10.89,1631000,0.0,0.0
2003-07-28,10.88,11.13,10.72,11.08,3667600,0.0,0.0
2003-07-29,11.04,11.14,10.8,10.8,4014000,0.0,0.0
2003-07-30,10.9,11.38,10.9,11.27,7572000,0.0,0.0
2003-07-31,11.58,11.84,11.55,11.68,10982600,0.0,0.0
2003-08-01,11.67,11.72,11.56,11.66,4259200,0.0,0.0
2003-08-04,11.7,11.8,11.58,11.73,3798200,0.0,0.0
2003-08-05,11.78,11.78,11.41,11.42,3017000,0.0,0.0
2003-08-06,11.42,11.55,11.31,11.42,2776400,0.0,0.0
2003-08-07,11.45,11.68,11.44,11.6,2656800,0.0,0.0
2003-08-08,11.6,11.78,11.59,11.7,3161800,0.0,0.0
2003-08-11,11.73,11.91,11.7,11.87,3153800,0.0,0.0
2003-08-12,11.86,11.93,11.8,11.93,2086800,0.0,0.0
2003-08-13,11.97,12.13,11.95,12.11,4037400,0.0,0.0
2003-08-14,12.1,12.13,11.99,12.1,3037400,0.0,0.0
2003-08-15,12.07,12.11,11.89,11.99,2055800,0.0,0.0
2003-08-18,11.99,11.99,11.84,11.99,3180600,0.0,0.0
2003-08-19,12.03,12.03,11.87,11.99,3936600,0.0,0.0
2003-08-20,11.91,11.98,11.88,11.93,2465600,0.0,0.0
2003-08-21,11.93,12.13,11.87,12.13,3758200,0.0,0.0
2003-08-22,12.17,12.19,12.08,12.15,3251000,0.0,0.0
2003-08-25,12.11,12.18,11.89,12.18,3205800,0.0,0.0
2003-08-26,12.13,12.22,11.97,12.12,3072200,0.0,0.0
2003-08-27,12.12,12.39,12.11,12.36,3766200,0.0,0.0
2003-08-28,12.42,12.64,12.41,12.61,5347400,0.0,0.0
2003-08-29,12.61,12.78,12.45,12.69,3307200,0.0,0.0
2003-09-02,12.67,12.73,12.5,12.66,3853600,0.0,0.0
2003-09-03,12.67,12.69,12.3,12.36,6779800,0.0,0.0
2003-09-04,12.38,12.38,12.06,12.26,4021000,0.0,0.0
2003-09-05,12.19,12.27,12.07,12.14,2415400,0.0,0.0
2003-09-08,12.09,12.11,11.8,11.95,5105200,0.0,0.0
2003-09-09,11.87,11.89,11.69,11.73,4977000,0.0,0.0
2003-09-10,11.78,11.85,11.55,11.62,5052400,0.0,0.0
2003-09-11,11.68,11.76,11.66,11.7,6018200,0.0,0.0
2003-09-12,11.68,11.76,11.5,11.76,2506600,0.0,0.0
2003-09-15,11.76,11.84,11.71,11.82,2042000,0.0,0.0
2003-09-16,11.9,11.95,11.67,11.87,4203800,0.0,0.0
2003-09-17,11.85,12.04,11.8,12.01,3573600,0.0,0.0
2003-09-18,12.01,12.15,11.96,12.14,3191600,0.0,0.0
2003-09-19,11.9,12.23,11.9,12.22,3257400,0.0,0.0
2003-09-22,11.85,12.12,11.85,11.92,2846000,0.0,0.0
2003-09-23,12.07,12.33,12.04,12.22,3999000,0.0,0.0
2003-09-24,12.32,12.32,12.0,12.03,4134200,0.0,0.0
2003-09-25,12.02,12.2,11.98,12.13,4902200,0.0,0.0
2003-09-26,12.11,12.2,12.09,12.14,4226200,0.0,0.0
2003-09-29,12.14,12.22,11.95,12.17,4747000,0.0,0.0
2003-09-30,12.17,12.18,11.96,12.09,4365000,0.0,0.0
2003-10-01,12.13,12.45,12.09,12.44,3912200,0.0,0.0
2003-10-02,12.5,12.68,12.42,12.5,3364200,0.0,0.0
2003-10-03,12.69,12.73,12.5,12.5,3209600,0.0,0.0
2003-10-06,12.5,12.53,11.47,12.51,2335400,0.0,0.0
2003-10-07,12.85,13.2,12.85,13.08,8573600,0.0,0.0
2003-10-08,13.16,13.37,13.14,13.35,7130600,0.0,0.0
2003-10-09,13.53,13.61,13.39,13.51,7152600,0.0,0.0
2003-10-10,13.51,13.52,13.35,13.39,2867400,0.0,0.0
2003-10-13,13.41,13.64,13.41,13.58,2396200,0.0,0.0
2003-10-14,13.52,13.52,13.24,13.49,3756200,0.0,0.0
2003-10-15,13.5,13.5,13.24,13.4,3501800,0.0,0.0
2003-10-16,13.41,13.48,13.28,13.38,3885000,0.0,0.0
2003-10-17,13.34,13.45,13.06,13.2,5373800,0.029,0.0
2003-10-20,13.17,13.24,12.94,13.24,3825600,0.0,0.0
2003-10-21,13.24,13.32,13.14,13.19,1989200,0.0,0.0
2003-10-22,13.13,13.16,12.99,13.13,3468400,0.0,0.0
2003-10-23,13.14,13.41,13.14,13.32,4495200,0.0,0.0
2003-10-24,13.22,13.22,12.93,13.14,3573200,0.0,0.0
2003-10-27,13.51,13.75,13.51,13.68,7222000,0.0,0.0
2003-10-28,13.73,13.97,13.61,13.97,5822200,0.0,0.0
2003-10-29,13.73,14.12,13.73,14.01,5495600,0.0,0.0
2003-10-30,14.08,14.1,13.68,13.75,5086000,0.0,0.0
2003-10-31,13.77,13.9,13.64,13.72,3747600,0.0,0.0
2003-11-03,13.75,13.92,13.73,13.8,3460600,0.0,0.0
2003-11-04,13.83,14.04,13.68,13.85,4310600,0.0,0.0
2003-11-05,13.85,13.85,13.63,13.76,4308800,0.0,0.0
2003-11-06,13.76,14.13,13.76,14.11,4514600,0.0,0.0
2003-11-07,14.19,14.26,14.04,14.13,2742800,0.0,0.0
2003-11-10,14.13,14.55,14.13,14.35,4441600,0.0,0.0
2003-11-11,14.35,14.35,13.33,14.2,2986000,0.0,0.0
2003-11-12,14.17,14.2,13.93,14.16,4304400,0.0,0.0
2003-11-13,14.16,14.16,13.87,14.04,3564800,0.0,0.0
2003-11-14,14.03,14.04,13.77,13.81,4143000,0.0,0.0
2003-11-17,13.8,13.92,13.57,13.88,3102000,0.0,0.0
2003-11-18,14.04,14.1,13.93,13.94,4274200,0.0,0.0
2003-11-19,13.94,14.02,13.8,13.96,2764800,0.0,0.0
2003-11-20,13.92,14.26,13.81,14.1,4408400,0.0,0.0
2003-11-21,14.23,14.24,13.98,13.99,3514600,0.0,0.0
2003-11-24,14.02,14.5,14.01,14.44,5463000,0.0,0.0
2003-11-25,14.47,14.55,14.39,14.49,4528400,0.0,0.0
2003-11-26,14.53,14.58,14.28,14.5,2567000,0.0,0.0
2003-11-28,14.5,14.64,14.42,14.61,1024600,0.0,0.0
2003-12-01,14.61,14.64,14.36,14.54,4991800,0.0,0.0
2003-12-02,14.23,14.37,13.98,14.03,6245200,0.0,0.0
2003-12-03,14.03,14.03,13.52,13.61,9488800,0.0,0.0
2003-12-04,13.55,13.74,13.4,13.66,6125800,0.0,0.0
2003-12-05,13.66,13.84,13.54,13.66,3184200,0.0,0.0
2003-12-08,13.66,13.66,13.34,13.63,3499200,0.0,0.0
2003-12-09,13.63,13.78,13.31,13.34,4171400,0.0,0.0
2003-12-10,13.34,13.36,12.83,13.0,8351200,0.0,0.0
2003-12-11,13.04,13.35,13.02,13.29,8064800,0.0,0.0
2003-12-12,13.34,13.42,13.26,13.36,3442200,0.0,0.0
2003-12-15,13.53,13.59,12.98,13.03,3933000,0.0,0.0
2003-12-16,12.99,13.13,12.85,13.04,3265400,0.0,0.0
2003-12-17,13.02,13.28,12.9,13.26,5687800,0.0,0.0
2003-12-18,13.27,13.42,13.15,13.37,3552400,0.0,0.0
2003-12-19,13.41,13.53,13.25,13.48,3553800,0.0,0.0
2003-12-22,13.34,13.4,13.1,13.34,2735800,0.0,0.0
2003-12-23,13.36,13.61,13.34,13.59,3015800,0.0,0.0
2003-12-24,13.55,13.6,13.47,13.53,1234800,0.0,0.0
2003-12-26,13.59,13.7,13.52,13.53,768800,0.0,0.0
2003-12-29,13.54,13.88,13.52,13.82,3052000,0.0,0.0
2003-12-30,13.84,14.0,13.76,13.94,2452600,0.0,0.0
2003-12-31,13.94,14.12,13.88,14.09,3370200,0.0,0.0
2004-01-02,14.15,14.27,13.89,13.95,2869400,0.0,0.0
2004-01-05,14.08,14.19,13.88,14.03,4176800,0.0,0.0
2004-01-06,14.03,14.2,13.95,14.07,3281800,0.0,0.0
2004-01-07,13.75,13.94,13.62,13.88,5673600,0.0,0.0
2004-01-08,13.84,14.08,13.82,14.01,4388400,0.0,0.0
2004-01-09,13.99,14.03,13.73,13.8,4713400,0.0,0.0
2004-01-12,13.84,13.89,13.59,13.71,3569000,0.0,0.0
2004-01-13,14.97,14.97,13.92,14.12,7241800,0.0,0.0
2004-01-14,14.17,14.4,14.07,14.16,6422000,0.0,0.0
2004-01-15,14.16,14.4,13.98,14.35,3575600,0.0,0.0
2004-01-16,14.38,14.38,14.12,14.23,3935000,0.0,0.0
2004-01-20,14.15,14.28,13.76,13.93,3651000,0.0335,0.0
2004-01-21,14.01,14.22,13.97,14.19,3657000,0.0,0.0
2004-01-22,14.21,14.26,14.1,14.18,3225000,0.0,0.0
2004-01-23,14.19,14.26,14.08,14.18,3195400,0.0,0.0
2004-01-26,14.18,14.33,14.12,14.32,2130200,0.0,0.0
2004-01-27,14.34,14.37,14.11,14.2,3054800,0.0,0.0
2004-01-28,14.25,14.33,13.96,13.98,4508800,0.0,0.0
2004-01-29,13.99,13.99,13.78,13.86,3411400,0.0,0.0
2004-01-30,13.81,13.99,13.75,13.95,4862800,0.0,0.0
2004-02-02,14.08,14.44,14.06,14.36,5112600,0.0,0.0
2004-02-03,14.38,14.41,14.19,14.2,4062600,0.0,0.0
2004-02-04,14.16,14.42,14.04,14.31,2422200,0.0,0.0
2004-02-05,14.24,14.33,14.06,14.1,3162800,0.0,0.0
2004-02-06,14.08,14.2,13.97,14.11,2997600,0.0,0.0
2004-02-09,14.11,14.2,13.99,14.03,2913800,0.0,0.0
2004-02-10,13.97,14.06,13.88,14.0,3473600,0.0,0.0
2004-02-11,13.96,14.12,13.87,14.12,3413000,0.0,0.0
2004-02-12,14.34,15.04,14.18,14.94,7766000,0.0,0.0
2004-02-13,14.94,14.94,14.48,14.65,4101400,0.0,0.0
2004-02-17,14.84,14.84,14.58,14.65,3274200,0.0,0.0
2004-02-18,14.65,14.66,14.29,14.51,3969600,0.0,0.0
2004-02-19,14.55,14.68,14.51,14.56,3547600,0.0,0.0
2004-02-20,14.56,14.56,14.16,14.25,5467400,0.0,0.0
2004-02-23,14.25,14.42,14.18,14.22,2970400,0.0,0.0
2004-02-24,14.14,14.2,13.97,14.1,3827200,0.0,0.0
2004-02-25,14.12,14.52,14.11,14.47,3029800,0.0,0.0
2004-02-26,14.46,14.53,14.34,14.39,3412000,0.0,0.0
2004-02-27,14.14,14.77,14.14,14.65,3807600,0.0,0.0
2004-03-01,14.69,14.81,14.56,14.72,4074000,0.0,0.0
2004-03-02,14.73,14.79,14.51,14.51,3675600,0.0,0.0
2004-03-03,14.51,14.74,14.51,14.69,3756600,0.0,0.0
2004-03-04,14.65,14.67,14.52,14.61,2260600,0.0,0.0
2004-03-05,14.57,14.68,14.41,14.51,3035200,0.0,0.0
2004-03-08,14.61,14.67,14.33,14.38,2330800,0.0,0.0
2004-03-09,14.27,14.38,14.13,14.19,2712800,0.0,0.0
2004-03-10,14.19,14.24,14.06,14.09,2585600,0.0,0.0
2004-03-11,14.05,14.09,13.78,13.85,4473200,0.0,0.0
2004-03-12,13.85,13.85,13.54,13.79,3422000,0.0,0.0
2004-03-15,13.79,13.81,13.47,13.47,2986600,0.0,0.0
2004-03-16,13.65,13.7,13.18,13.36,5574000,0.0,0.0
2004-03-17,13.41,13.62,13.38,13.53,2558600,0.0,0.0
2004-03-18,13.53,13.63,13.38,13.6,3691000,0.0,0.0
2004-03-19,13.56,13.63,13.47,13.5,3243000,0.0,0.0
2004-03-22,13.32,13.54,13.26,13.52,3690400,0.0,0.0
2004-03-23,13.67,13.77,13.44,13.47,4989600,0.0,0.0
2004-03-24,13.55,13.63,13.44,13.5,3610400,0.0,0.0
2004-03-25,13.56,13.82,13.44,13.78,2875400,0.0,0.0
2004-03-26,13.61,13.69,13.42,13.67,6020000,0.0,0.0
2004-03-29,13.7,14.12,13.66,13.88,2796800,0.0,0.0
2004-03-30,13.87,13.91,13.76,13.85,1905800,0.0,0.0
2004-03-31,13.89,13.95,13.74,13.79,4601000,0.0,0.0
2004-04-01,13.79,13.81,13.6,13.63,5635200,0.0,0.0
2004-04-02,13.75,13.77,13.49,13.59,5945000,0.0,0.0
2004-04-05,13.97,14.83,13.95,14.59,11743800,0.0,0.0
2004-04-06,14.61,14.83,14.26,14.51,11854200,0.0,0.0
2004-04-07,14.36,14.49,14.27,14.39,7351000,0.0,0.0
2004-04-08,14.38,14.55,14.19,14.24,6644800,0.0,0.0
2004-04-12,14.24,14.62,14.24,14.61,6054400,0.0,0.0
2004-04-13,15.04,15.04,14.52,14.55,8129400,0.0,0.0
2004-04-14,14.53,14.55,14.28,14.47,9222200,0.0,0.0
2004-04-15,14.47,14.55,14.32,14.53,4354800,0.0,0.0
2004-04-16,14.53,14.73,14.33,14.69,5444400,0.0,0.0
2004-04-19,14.69,14.91,14.64,14.9,6633800,0.0,0.0
2004-04-20,14.9,15.31,14.79,14.85,5655000,0.0,0.0
2004-04-21,14.86,15.26,14.76,15.14,5986400,0.033,0.0
2004-04-22,15.15,15.44,14.95,15.29,4356200,0.0,0.0
2004-04-23,15.26,15.33,15.15,15.24,2978600,0.0,0.0
2004-04-26,15.32,15.45,15.26,15.3,4024600,0.0,0.0
2004-04-27,15.3,15.58,15.23,15.27,4945000,0.0,0.0
2004-04-28,15.27,15.33,15.15,15.15,3429000,0.0,0.0
2004-04-29,15.16,15.34,14.98,15.08,4653000,0.0,0.0
2004-04-30,15.1,15.29,15.03,15.12,4011800,0.0,0.0
2004-05-03,15.12,15.53,15.12,15.45,7311000,0.0,0.0
2004-05-04,15.54,15.77,15.52,15.65,7359000,0.0,0.0
2004-05-05,15.65,15.97,15.45,15.86,9460000,0.0,0.0
2004-05-06,15.65,15.95,15.59,15.92,7658800,0.0,0.0
2004-05-07,15.85,16.12,15.83,16.02,6908800,0.0,0.0
2004-05-10,15.95,16.18,15.94,16.06,8316200,0.0,0.0
2004-05-11,16.05,16.07,15.46,15.62,8311400,0.0,0.0
2004-05-12,15.61,15.74,15.37,15.69,5296400,0.0,0.0
2004-05-13,15.67,15.81,15.5,15.55,3552600,0.0,0.0
2004-05-14,15.55,15.85,15.44,15.72,4072000,0.0,0.0
2004-05-17,15.72,15.72,15.26,15.46,3897000,0.0,0.0
2004-05-18,15.5,15.91,15.48,15.67,4539000,0.0,0.0
2004-05-19,15.73,15.82,15.51,15.53,3832800,0.0,0.0
2004-05-20,15.52,15.67,15.44,15.64,2582800,0.0,0.0
2004-05-21,15.61,15.87,15.51,15.6,4943000,0.0,0.0
2004-05-24,15.67,15.69,15.37,15.65,3938600,0.0,0.0
2004-05-25,15.66,16.1,15.52,16.1,3350200,0.0,0.0
2004-05-26,16.1,16.17,15.98,16.06,3429200,0.0,0.0
2004-05-27,16.14,16.49,16.14,16.42,5182600,0.0,0.0
2004-05-28,16.43,16.43,16.3,16.31,2969800,0.0,0.0
2004-06-01,16.28,16.3,16.09,16.29,3408400,0.0,0.0
2004-06-02,16.29,16.37,16.16,16.29,2996400,0.0,0.0
2004-06-03,16.26,16.52,16.24,16.28,3171400,0.0,0.0
2004-06-04,16.44,16.55,16.34,16.4,2343200,0.0,0.0
2004-06-07,16.53,16.53,16.3,16.4,2998400,0.0,0.0
2004-06-08,16.22,16.5,16.05,16.35,4645400,0.0,0.0
2004-06-09,16.3,16.43,16.23,16.23,2415800,0.0,0.0
2004-06-10,16.23,16.64,16.11,16.64,3226200,0.0,0.0
2004-06-14,16.64,16.75,16.56,16.62,4876600,0.0,0.0
2004-06-15,16.74,16.83,16.58,16.67,3031800,0.0,0.0
2004-06-16,16.66,16.76,16.61,16.69,1970400,0.0,0.0
2004-06-17,16.66,16.66,16.46,16.59,2519200,0.0,0.0
2004-06-18,16.32,16.47,16.19,16.42,4797200,0.0,0.0
2004-06-21,16.45,16.59,16.36,16.41,2494600,0.0,0.0
2004-06-22,16.36,16.39,16.18,16.31,2505400,0.0,0.0
2004-06-23,16.31,16.36,16.14,16.32,3646800,0.0,0.0
2004-06-24,16.32,16.37,16.21,16.25,3503400,0.0,0.0
2004-06-25,16.25,16.64,16.11,16.18,5668800,0.0,0.0
2004-06-28,16.44,16.52,16.18,16.32,4034600,0.0,0.0
2004-06-29,16.32,16.59,16.32,16.5,4560000,0.0,0.0
2004-06-30,16.55,16.63,16.39,16.44,3746200,0.0,0.0
2004-07-01,16.45,16.47,16.25,16.32,3248600,0.0,0.0
2004-07-02,16.34,16.48,16.21,16.3,2259200,0.0,0.0
2004-07-06,16.19,16.46,16.1,16.37,3115600,0.0,0.0
2004-07-07,16.38,16.59,16.38,16.48,2725800,0.0,0.0
2004-07-08,16.48,16.64,16.24,16.64,4038800,0.0,0.0
2004-07-09,16.64,17.02,16.55,16.86,4610600,0.0,0.0
2004-07-12,16.89,17.0,16.53,16.61,4859400,0.0,0.0
2004-07-13,16.69,17.1,16.69,17.07,3951800,0.0,0.0
2004-07-14,17.07,17.19,16.86,16.94,3098000,0.0,0.0
2004-07-15,17.02,17.02,16.74,16.77,2020400,0.0,0.0
2004-07-16,16.88,16.88,16.6,16.62,3468600,0.0,0.0
2004-07-19,16.65,16.84,16.53,16.81,3035000,0.0,0.0
2004-07-20,16.84,17.03,16.74,17.0,3867600,0.033,0.0
2004-07-21,17.09,17.3,16.81,16.81,3586000,0.0,0.0
2004-07-22,16.74,16.81,16.46,16.68,3339800,0.0,0.0
2004-07-23,16.66,16.66,16.3,16.45,3228800,0.0,0.0
2004-07-26,16.5,16.53,16.15,16.21,2744800,0.0,0.0
2004-07-27,16.22,16.77,16.19,16.71,3928200,0.0,0.0
2004-07-28,16.68,16.68,16.11,16.42,4604400,0.0,0.0
2004-07-29,16.5,16.62,16.3,16.47,3631400,0.0,0.0
2004-07-30,16.44,16.49,16.32,16.41,2350600,0.0,0.0
2004-08-02,16.42,16.81,16.27,16.71,3322400,0.0,0.0
2004-08-03,16.68,16.68,16.26,16.37,3018400,0.0,0.0
2004-08-04,16.37,16.38,15.86,16.15,5397200,0.0,0.0
2004-08-05,16.25,16.25,15.8,15.81,2762400,0.0,0.0
2004-08-06,15.64,15.71,15.33,15.4,4241400,0.0,0.0
2004-08-09,15.36,15.51,15.31,15.45,2288400,0.0,0.0
2004-08-10,15.52,15.6,15.27,15.58,4169200,0.0,0.0
2004-08-11,15.48,15.64,15.4,15.52,3139400,0.0,0.0
2004-08-12,15.4,15.56,15.28,15.31,3068400,0.0,0.0
2004-08-13,15.31,15.36,15.13,15.35,4533600,0.0,0.0
2004-08-16,15.29,15.58,15.28,15.51,3433000,0.0,0.0
2004-08-17,15.58,15.8,15.52,15.56,3706400,0.0,0.0
2004-08-18,15.56,15.81,15.5,15.78,3007200,0.0,0.0
2004-08-19,15.72,15.78,15.58,15.6,2898600,0.0,0.0
2004-08-20,15.54,15.74,15.54,15.68,1795200,0.0,0.0
2004-08-23,15.66,15.76,15.42,15.64,2739200,0.0,0.0
2004-08-24,15.73,15.94,15.66,15.85,2745800,0.0,0.0
2004-08-25,15.87,15.98,15.75,15.92,1641400,0.0,0.0
2004-08-26,15.92,16.04,15.85,15.95,1581800,0.0,0.0
2004-08-27,15.96,15.98,15.84,15.94,1967600,0.0,0.0
2004-08-30,15.78,15.96,15.78,15.86,1497800,0.0,0.0
2004-08-31,15.86,15.88,15.51,15.68,3762200,0.0,0.0
2004-09-01,15.58,15.67,15.42,15.5,2974800,0.0,0.0
2004-09-02,15.58,15.73,15.53,15.72,4539800,0.0,0.0
2004-09-03,15.74,16.05,15.71,15.93,3052200,0.0,0.0
2004-09-07,15.94,15.99,15.7,15.78,3999200,0.0,0.0
2004-09-08,15.78,15.87,15.72,15.73,2466000,0.0,0.0
2004-09-09,15.73,15.8,15.57,15.78,3321800,0.0,0.0
2004-09-10,15.76,15.9,15.72,15.82,1899400,0.0,0.0
2004-09-13,15.74,15.94,15.72,15.83,1846400,0.0,0.0
2004-09-14,15.89,16.12,15.76,16.07,3540000,0.0,0.0
2004-09-15,15.97,16.08,15.74,15.76,3136400,0.0,0.0
2004-09-16,15.76,16.07,15.76,15.99,2693200,0.0,0.0
2004-09-17,16.07,16.2,16.0,16.1,2954200,0.0,0.0
2004-09-20,16.03,16.03,15.76,15.87,1732200,0.0,0.0
2004-09-21,15.87,16.06,15.82,15.99,2323400,0.0,0.0
2004-09-22,15.95,15.95,15.73,15.8,2160800,0.0,0.0
2004-09-23,16.07,16.63,16.07,16.47,6662800,0.0,0.0
2004-09-24,16.45,16.75,16.39,16.57,4092800,0.0,0.0
2004-09-27,16.58,16.69,16.46,16.54,2933400,0.0,0.0
2004-09-28,16.58,16.76,16.46,16.71,3567200,0.0,0.0
2004-09-29,16.71,16.91,16.56,16.6,4553200,0.0,0.0
2004-09-30,16.48,16.58,16.38,16.51,6096800,0.0,0.0
2004-10-01,16.66,17.07,16.61,16.96,4968200,0.0,0.0
2004-10-04,16.95,17.14,16.95,17.04,3941200,0.0,0.0
2004-10-05,17.01,17.21,16.89,17.06,3276400,0.0,0.0
2004-10-06,17.08,17.15,16.95,17.12,3072800,0.0,0.0
2004-10-07,17.12,17.2,16.85,16.85,2584000,0.0,0.0
2004-10-08,16.83,16.92,16.62,16.74,2217400,0.0,0.0
2004-10-11,16.81,16.87,16.6,16.62,2360400,0.0,0.0
2004-10-12,16.52,16.67,16.45,16.58,2639400,0.0,0.0
2004-10-13,16.74,16.92,16.7,16.75,3452600,0.0,0.0
2004-10-14,16.81,16.89,16.72,16.76,2531400,0.0,0.0
2004-10-15,16.87,17.04,16.76,16.95,2478000,0.0,0.0
2004-10-18,16.96,17.23,16.93,17.13,2953600,0.0,0.0
2004-10-19,17.21,17.42,17.1,17.11,3372000,0.0,0.0
2004-10-20,17.08,17.08,16.84,16.97,2944400,0.034,0.0
2004-10-21,16.93,17.04,16.75,16.97,3295200,0.0,0.0
2004-10-22,16.97,17.03,16.53,16.6,2936400,0.0,0.0
2004-10-25,16.49,16.68,16.37,16.64,2264800,0.0,0.0
2004-10-26,16.64,16.97,16.61,16.97,2996800,0.0,0.0
2004-10-27,16.97,17.44,16.86,17.38,3929600,0.0,0.0
2004-10-28,17.35,17.36,17.13,17.23,2088800,0.0,0.0
2004-10-29,17.21,17.32,16.9,17.06,3699000,0.0,0.0
2004-11-01,17.15,17.25,16.8,17.16,5539000,0.0,0.0
2004-11-02,17.23,17.52,17.18,17.23,5052200,0.0,0.0
2004-11-03,17.47,17.48,17.29,17.42,3862000,0.0,0.0
2004-11-04,17.66,18.42,17.55,18.41,9496800,0.0,0.0
2004-11-05,18.57,18.58,18.02,18.14,6468000,0.0,0.0
2004-11-08,17.82,18.08,17.55,17.98,5502400,0.0,0.0
2004-11-09,17.82,18.2,17.81,18.07,3924000,0.0,0.0
2004-11-10,18.1,18.43,18.05,18.28,3825000,0.0,0.0
2004-11-11,18.33,18.4,18.2,18.27,2820400,0.0,0.0
2004-11-12,18.23,18.23,18.02,18.2,3643800,0.0,0.0
2004-11-15,18.2,18.27,18.01,18.16,2613200,0.0,0.0
2004-11-16,18.16,18.24,18.06,18.18,4218600,0.0,0.0
2004-11-17,18.22,18.37,18.14,18.17,3993600,0.0,0.0
2004-11-18,18.16,18.36,18.01,18.32,2834400,0.0,0.0
2004-11-19,18.39,18.43,17.92,17.98,3621400,0.0,0.0
2004-11-22,17.96,18.05,17.82,17.98,3151600,0.0,0.0
2004-11-23,17.96,18.12,17.81,18.0,3425600,0.0,0.0
2004-11-24,18.04,18.12,17.93,18.07,2395000,0.0,0.0
2004-11-26,18.04,18.12,17.88,17.95,779200,0.0,0.0
2004-11-29,17.98,18.03,17.67,17.8,3689200,0.0,0.0
2004-11-30,17.74,17.85,17.62,17.81,5744000,0.0,0.0
2004-12-01,17.81,18.13,17.71,18.11,3477600,0.0,0.0
2004-12-02,18.06,18.16,17.75,18.01,2454000,0.0,0.0
2004-12-03,18.02,18.12,17.76,17.96,2760600,0.0,0.0
2004-12-06,17.92,17.93,17.6,17.76,3787200,0.0,0.0
2004-12-07,17.57,17.71,17.32,17.37,6308800,0.0,0.0
2004-12-08,17.34,17.8,17.34,17.73,3558400,0.0,0.0
2004-12-09,18.03,18.03,17.58,17.81,2826600,0.0,0.0
2004-12-10,18.13,18.13,17.61,17.72,2271600,0.0,0.0
2004-12-13,17.72,17.85,17.59,17.81,1907200,0.0,0.0
2004-12-14,17.72,17.77,17.51,17.57,6640200,0.0,0.0
2004-12-15,17.59,17.85,17.52,17.59,3110400,0.0,0.0
2004-12-16,17.55,17.67,17.53,17.62,4180800,0.0,0.0
2004-12-17,17.53,17.61,17.21,17.34,5648400,0.0,0.0
2004-12-20,17.34,17.45,17.21,17.43,3139000,0.0,0.0
2004-12-21,17.47,17.65,17.34,17.52,3160600,0.0,0.0
2004-12-22,17.56,17.78,17.47,17.65,3377200,0.0,0.0
2004-12-23,17.66,17.78,17.63,17.67,2176000,0.0,0.0
2004-12-27,17.72,17.81,17.55,17.58,2851400,0.0,0.0
2004-12-28,17.6,17.69,17.54,17.67,2021400,0.0,0.0
2004-12-29,17.59,17.82,17.59,17.74,1798000,0.0,0.0
2004-12-30,17.82,17.89,17.76,17.79,1454600,0.0,0.0
2004-12-31,17.76,17.76,17.52,17.69,3993000,0.0,0.0
2005-01-03,17.82,17.92,17.65,17.67,5114400,0.0,0.0
2005-01-04,17.76,17.81,17.43,17.47,4172800,0.0,0.0
2005-01-05,17.47,17.78,17.29,17.76,5192400,0.0,0.0
2005-01-06,17.76,17.81,17.65,17.77,2947200,0.0,0.0
2005-01-07,17.76,18.04,17.73,17.96,3009600,0.0,0.0
2005-01-10,18.0,18.23,17.98,18.06,3531000,0.0,0.0
2005-01-11,17.99,18.57,17.95,18.49,7491600,0.0,0.0
2005-01-12,18.45,18.53,18.36,18.48,3911800,0.0,0.0
2005-01-13,18.48,18.48,18.26,18.32,3533200,0.0,0.0
2005-01-14,18.32,18.49,18.27,18.45,4276800,0.0,0.0
2005-01-18,18.45,18.67,18.37,18.65,5232800,0.0,0.0
2005-01-19,18.61,18.71,18.54,18.55,3818200,0.0,0.0
2005-01-20,18.52,18.52,18.32,18.35,3508000,0.0365,0.0
2005-01-21,18.31,18.34,18.03,18.04,3453200,0.0,0.0
2005-01-24,17.91,18.0,17.71,17.74,4687000,0.0,0.0
2005-01-25,17.72,17.94,17.71,17.92,3181400,0.0,0.0
2005-01-26,17.97,18.0,17.82,17.89,2586800,0.0,0.0
2005-01-27,17.81,18.01,17.76,17.94,3222200,0.0,0.0
2005-01-28,18.04,18.13,17.92,18.02,3565000,0.0,0.0
2005-01-31,18.09,18.23,18.05,18.22,3325000,0.0,0.0
2005-02-01,18.27,18.37,18.19,18.29,6040600,0.0,0.0
2005-02-02,18.95,19.21,18.46,18.97,11163400,0.0,0.0
2005-02-03,19.03,19.4,19.01,19.34,6485000,0.0,0.0
2005-02-04,19.34,19.66,19.21,19.6,6882800,0.0,0.0
2005-02-07,19.62,19.66,19.41,19.44,3848400,0.0,0.0
2005-02-08,19.42,19.49,19.32,19.39,3287200,0.0,0.0
2005-02-09,19.42,19.46,19.08,19.14,2672600,0.0,0.0
2005-02-10,19.15,19.34,19.03,19.28,3233400,0.0,0.0
2005-02-11,19.31,19.66,19.16,19.62,5103400,0.0,0.0
2005-02-14,19.58,19.63,19.23,19.25,3492800,0.0,0.0
2005-02-15,19.24,19.27,18.91,19.09,4383800,0.0,0.0
2005-02-16,19.07,19.22,19.03,19.21,2801600,0.0,0.0
2005-02-17,19.26,19.36,19.14,19.18,3037400,0.0,0.0
2005-02-18,19.19,19.23,19.01,19.12,2605200,0.0,0.0
2005-02-22,19.12,19.14,18.74,18.77,2146200,0.0,0.0
2005-02-23,18.77,18.98,18.77,18.89,2065200,0.0,0.0
2005-02-24,18.91,19.43,18.83,19.43,3677600,0.0,0.0
2005-02-25,19.43,19.64,19.27,19.61,4576000,0.0,0.0
2005-02-28,19.61,19.75,19.44,19.59,3423000,0.0,0.0
2005-03-01,19.69,20.1,19.67,19.94,6010600,0.0,0.0
2005-03-02,19.96,20.01,19.61,19.68,4941800,0.0,0.0
2005-03-03,21.07,21.07,20.41,20.75,12224800,0.0,0.0
2005-03-04,20.88,21.0,20.49,20.67,8157600,0.0,0.0
2005-03-07,20.67,20.94,20.65,20.79,4479600,0.0,0.0
2005-03-08,20.7,20.71,20.48,20.52,5406600,0.0,0.0
2005-03-09,20.49,20.52,20.22,20.4,3516200,0.0,0.0
2005-03-10,20.45,20.78,20.39,20.7,3361800,0.0,0.0
2005-03-11,20.76,20.84,20.7,20.78,3864000,0.0,0.0
2005-03-14,20.82,20.89,20.56,20.67,2241600,0.0,0.0
2005-03-15,20.73,20.81,20.49,20.57,2535200,0.0,0.0
2005-03-16,20.52,20.61,20.31,20.44,3126600,0.0,0.0
2005-03-17,20.43,20.93,20.33,20.83,4536600,0.0,0.0
2005-03-18,20.83,20.94,20.58,20.78,4623800,0.0,0.0
2005-03-21,20.76,20.83,20.41,20.57,3239800,0.0,0.0
2005-03-22,20.61,20.81,20.5,20.62,2968200,0.0,0.0
2005-03-23,20.64,20.99,20.52,20.91,4183400,0.0,0.0
2005-03-24,20.94,21.14,20.68,21.02,3861800,0.0,0.0
2005-03-28,21.02,21.07,20.84,20.9,3844000,0.0,0.0
2005-03-29,20.8,20.9,20.58,20.62,4284200,0.0,0.0
2005-03-30,20.64,20.86,20.64,20.82,3995200,0.0,0.0
2005-03-31,20.68,20.78,20.57,20.69,3206400,0.0,0.0
2005-04-01,20.69,20.76,20.23,20.27,6414800,0.0,0.0
2005-04-04,20.29,20.39,20.11,20.25,5753400,0.0,0.0
2005-04-05,20.25,20.64,20.15,20.59,3681800,0.0,0.0
2005-04-06,20.65,20.72,20.56,20.68,3027600,0.0,0.0
2005-04-07,20.67,20.68,20.35,20.5,5353200,0.0,0.0
2005-04-08,20.47,20.54,20.25,20.31,2737400,0.0,0.0
2005-04-11,20.3,20.5,20.25,20.47,2670800,0.0,0.0
2005-04-12,20.45,20.77,20.17,20.67,4427000,0.0,0.0
2005-04-13,20.67,20.7,20.43,20.53,4019600,0.0,0.0
2005-04-14,20.53,20.67,20.45,20.54,3215400,0.0,0.0
2005-04-15,20.46,20.64,20.38,20.39,4797800,0.0,0.0
2005-04-18,20.37,20.54,20.29,20.34,3276400,0.0,0.0
2005-04-19,20.15,20.72,20.01,20.69,5404600,0.0,0.0
2005-04-20,20.65,20.65,20.08,20.15,4613600,0.0365,0.0
2005-04-21,20.28,20.31,20.12,20.25,4918800,0.0,0.0
2005-04-22,20.21,20.21,19.7,19.88,4594000,0.0,0.0
2005-04-25,19.94,20.19,19.9,20.12,3720000,0.0,0.0
2005-04-26,20.51,20.73,20.33,20.47,4570800,0.0,0.0
2005-04-27,20.47,20.53,20.31,20.43,4725200,0.0,0.0
2005-04-28,20.43,20.54,20.09,20.16,3685400,0.0,0.0
2005-04-29,20.32,20.39,19.87,20.31,4423000,0.0,0.0
2005-05-02,20.31,20.69,20.31,20.67,3253400,0.0,0.0
2005-05-03,20.7,20.97,20.58,20.84,4708000,0.0,0.0
2005-05-04,20.81,21.06,20.79,21.02,5924800,0.0,0.0
2005-05-05,20.83,21.42,20.68,21.22,7360000,0.0,0.0
2005-05-06,21.32,21.52,21.09,21.13,5048000,0.0,0.0
2005-05-09,21.06,21.17,20.76,21.09,3616400,0.0,0.0
2005-05-10,21.06,21.1,20.84,20.97,3427800,0.0,0.0
2005-05-11,20.96,21.2,20.61,21.1,3965800,0.0,0.0
2005-05-12,21.12,21.34,21.04,21.23,4602600,0.0,0.0
2005-05-13,21.23,21.34,20.97,21.15,3797200,0.0,0.0
2005-05-16,21.21,21.41,21.19,21.28,4732800,0.0,0.0
2005-05-17,21.26,21.52,21.26,21.5,5923000,0.0,0.0
2005-05-18,21.54,21.85,21.52,21.65,5363600,0.0,0.0
2005-05-19,21.67,21.78,21.6,21.69,4092000,0.0,0.0
2005-05-20,21.68,21.71,21.54,21.65,3298200,0.0,0.0
2005-05-23,21.73,21.83,21.69,21.71,3708800,0.0,0.0
2005-05-24,21.73,21.77,21.59,21.65,4185400,0.0,0.0
2005-05-25,21.63,21.7,21.58,21.62,5203400,0.0,0.0
2005-05-26,21.71,21.75,21.6,21.64,5747400,0.0,0.0
2005-05-27,21.66,21.71,21.57,21.64,1894200,0.0,0.0
2005-05-31,21.65,21.69,21.57,21.6,4658400,0.0,0.0
2005-06-01,21.56,21.91,21.54,21.69,4350800,0.0,0.0
2005-06-02,22.05,22.7,21.6,22.54,12450800,0.0,0.0
2005-06-03,22.63,22.67,22.39,22.55,6359800,0.0,0.0
2005-06-06,22.8,23.03,22.7,22.86,6374200,0.0,0.0
2005-06-07,22.86,23.37,22.84,22.95,6197300,0.0,2.0
2005-06-08,23.13,23.15,22.62,22.75,4025000,0.0,0.0
2005-06-09,22.75,23.03,22.64,22.87,3673000,0.0,0.0
2005-06-10,22.97,22.99,22.76,22.86,3248400,0.0,0.0
2005-06-13,22.86,23.0,22.7,22.72,2844800,0.0,0.0
2005-06-14,22.72,23.16,22.7,22.95,3323000,0.0,0.0
2005-06-15,23.15,23.15,22.62,23.02,3436500,0.0,0.0
2005-06-16,23.08,23.21,22.87,23.16,4348100,0.0,0.0
2005-06-17,23.32,23.33,23.07,23.26,5255200,0.0,0.0
2005-06-20,23.13,23.23,22.88,23.01,3832500,0.0,0.0
2005-06-21,22.95,23.05,22.66,22.9,3773000,0.0,0.0
2005-06-22,22.98,23.08,22.76,22.99,2649500,0.0,0.0
2005-06-23,22.99,23.07,22.6,22.8,3702900,0.0,0.0
2005-06-24,22.76,22.81,22.39,22.6,5257200,0.0,0.0
2005-06-27,22.6,22.8,22.44,22.5,3286500,0.0,0.0
2005-06-28,22.64,23.15,22.54,23.15,4184000,0.0,0.0
2005-06-29,23.1,23.25,22.99,23.16,3830100,0.0,0.0
2005-06-30,23.11,23.29,22.88,22.89,4514700,0.0,0.0
2005-07-01,22.88,22.91,22.66,22.88,2673900,0.0,0.0
2005-07-05,22.8,23.54,22.76,23.54,3053300,0.0,0.0
2005-07-06,23.61,23.62,23.05,23.21,3835700,0.0,0.0
2005-07-07,23.03,23.2,22.84,23.14,3747000,0.0,0.0
2005-07-08,23.25,23.9,23.16,23.83,5346700,0.0,0.0
2005-07-11,23.8,24.23,23.76,24.21,5900700,0.0,0.0
2005-07-12,24.17,24.53,24.09,24.34,5862700,0.0,0.0
2005-07-13,24.31,24.47,24.18,24.29,4476900,0.0,0.0
2005-07-14,24.28,24.53,23.95,24.06,2826500,0.0,0.0
2005-07-15,24.06,24.22,23.81,24.06,3583600,0.0,0.0
2005-07-18,24.17,24.32,24.13,24.25,3204400,0.0,0.0
2005-07-19,24.38,24.49,24.17,24.37,3872200,0.036,0.0
2005-07-20,24.25,24.44,24.06,24.36,2328100,0.0,0.0
2005-07-21,24.36,24.36,23.84,23.9,3352500,0.0,0.0
2005-07-22,23.91,24.02,23.67,23.98,2870000,0.0,0.0
2005-07-25,23.85,23.96,23.65,23.65,2125300,0.0,0.0
2005-07-26,23.93,24.08,23.92,23.95,2235300,0.0,0.0
2005-07-27,24.24,24.91,23.88,24.01,2508300,0.0,0.0
2005-07-28,24.28,24.55,24.11,24.26,3817200,0.0,0.0
2005-07-29,24.44,24.6,24.44,24.46,4858700,0.0,0.0
2005-08-01,24.57,24.75,24.31,24.44,3177600,0.0,0.0
2005-08-02,24.44,24.64,24.38,24.64,3438000,0.0,0.0
2005-08-03,24.79,24.8,24.12,24.26,5498800,0.0,0.0
2005-08-04,24.24,24.24,23.61,23.67,5592800,0.0,0.0
2005-08-05,23.65,23.65,23.18,23.6,4019900,0.0,0.0
2005-08-08,23.67,23.71,23.16,23.27,3620900,0.0,0.0
2005-08-09,23.31,23.6,23.26,23.5,3063200,0.0,0.0
2005-08-10,23.64,24.16,23.44,23.53,3893400,0.0,0.0
2005-08-11,23.53,23.68,23.11,23.3,2974600,0.0,0.0
2005-08-12,23.3,23.39,23.01,23.27,3344900,0.0,0.0
2005-08-15,23.32,23.6,23.09,23.58,2604800,0.0,0.0
2005-08-16,23.57,23.59,22.74,22.81,5403000,0.0,0.0
2005-08-17,22.74,23.14,22.6,23.01,2826400,0.0,0.0
2005-08-18,23.02,23.09,22.75,22.94,2526300,0.0,0.0
2005-08-19,23.14,23.17,22.7,22.74,2756800,0.0,0.0
2005-08-22,22.78,22.86,22.19,22.48,4005100,0.0,0.0
2005-08-23,22.55,22.65,22.36,22.54,2554900,0.0,0.0
2005-08-24,22.55,22.79,22.38,22.66,4632400,0.0,0.0
2005-08-25,22.78,23.19,22.74,23.11,4529700,0.0,0.0
2005-08-26,23.11,23.16,22.74,22.85,2883200,0.0,0.0
2005-08-29,22.67,23.08,22.51,23.04,2100200,0.0,0.0
2005-08-30,22.94,23.01,22.66,22.86,4558600,0.0,0.0
2005-08-31,22.82,23.18,22.47,23.15,3695300,0.0,0.0
2005-09-01,23.25,23.61,22.86,22.98,3172700,0.0,0.0
2005-09-02,22.98,23.1,22.5,22.84,2969500,0.0,0.0
2005-09-06,22.86,23.3,22.85,23.3,3736300,0.0,0.0
2005-09-07,23.38,23.59,23.02,23.53,3750400,0.0,0.0
2005-09-08,22.27,23.21,22.24,22.94,4329500,0.0,0.0
2005-09-09,23.13,23.49,23.07,23.25,2871400,0.0,0.0
2005-09-12,23.26,23.89,23.19,23.82,3048200,0.0,0.0
2005-09-13,23.85,23.93,23.41,23.53,3086600,0.0,0.0
2005-09-14,23.53,23.57,22.77,22.78,3677200,0.0,0.0
2005-09-15,22.87,23.15,22.62,22.93,2338800,0.0,0.0
2005-09-16,23.14,23.53,22.99,23.53,5678100,0.0,0.0
2005-09-19,23.53,23.53,23.14,23.28,3211200,0.0,0.0
2005-09-20,23.28,23.34,22.44,22.46,5940300,0.0,0.0
2005-09-21,22.07,22.31,21.81,21.93,6341900,0.0,0.0
2005-09-22,22.07,22.75,22.07,22.67,5149700,0.0,0.0
2005-09-23,22.68,22.69,22.12,22.45,4451800,0.0,0.0
2005-09-26,22.45,22.46,22.02,22.26,6154700,0.0,0.0
2005-09-27,22.43,22.65,22.11,22.56,4928100,0.0,0.0
2005-09-28,22.67,22.97,22.44,22.44,3771700,0.0,0.0
2005-09-29,22.39,22.75,22.11,22.62,2923400,0.0,0.0
2005-09-30,22.7,23.0,22.59,22.87,2475000,0.0,0.0
2005-10-03,22.84,22.94,22.39,22.55,3727600,0.0,0.0
2005-10-04,22.68,22.89,22.35,22.39,4509900,0.0,0.0
2005-10-05,22.21,22.39,22.06,22.11,5191600,0.0,0.0
2005-10-06,21.6,21.81,20.34,20.73,19730300,0.0,0.0
2005-10-07,21.1,21.13,19.8,20.17,14973100,0.0,0.0
2005-10-10,20.3,20.45,19.81,19.81,8695700,0.0,0.0
2005-10-11,20.02,20.24,19.55,19.71,9186000,0.0,0.0
2005-10-12,19.51,19.6,19.12,19.51,10975900,0.0,0.0
2005-10-13,19.52,19.65,19.16,19.47,7010300,0.0,0.0
2005-10-14,19.63,19.8,19.49,19.69,6133700,0.0,0.0
2005-10-17,19.71,19.94,19.51,19.91,6064700,0.0,0.0
2005-10-18,19.91,20.13,19.81,20.05,6213600,0.0,0.0
2005-10-19,19.89,20.61,19.73,20.53,6148500,0.036,0.0
2005-10-20,20.91,21.24,20.2,20.31,7167100,0.0,0.0
2005-10-21,20.53,20.77,20.34,20.63,5737800,0.0,0.0
2005-10-24,20.86,21.0,20.5,20.66,3345600,0.0,0.0
2005-10-25,20.69,20.76,20.17,20.42,5555900,0.0,0.0
2005-10-26,20.39,20.53,20.01,20.02,5029900,0.0,0.0
2005-10-27,19.96,20.01,19.38,19.54,6081300,0.0,0.0
2005-10-28,19.74,19.86,19.4,19.83,7185200,0.0,0.0
2005-10-31,19.54,19.55,19.04,19.27,12004800,0.0,0.0
2005-11-01,19.27,19.44,19.03,19.25,9525900,0.0,0.0
2005-11-02,19.13,19.34,18.86,19.33,10918500,0.0,0.0
2005-11-03,20.49,21.32,20.46,20.87,12218000,0.0,0.0
2005-11-04,20.92,21.37,20.91,21.33,7272800,0.0,0.0
2005-11-07,21.38,21.88,21.37,21.84,7704600,0.0,0.0
2005-11-08,21.63,21.67,21.21,21.28,5567700,0.0,0.0
2005-11-09,21.63,21.69,21.34,21.47,4542200,0.0,0.0
2005-11-10,21.45,21.59,21.29,21.47,3764900,0.0,0.0
2005-11-11,21.57,21.63,21.32,21.38,2725300,0.0,0.0
2005-11-14,21.46,21.62,21.29,21.43,2629900,0.0,0.0
2005-11-15,21.43,21.46,20.88,20.97,4645900,0.0,0.0
2005-11-16,20.97,21.04,20.76,20.82,4673800,0.0,0.0
2005-11-17,20.86,21.43,20.83,21.39,4682200,0.0,0.0
2005-11-18,21.63,21.63,21.05,21.25,4105000,0.0,0.0
2005-11-21,21.34,21.39,21.06,21.15,3073500,0.0,0.0
2005-11-22,21.32,21.95,21.24,21.84,6806800,0.0,0.0
2005-11-23,21.93,22.29,21.87,22.1,4949700,0.0,0.0
2005-11-25,22.18,22.19,21.8,22.07,1485100,0.0,0.0
2005-11-28,22.24,22.24,21.75,21.83,2555900,0.0,0.0
2005-11-29,21.95,22.03,21.36,21.53,4946100,0.0,0.0
2005-11-30,21.6,21.67,21.33,21.33,4266400,0.0,0.0
2005-12-01,21.67,21.77,21.37,21.69,4659600,0.0,0.0
2005-12-02,21.73,21.84,21.4,21.54,3673500,0.0,0.0
2005-12-05,21.91,21.95,21.51,21.53,7704600,0.0,0.0
2005-12-06,21.7,21.99,21.61,21.79,5546000,0.0,0.0
2005-12-07,21.83,22.19,21.64,22.19,6129200,0.0,0.0
2005-12-08,22.21,22.26,21.88,22.04,3611200,0.0,0.0
2005-12-09,22.23,22.26,21.81,22.03,2870500,0.0,0.0
2005-12-12,22.1,22.4,22.02,22.34,2737900,0.0,0.0
2005-12-13,22.31,22.6,22.18,22.46,3848500,0.0,0.0
2005-12-14,22.5,22.98,22.5,22.94,3484300,0.0,0.0
2005-12-15,23.04,23.13,22.39,22.59,4753800,0.0,0.0
2005-12-16,22.75,22.78,22.3,22.31,4934100,0.0,0.0
2005-12-19,22.34,22.38,21.77,21.82,3894700,0.0,0.0
2005-12-20,21.82,21.96,21.62,21.88,4176200,0.0,0.0
2005-12-21,21.88,22.03,21.71,21.77,3556400,0.0,0.0
2005-12-22,21.93,21.99,21.32,21.42,5985600,0.0,0.0
2005-12-23,21.55,21.6,21.37,21.43,2488300,0.0,0.0
2005-12-27,21.55,21.55,21.09,21.21,2308800,0.0,0.0
2005-12-28,21.21,21.39,21.13,21.15,2418400,0.0,0.0
2005-12-29,21.15,21.17,20.92,20.98,3443300,0.0,0.0
2005-12-30,21.0,21.22,20.83,20.86,4792000,0.0,0.0
2006-01-03,21.06,21.08,20.57,20.8,7877900,0.0,0.0
2006-01-04,20.93,20.98,20.76,20.8,4739200,0.0,0.0
2006-01-05,20.98,21.66,20.95,21.31,8426800,0.0,0.0
2006-01-06,21.36,21.45,21.14,21.43,5625300,0.0,0.0
2006-01-09,21.23,21.37,21.17,21.28,4788900,0.0,0.0
2006-01-10,21.13,21.49,21.06,21.43,4759000,0.0,0.0
2006-01-11,21.64,21.65,21.21,21.37,6078400,0.0,0.0
2006-01-12,21.4,21.51,21.21,21.32,3863300,0.0,0.0
2006-01-13,21.28,21.42,20.96,21.12,3603800,0.0,0.0
2006-01-17,20.99,21.32,20.94,21.21,4117300,0.0,0.0
2006-01-18,21.32,21.55,21.24,21.47,6256600,0.0,0.0
2006-01-19,21.35,21.79,21.35,21.69,4506000,0.039,0.0
2006-01-20,21.62,21.63,21.17,21.45,5017300,0.0,0.0
2006-01-23,21.35,21.46,20.9,21.31,7655300,0.0,0.0
2006-01-24,21.35,21.77,21.32,21.63,7704000,0.0,0.0
2006-01-25,21.81,22.04,21.49,21.65,5383200,0.0,0.0
2006-01-26,21.96,22.0,21.69,21.83,7280400,0.0,0.0
2006-01-27,22.52,22.53,22.07,22.19,6949600,0.0,0.0
2006-01-30,22.3,22.41,22.02,22.03,6519100,0.0,0.0
2006-01-31,22.05,22.15,21.84,21.95,4906600,0.0,0.0
2006-02-01,21.86,22.08,21.7,21.96,5362900,0.0,0.0
2006-02-02,22.22,22.78,22.22,22.7,7969700,0.0,0.0
2006-02-03,22.5,23.24,22.49,23.11,8860200,0.0,0.0
2006-02-06,23.08,23.13,22.35,22.68,4207200,0.0,0.0
2006-02-07,22.63,22.69,22.33,22.41,3295200,0.0,0.0
2006-02-08,22.32,22.55,22.02,22.3,3619900,0.0,0.0
2006-02-09,22.44,22.53,21.98,22.03,3193700,0.0,0.0
2006-02-10,22.12,22.2,21.85,22.06,2534900,0.0,0.0
2006-02-13,22.1,22.22,21.9,22.07,1870400,0.0,0.0
2006-02-14,22.08,22.64,21.92,22.62,3558700,0.0,0.0
2006-02-15,22.54,23.04,22.36,22.91,3189500,0.0,0.0
2006-02-16,22.79,23.16,22.76,23.01,3364700,0.0,0.0
2006-02-17,22.93,22.94,22.44,22.61,4616800,0.0,0.0
2006-02-21,22.61,22.78,22.16,22.28,3190400,0.0,0.0
2006-02-22,22.41,22.58,22.22,22.5,3192100,0.0,0.0
2006-02-23,22.44,22.7,22.42,22.53,2944800,0.0,0.0
2006-02-24,22.53,22.54,22.14,22.3,2487600,0.0,0.0
2006-02-27,22.24,22.9,22.23,22.8,2699400,0.0,0.0
2006-02-28,22.61,22.76,22.37,22.4,2535000,0.0,0.0
2006-03-01,22.53,23.08,22.48,22.98,3490100,0.0,0.0
2006-03-02,22.93,23.51,22.82,22.99,4247800,0.0,0.0
2006-03-03,22.98,23.17,22.64,22.69,2747800,0.0,0.0
2006-03-06,22.73,22.86,22.39,22.51,2234600,0.0,0.0
2006-03-07,22.37,22.89,22.25,22.86,4109900,0.0,0.0
2006-03-08,23.01,23.92,22.93,23.77,8475300,0.0,0.0
2006-03-09,23.91,24.49,23.68,23.81,7825600,0.0,0.0
2006-03-10,23.95,24.15,23.67,24.03,3184900,0.0,0.0
2006-03-13,23.98,24.3,23.73,23.77,2502400,0.0,0.0
2006-03-14,23.77,24.3,23.73,24.17,4379900,0.0,0.0
2006-03-15,23.32,23.81,23.24,23.49,9215700,0.0,0.0
2006-03-16,23.62,23.86,23.32,23.4,4774700,0.0,0.0
2006-03-17,23.36,23.5,23.32,23.4,4739000,0.0,0.0
2006-03-20,23.51,23.71,23.44,23.58,3393900,0.0,0.0
2006-03-21,23.69,23.69,23.28,23.42,3254300,0.0,0.0
2006-03-22,22.45,23.45,22.45,23.3,3293100,0.0,0.0
2006-03-23,23.38,23.57,23.3,23.32,2746200,0.0,0.0
2006-03-24,23.25,23.33,22.94,22.97,3443600,0.0,0.0
2006-03-27,23.33,23.68,23.33,23.54,4595600,0.0,0.0
2006-03-28,23.73,23.73,23.24,23.47,2871700,0.0,0.0
2006-03-29,23.6,23.89,23.45,23.77,3205600,0.0,0.0
2006-03-30,23.73,23.79,23.52,23.56,4056800,0.0,0.0
2006-03-31,23.67,24.02,23.47,23.62,3058300,0.0,0.0
2006-04-03,23.69,23.72,23.28,23.32,4515200,0.0,0.0
2006-04-04,23.39,23.57,23.26,23.54,2911700,0.0,0.0
2006-04-05,23.6,23.77,23.47,23.47,2935600,0.0,0.0
2006-04-06,24.1,24.73,23.88,24.71,7649200,0.0,0.0
2006-04-07,24.67,25.21,24.39,24.65,5375200,0.0,0.0
2006-04-10,24.62,24.65,24.28,24.38,3366300,0.0,0.0
2006-04-11,24.37,24.51,23.9,23.96,3766900,0.0,0.0
2006-04-12,23.84,24.18,23.84,23.87,2970200,0.0,0.0
2006-04-13,23.47,24.52,23.47,24.25,2591000,0.0,0.0
2006-04-17,24.14,24.19,23.62,23.96,2114700,0.0,0.0
2006-04-18,24.0,24.39,23.95,24.07,2827000,0.0,0.0
2006-04-19,24.03,24.11,23.66,23.71,4330200,0.0,0.0
2006-04-20,23.71,23.75,23.47,23.51,4889500,0.039,0.0
2006-04-21,23.51,23.55,22.98,23.26,4835400,0.0,0.0
2006-04-24,23.26,23.38,23.0,23.17,4305100,0.0,0.0
2006-04-25,23.09,23.25,22.76,22.89,5907600,0.0,0.0
2006-04-26,22.93,23.39,22.89,23.23,6233800,0.0,0.0
2006-04-27,22.77,23.73,22.77,23.52,5702300,0.0,0.0
2006-04-28,23.52,23.7,23.35,23.53,3282000,0.0,0.0
2006-05-01,23.53,24.15,23.53,23.65,5163100,0.0,0.0
2006-05-02,23.75,23.93,23.59,23.85,3445900,0.0,0.0
2006-05-03,23.93,24.12,23.6,23.75,3679800,0.0,0.0
2006-05-04,24.32,24.33,23.75,23.97,4620000,0.0,0.0
2006-05-05,24.14,24.56,24.0,24.51,3675500,0.0,0.0
2006-05-08,24.59,24.68,24.19,24.38,3789900,0.0,0.0
2006-05-09,24.25,24.43,24.2,24.3,2347700,0.0,0.0
2006-05-10,24.22,24.22,23.79,24.08,3077400,0.0,0.0
2006-05-11,24.06,24.06,23.55,23.65,2767700,0.0,0.0
2006-05-12,23.66,23.77,22.94,23.16,4066300,0.0,0.0
2006-05-15,23.09,23.5,22.98,23.43,3619100,0.0,0.0
2006-05-16,23.55,23.59,23.08,23.1,3837100,0.0,0.0
2006-05-17,22.9,23.15,22.7,22.85,4109100,0.0,0.0
2006-05-18,22.85,22.99,22.63,22.64,3816800,0.0,0.0
2006-05-19,22.63,22.94,22.46,22.66,6035400,0.0,0.0
2006-05-22,22.64,22.76,22.28,22.28,4244600,0.0,0.0
2006-05-23,22.96,23.91,22.76,22.77,6571400,0.0,0.0
2006-05-24,22.51,22.51,21.78,22.26,8027500,0.0,0.0
2006-05-25,22.36,22.78,22.34,22.72,5934900,0.0,0.0
2006-05-26,22.8,22.8,22.4,22.63,2887000,0.0,0.0
2006-05-30,22.51,22.53,21.9,21.92,4015400,0.0,0.0
2006-05-31,22.13,22.17,21.94,22.09,5527100,0.0,0.0
2006-06-01,22.36,22.65,22.32,22.62,3889400,0.0,0.0
2006-06-02,22.88,23.2,22.81,23.15,5181300,0.0,0.0
2006-06-05,23.2,23.2,22.63,22.81,4317000,0.0,0.0
2006-06-06,22.92,22.93,22.34,22.44,4603900,0.0,0.0
2006-06-07,22.47,23.17,22.44,22.63,4684400,0.0,0.0
2006-06-08,22.66,23.3,22.48,23.3,6339000,0.0,0.0
2006-06-09,23.3,23.49,22.88,23.12,4231200,0.0,0.0
2006-06-12,23.21,23.27,22.91,22.92,5266600,0.0,0.0
2006-06-13,22.83,23.06,22.59,22.93,6811400,0.0,0.0
2006-06-14,22.83,23.21,22.78,23.2,4393300,0.0,0.0
2006-06-15,23.25,23.83,23.1,23.72,4663100,0.0,0.0
2006-06-16,23.67,24.11,23.67,23.9,5508300,0.0,0.0
2006-06-19,23.93,24.07,23.42,23.55,2999100,0.0,0.0
2006-06-20,23.49,23.96,23.47,23.81,3938800,0.0,0.0
2006-06-21,23.87,23.98,23.51,23.56,3640700,0.0,0.0
2006-06-22,23.63,23.63,23.1,23.38,5320000,0.0,0.0
2006-06-23,23.23,23.49,23.11,23.12,2715300,0.0,0.0
2006-06-26,23.12,23.65,23.12,23.61,2485600,0.0,0.0
2006-06-27,23.51,23.87,23.14,23.16,3621900,0.0,0.0
2006-06-28,23.31,23.73,23.31,23.43,4587500,0.0,0.0
2006-06-29,23.63,24.15,23.35,24.11,5891000,0.0,0.0
2006-06-30,24.14,24.58,24.06,24.3,5395200,0.0,0.0
2006-07-03,24.3,24.31,24.03,24.22,1753300,0.0,0.0
2006-07-05,23.95,24.28,23.88,23.95,2661800,0.0,0.0
2006-07-06,23.94,23.99,23.69,23.83,2870600,0.0,0.0
2006-07-07,23.72,24.22,23.63,24.11,2639900,0.0,0.0
2006-07-10,24.54,25.17,24.35,24.79,6219100,0.0,0.0
2006-07-11,24.68,25.32,24.51,25.32,6041000,0.0,0.0
2006-07-12,25.33,25.69,25.23,25.33,6738600,0.0,0.0
2006-07-13,25.25,25.86,25.1,25.4,6835500,0.0,0.0
2006-07-14,25.29,25.5,25.0,25.08,5461000,0.0,0.0
2006-07-17,25.09,25.63,24.97,25.06,4273100,0.0,0.0
2006-07-18,24.98,25.17,24.43,24.84,14777500,0.0,0.0
2006-07-19,25.02,25.58,24.92,25.42,5014800,0.039,0.0
2006-07-20,25.5,25.76,25.31,25.4,3919400,0.0,0.0
2006-07-21,25.55,25.62,25.32,25.36,3811300,0.0,0.0
2006-07-24,25.36,25.93,25.32,25.89,3579700,0.0,0.0
2006-07-25,25.9,26.37,25.66,26.25,3619600,0.0,0.0
2006-07-26,26.24,26.32,26.03,26.16,4872800,0.0,0.0
2006-07-27,26.17,26.58,26.11,26.15,4108300,0.0,0.0
2006-07-28,26.16,26.39,25.7,25.83,5095100,0.0,0.0
2006-07-31,25.92,26.1,25.58,25.93,4295600,0.0,0.0
2006-08-01,26.03,26.07,25.76,26.0,3768800,0.0,0.0
2006-08-02,26.32,26.37,26.05,26.31,5415800,0.0,0.0
2006-08-03,26.16,27.18,25.96,26.87,9722700,0.0,0.0
2006-08-04,26.67,26.94,26.39,26.79,5169600,0.0,0.0
2006-08-07,26.95,27.15,26.37,26.54,3669200,0.0,0.0
2006-08-08,26.71,27.11,26.71,26.87,6321300,0.0,0.0
2006-08-09,26.93,26.95,26.23,26.3,3337800,0.0,0.0
2006-08-10,26.3,26.83,26.3,26.79,3217800,0.0,0.0
2006-08-11,26.75,27.08,26.57,26.93,3250300,0.0,0.0
2006-08-14,27.11,27.54,27.01,27.16,3860600,0.0,0.0
2006-08-15,27.19,27.71,27.19,27.66,3084000,0.0,0.0
2006-08-16,27.66,27.74,27.21,27.27,4528900,0.0,0.0
2006-08-17,27.28,27.65,27.23,27.25,4581600,0.0,0.0
2006-08-18,27.26,27.32,26.58,26.85,3717000,0.0,0.0
2006-08-21,26.66,26.85,26.54,26.67,2767600,0.0,0.0
2006-08-22,26.58,26.66,26.13,26.16,4636400,0.0,0.0
2006-08-23,26.16,26.23,25.8,26.12,4097300,0.0,0.0
2006-08-24,26.1,26.2,25.69,26.08,3287900,0.0,0.0
2006-08-25,26.12,26.32,25.83,26.12,3177000,0.0,0.0
2006-08-28,26.13,26.66,26.12,26.53,2716700,0.0,0.0
2006-08-29,26.55,26.93,26.31,26.7,4754400,0.0,0.0
2006-08-30,26.81,27.02,26.67,26.91,3644800,0.0,0.0
2006-08-31,26.91,26.91,26.41,26.59,4866000,0.0,0.0
2006-09-01,26.77,27.03,26.66,26.92,3007000,0.0,0.0
2006-09-05,27.27,27.5,27.17,27.33,4961600,0.0,0.0
2006-09-06,27.33,27.58,27.28,27.48,4085300,0.0,0.0
2006-09-07,27.48,28.18,27.23,27.83,6708700,0.0,0.0
2006-09-08,28.24,28.25,27.78,28.14,3517800,0.0,0.0
2006-09-11,28.19,28.64,28.05,28.42,4888900,0.0,0.0
2006-09-12,28.63,28.65,28.4,28.49,5042400,0.0,0.0
2006-09-13,28.38,28.54,27.56,27.63,7680400,0.0,0.0
2006-09-14,27.45,28.07,27.39,27.84,4837400,0.0,0.0
2006-09-15,28.02,28.23,27.5,27.54,4749300,0.0,0.0
2006-09-18,27.65,27.8,27.5,27.52,3223300,0.0,0.0
2006-09-19,27.66,27.74,27.29,27.58,2915200,0.0,0.0
2006-09-20,27.74,28.14,27.65,28.08,3056900,0.0,0.0
2006-09-21,27.46,27.46,24.91,25.74,42717900,0.0,0.0
2006-09-22,25.96,26.35,25.66,26.18,15893100,0.0,0.0
2006-09-25,25.98,26.19,24.25,24.65,20878000,0.0,0.0
2006-09-26,24.97,25.33,24.85,25.09,16164800,0.0,0.0
2006-09-27,25.2,25.98,25.17,25.64,11810500,0.0,0.0
2006-09-28,25.63,25.86,25.33,25.59,6155600,0.0,0.0
2006-09-29,25.56,25.77,25.41,25.46,5761200,0.0,0.0
2006-10-02,25.37,25.57,25.07,25.3,5527200,0.0,0.0
2006-10-03,25.22,25.28,25.02,25.17,7039100,0.0,0.0
2006-10-04,25.02,25.53,24.97,25.48,6639400,0.0,0.0
2006-10-05,25.31,25.32,23.71,24.52,30524200,0.0,0.0
2006-10-06,24.48,24.48,22.57,23.24,46123100,0.0,0.0
2006-10-09,23.14,23.56,22.83,23.56,19301400,0.0,0.0
2006-10-10,24.33,24.45,23.45,23.56,30111300,0.0,0.0
2006-10-11,23.7,24.76,23.46,24.7,19657700,0.0,0.0
2006-10-12,24.96,25.51,24.82,24.97,18853300,0.0,0.0
2006-10-13,24.97,25.14,24.6,24.64,9542300,0.0,0.0
2006-10-16,24.77,24.82,24.44,24.77,10257500,0.0,0.0
2006-10-17,24.83,24.83,24.53,24.67,6392800,0.0,0.0
2006-10-18,24.8,25.09,24.72,24.91,6326600,0.039,0.0
2006-10-19,24.43,24.8,24.21,24.72,9478300,0.0,0.0
2006-10-20,24.72,24.72,24.25,24.36,6445400,0.0,0.0
2006-10-23,24.28,24.96,24.28,24.84,7013000,0.0,0.0
2006-10-24,24.86,25.42,24.68,24.94,6199100,0.0,0.0
2006-10-25,24.85,25.13,24.3,24.5,8082500,0.0,0.0
2006-10-26,24.46,24.9,24.17,24.88,6279500,0.0,0.0
2006-10-27,24.88,25.0,24.65,24.76,4558600,0.0,0.0
2006-10-30,24.9,25.29,24.82,25.18,5235500,0.0,0.0
2006-10-31,25.33,25.38,24.88,24.9,8092300,0.0,0.0
2006-11-01,23.43,23.61,22.72,23.06,64356500,0.0,0.0
2006-11-02,23.25,23.41,22.71,22.9,37238600,0.0,0.0
2006-11-03,23.09,23.25,22.76,22.85,19903500,0.0,0.0
2006-11-06,22.93,23.72,22.9,23.68,22548300,0.0,0.0
2006-11-07,23.71,23.83,23.58,23.75,16042600,0.0,0.0
2006-11-08,23.89,23.9,23.41,23.51,26339300,0.0,0.0
2006-11-09,23.61,23.61,22.64,22.71,31284500,0.0,0.0
2006-11-10,22.76,23.14,22.72,22.98,15497700,0.0,0.0
2006-11-13,22.99,23.26,22.95,23.01,16092300,0.0,0.0
2006-11-14,23.21,23.35,22.94,22.95,23214900,0.0,0.0
2006-11-15,23.05,23.42,23.01,23.35,20777900,0.0,0.0
2006-11-16,23.38,23.58,23.32,23.5,15067600,0.0,0.0
2006-11-17,23.5,23.5,22.83,23.07,20292100,0.0,0.0
2006-11-20,23.01,23.02,22.23,22.58,25869800,0.0,0.0
2006-11-21,22.59,22.62,22.03,22.28,18975800,0.0,0.0
2006-11-22,22.26,22.35,22.12,22.22,13472400,0.0,0.0
2006-11-24,22.06,22.24,22.04,22.2,3985000,0.0,0.0
2006-11-27,22.2,22.2,21.55,21.58,21354800,0.0,0.0
2006-11-28,21.52,21.89,21.5,21.88,17960900,0.0,0.0
2006-11-29,22.08,22.66,21.98,22.64,21818400,0.0,0.0
2006-11-30,22.95,23.0,22.53,22.83,15800900,0.0,0.0
2006-12-01,22.72,22.96,22.59,22.75,12664500,0.0,0.0
2006-12-04,22.75,23.26,22.75,23.22,14303700,0.0,0.0
2006-12-05,23.31,23.57,23.25,23.5,10580500,0.0,0.0
2006-12-06,23.71,24.23,23.54,23.84,16226400,0.0,0.0
2006-12-07,23.97,24.2,23.79,23.82,9626700,0.0,0.0
2006-12-08,23.77,24.05,23.73,23.99,5697800,0.0,0.0
2006-12-11,24.01,24.09,23.75,23.9,9169100,0.0,0.0
2006-12-12,24.05,24.16,23.75,23.91,9865100,0.0,0.0
2006-12-13,24.01,24.2,23.85,24.05,6897600,0.0,0.0
2006-12-14,24.1,24.63,24.06,24.38,12150500,0.0,0.0
2006-12-15,24.4,24.95,24.21,24.22,13859800,0.0,0.0
2006-12-18,24.28,24.34,23.49,23.82,42399600,0.0,0.0
2006-12-19,23.87,23.87,23.36,23.79,19909800,0.0,0.0
2006-12-20,23.71,23.97,23.61,23.74,11590100,0.0,0.0
2006-12-21,23.99,24.75,23.78,24.54,14099600,0.0,0.0
2006-12-22,25.07,25.26,24.67,24.8,8898400,0.0,0.0
2006-12-26,24.75,24.96,24.61,24.75,4750500,0.0,0.0
2006-12-27,24.84,24.92,24.6,24.78,5242500,0.0,0.0
2006-12-28,24.79,24.86,24.58,24.8,4733400,0.0,0.0
2006-12-29,24.75,24.91,24.41,24.53,4279900,0.0,0.0
2007-01-03,24.56,24.91,24.17,24.48,10397100,0.0,0.0
2007-01-04,24.77,24.78,24.33,24.6,9449400,0.0,0.0
2007-01-05,24.61,24.8,24.36,24.74,10817200,0.0,0.0
2007-01-08,25.01,25.01,24.4,24.88,14188500,0.0,0.0
2007-01-09,24.86,24.98,24.4,24.61,14052600,0.0,0.0
2007-01-10,24.6,24.9,24.32,24.86,10273900,0.0,0.0
2007-01-11,24.79,25.05,24.55,25.01,10508100,0.0,0.0
2007-01-12,25.01,25.39,24.82,25.35,10058900,0.0,0.0
2007-01-16,25.24,25.49,25.1,25.23,14242800,0.0,0.0
2007-01-17,25.4,25.89,25.32,25.78,21121400,0.0,0.0
2007-01-18,25.93,25.94,25.58,25.92,18427600,0.049,0.0
2007-01-19,26.05,26.53,25.87,26.45,27239600,0.0,0.0
2007-01-22,26.23,26.43,26.11,26.25,14622300,0.0,0.0
2007-01-23,26.07,26.53,26.01,26.43,12634400,0.0,0.0
2007-01-24,26.43,26.68,26.09,26.12,15805900,0.0,0.0
2007-01-25,26.12,26.28,25.97,26.03,12844400,0.0,0.0
2007-01-26,26.04,26.31,25.86,26.21,12250500,0.0,0.0
2007-01-29,26.16,26.24,25.93,25.98,5456600,0.0,0.0
2007-01-30,26.15,26.49,26.11,26.27,8482800,0.0,0.0
2007-01-31,26.36,26.8,26.27,26.75,14174600,0.0,0.0
2007-02-01,26.63,26.69,26.23,26.46,16662700,0.0,0.0
2007-02-02,26.67,26.67,26.27,26.38,13774300,0.0,0.0
2007-02-05,26.39,26.52,26.23,26.47,7390400,0.0,0.0
2007-02-06,26.49,26.51,26.21,26.41,7569900,0.0,0.0
2007-02-07,26.39,26.52,26.02,26.42,6957600,0.0,0.0
2007-02-08,26.49,26.53,26.11,26.32,8755500,0.0,0.0
2007-02-09,26.36,26.43,26.05,26.16,10765400,0.0,0.0
2007-02-12,26.07,26.16,25.74,25.82,12410900,0.0,0.0
2007-02-13,25.66,25.79,25.34,25.51,25374500,0.0,0.0
2007-02-14,25.5,26.01,25.34,26.01,13562400,0.0,0.0
2007-02-15,26.03,26.48,25.9,26.16,12701200,0.0,0.0
2007-02-16,25.97,26.18,25.78,26.01,8851700,0.0,0.0
2007-02-20,25.87,26.1,25.79,26.06,7975300,0.0,0.0
2007-02-21,26.01,26.37,25.91,26.28,8010200,0.0,0.0
2007-02-22,26.23,26.33,25.72,25.85,8686000,0.0,0.0
2007-02-23,25.91,25.97,25.65,25.82,7713100,0.0,0.0
2007-02-26,25.69,25.9,25.59,25.74,7378500,0.0,0.0
2007-02-27,25.51,25.52,24.45,25.04,14101100,0.0,0.0
2007-02-28,25.04,25.35,24.86,24.97,9922900,0.0,0.0
2007-03-01,24.85,25.03,24.2,24.91,10778500,0.0,0.0
2007-03-02,24.86,24.92,24.58,24.59,9820000,0.0,0.0
2007-03-05,24.37,24.89,24.28,24.47,9549200,0.0,0.0
2007-03-06,24.84,24.96,24.44,24.88,9604200,0.0,0.0
2007-03-07,24.72,25.09,24.64,24.89,10304800,0.0,0.0
2007-03-08,25.35,26.35,25.2,25.76,45727500,0.0,0.0
2007-03-09,26.19,26.19,25.84,25.91,36145500,0.0,0.0
2007-03-12,25.35,25.7,24.96,25.42,45350700,0.0,0.0
2007-03-13,25.65,25.89,25.2,25.35,33782100,0.0,0.0
2007-03-14,25.35,25.86,25.22,25.68,36086900,0.0,0.0
2007-03-15,25.69,26.61,25.69,26.5,47241300,0.0,0.0
2007-03-16,26.47,26.93,25.96,26.18,56563300,0.0,0.0
2007-03-19,26.39,26.61,26.21,26.34,23121800,0.0,0.0
2007-03-20,26.49,26.82,26.24,26.76,20530200,0.0,0.0
2007-03-21,26.79,27.56,26.71,27.56,34280800,0.0,0.0
2007-03-22,27.66,27.76,27.11,27.27,24359400,0.0,0.0
2007-03-23,27.35,27.52,27.18,27.48,29164300,0.0,0.0
2007-03-26,27.66,27.74,27.26,27.52,26532500,0.0,0.0
2007-03-27,27.52,27.6,27.15,27.32,32090300,0.0,0.0
2007-03-28,27.18,27.61,26.97,26.98,28718500,0.0,0.0
2007-03-29,27.33,27.5,26.91,27.15,21249600,0.0,0.0
2007-03-30,27.26,27.41,26.92,27.14,15990300,0.0,0.0
2007-04-02,27.33,27.47,27.14,27.36,18109700,0.0,0.0
2007-04-03,27.42,27.7,27.21,27.25,17404400,0.0,0.0
2007-04-04,27.56,27.6,27.29,27.49,12167700,0.0,0.0
2007-04-05,27.5,27.68,27.29,27.6,11754900,0.0,0.0
2007-04-09,27.69,27.85,27.62,27.74,14098900,0.0,0.0
2007-04-10,27.64,27.82,27.58,27.82,11465000,0.0,0.0
2007-04-11,27.86,28.07,27.77,27.83,15059000,0.0,0.0
2007-04-12,27.83,27.86,27.52,27.84,8731100,0.0,0.0
2007-04-13,27.94,28.18,27.82,27.92,10599400,0.0,0.0
2007-04-16,27.92,28.1,27.75,27.78,10189900,0.0,0.0
2007-04-17,27.87,27.91,27.54,27.6,16173200,0.0,0.0
2007-04-18,27.63,27.82,27.34,27.48,23243600,0.0,0.0
2007-04-19,27.74,27.91,27.3,27.75,31081900,0.0,0.0
2007-04-20,27.91,28.13,27.79,27.84,15447500,0.06,0.0
2007-04-23,28.03,28.03,27.83,27.94,31337400,0.0,0.0
2007-04-24,28.26,29.37,28.26,29.23,47703200,0.0,0.0
2007-04-25,29.44,29.45,28.8,29.2,16523500,0.0,0.0
2007-04-26,29.25,29.58,29.2,29.35,16371900,0.0,0.0
2007-04-27,29.22,29.34,28.94,29.24,8723200,0.0,0.0
2007-04-30,29.34,29.62,28.85,28.85,15658600,0.0,0.0
2007-05-01,28.58,28.92,28.03,28.65,14952400,0.0,0.0
2007-05-02,28.62,29.09,28.57,28.93,12356900,0.0,0.0
2007-05-03,28.94,29.14,28.66,28.75,7844000,0.0,0.0
2007-05-04,29.24,29.33,28.51,28.61,8160800,0.0,0.0
2007-05-07,28.97,28.97,28.44,28.76,23548800,0.0,0.0
2007-05-08,28.84,29.62,28.66,29.47,34505500,0.0,0.0
2007-05-09,29.47,30.32,29.38,30.27,29297800,0.0,0.0
2007-05-10,30.14,30.61,29.83,29.83,18267600,0.0,0.0
2007-05-11,29.78,29.9,29.54,29.71,9504300,0.0,0.0
2007-05-14,29.74,29.83,29.59,29.74,12734000,0.0,0.0
2007-05-15,29.67,30.21,29.63,29.91,17710600,0.0,0.0
2007-05-16,29.91,30.44,29.79,30.35,20246400,0.0,0.0
2007-05-17,30.02,30.49,29.94,30.3,16728900,0.0,0.0
2007-05-18,30.33,30.64,30.2,30.62,20166000,0.0,0.0
2007-05-21,30.62,30.69,30.06,30.1,15255700,0.0,0.0
2007-05-22,30.15,30.26,29.59,29.92,11789400,0.0,0.0
2007-05-23,30.02,30.42,29.93,30.33,26278500,0.0,0.0
2007-05-24,30.26,30.67,30.2,30.49,22925900,0.0,0.0
2007-05-25,30.45,31.4,30.45,31.12,21931900,0.0,0.0
2007-05-29,31.01,31.12,30.77,30.95,16071100,0.0,0.0
2007-05-30,30.95,31.06,30.83,30.95,14540900,0.0,0.0
2007-05-31,31.04,31.12,30.57,30.69,14950700,0.0,0.0
2007-06-01,30.65,30.94,30.52,30.69,11438700,0.0,0.0
2007-06-04,30.61,30.92,30.31,30.41,11908400,0.0,0.0
2007-06-05,30.26,30.37,29.92,30.1,12288100,0.0,0.0
2007-06-06,29.85,29.94,29.62,29.66,11361300,0.0,0.0
2007-06-07,29.71,30.97,29.66,29.91,23794300,0.0,0.0
2007-06-08,29.86,30.22,29.83,30.14,10690400,0.0,0.0
2007-06-11,30.14,30.21,29.81,29.82,8158500,0.0,0.0
2007-06-12,29.71,29.94,29.54,29.58,10219300,0.0,0.0
2007-06-13,29.74,29.86,29.46,29.78,8658200,0.0,0.0
2007-06-14,29.78,30.02,29.63,29.67,9244200,0.0,0.0
2007-06-15,29.74,30.15,29.74,29.96,14190600,0.0,0.0
2007-06-18,29.96,30.0,29.66,29.73,7215100,0.0,0.0
2007-06-19,29.78,29.97,29.51,29.87,7156700,0.0,0.0
2007-06-20,29.87,30.06,29.44,29.49,8247500,0.0,0.0
2007-06-21,29.38,29.65,29.08,29.55,10364500,0.0,0.0
2007-06-22,29.42,29.48,28.98,29.1,12051100,0.0,0.0
2007-06-25,29.3,29.46,28.79,28.91,8392600,0.0,0.0
2007-06-26,28.91,29.14,28.34,28.55,12486000,0.0,0.0
2007-06-27,28.36,29.22,28.0,29.12,13789900,0.0,0.0
2007-06-28,29.12,29.44,28.74,29.1,11116200,0.0,0.0
2007-06-29,29.22,29.51,28.74,29.02,10274000,0.0,0.0
2007-07-02,29.02,29.19,28.81,29.09,8026000,0.0,0.0
2007-07-03,29.01,29.38,28.93,29.09,2809400,0.0,0.0
2007-07-05,29.1,29.42,28.77,29.09,5091200,0.0,0.0
2007-07-06,29.14,29.37,28.9,29.27,7163300,0.0,0.0
2007-07-09,29.26,29.38,29.04,29.18,6792000,0.0,0.0
2007-07-10,29.03,29.06,28.65,28.77,8686800,0.0,0.0
2007-07-11,29.17,29.17,28.43,28.81,6956700,0.0,0.0
2007-07-12,28.88,29.19,28.62,29.08,12788000,0.0,0.0
2007-07-13,29.33,29.33,28.71,28.95,10710800,0.0,0.0
2007-07-16,28.81,28.98,28.78,28.81,6169400,0.0,0.0
2007-07-17,28.87,28.95,28.62,28.72,6291700,0.0,0.0
2007-07-18,28.84,29.04,28.38,28.74,11327200,0.0,0.0
2007-07-19,28.81,29.18,28.02,28.46,16479400,0.06,0.0
2007-07-20,28.42,28.64,28.18,28.44,9839800,0.0,0.0
2007-07-23,28.6,28.95,28.47,28.75,8148600,0.0,0.0
2007-07-24,28.35,29.24,28.35,28.65,8467600,0.0,0.0
2007-07-25,28.51,29.13,28.51,29.06,10688000,0.0,0.0
2007-07-26,28.67,28.89,28.14,28.38,17360300,0.0,0.0
2007-07-27,28.23,28.47,27.95,28.02,11408000,0.0,0.0
2007-07-30,28.34,28.47,27.75,28.01,11448200,0.0,0.0
2007-07-31,28.43,28.73,28.06,28.06,13740000,0.0,0.0
2007-08-01,27.79,28.91,27.79,28.34,13085700,0.0,0.0
2007-08-02,29.11,29.55,28.83,29.34,27190800,0.0,0.0
2007-08-03,29.51,29.6,28.94,29.05,14439200,0.0,0.0
2007-08-06,29.11,29.74,29.04,29.74,14136600,0.0,0.0
2007-08-07,29.71,30.47,29.51,30.39,17810500,0.0,0.0
2007-08-08,30.27,31.13,30.27,30.86,20987000,0.0,0.0
2007-08-09,30.85,30.86,30.04,30.06,18884200,0.0,0.0
2007-08-10,29.43,30.45,29.42,30.31,12966400,0.0,0.0
2007-08-13,30.5,30.57,30.03,30.25,11003000,0.0,0.0
2007-08-14,30.39,30.46,29.79,29.79,12692600,0.0,0.0
2007-08-15,29.83,30.2,29.27,29.27,19428200,0.0,0.0
2007-08-16,29.13,29.48,28.78,29.11,18774300,0.0,0.0
2007-08-17,29.72,29.9,28.85,29.36,18776300,0.0,0.0
2007-08-20,29.38,29.67,29.11,29.18,8105300,0.0,0.0
2007-08-21,29.18,29.24,28.85,29.24,12017700,0.0,0.0
2007-08-22,29.52,29.72,29.38,29.51,9317800,0.0,0.0
2007-08-23,29.73,29.75,29.23,29.36,7684900,0.0,0.0
2007-08-24,29.71,29.71,28.72,29.35,6340900,0.0,0.0
2007-08-27,29.21,29.48,29.12,29.25,5054400,0.0,0.0
2007-08-28,29.1,29.35,28.97,29.17,8556400,0.0,0.0
2007-08-29,29.2,29.87,28.89,29.8,8164600,0.0,0.0
2007-08-30,29.44,30.19,29.36,29.7,9304600,0.0,0.0
2007-08-31,29.76,30.34,29.73,30.16,10658200,0.0,0.0
2007-09-04,30.37,30.59,29.84,30.53,8022200,0.0,0.0
2007-09-05,30.58,30.63,29.87,30.29,9739900,0.0,0.0
2007-09-06,30.13,30.54,29.96,30.24,6368800,0.0,0.0
2007-09-07,29.9,29.96,29.44,29.66,9488500,0.0,0.0
2007-09-10,29.72,29.89,29.21,29.61,6460000,0.0,0.0
2007-09-11,29.87,29.99,29.57,29.83,6568100,0.0,0.0
2007-09-12,29.86,30.23,29.73,29.76,8493500,0.0,0.0
2007-09-13,29.9,30.34,29.71,30.11,7188500,0.0,0.0
2007-09-14,29.99,30.26,29.8,30.17,10058000,0.0,0.0
2007-09-17,30.06,30.11,29.68,29.83,7030700,0.0,0.0
2007-09-18,29.91,30.6,29.75,30.31,12278200,0.0,0.0
2007-09-19,30.31,30.61,30.15,30.41,10991400,0.0,0.0
2007-09-20,30.27,30.31,29.99,30.15,9320600,0.0,0.0
2007-09-21,30.32,30.5,30.06,30.17,15855700,0.0,0.0
2007-09-24,30.24,30.7,30.08,30.41,9226800,0.0,0.0
2007-09-25,30.36,31.38,30.27,31.01,11165300,0.0,0.0
2007-09-26,31.42,31.74,31.04,31.25,13132400,0.0,0.0
2007-09-27,31.49,31.6,30.82,31.58,7140400,0.0,0.0
2007-09-28,31.47,31.78,31.35,31.61,8724600,0.0,0.0
2007-10-01,29.91,30.51,29.05,29.63,54975300,0.0,0.0
2007-10-02,30.03,30.78,29.71,30.67,20373400,0.0,0.0
2007-10-03,30.78,31.08,30.39,30.54,11963100,0.0,0.0
2007-10-04,30.97,31.89,30.62,30.83,6463200,0.0,0.0
2007-10-05,31.11,31.37,30.86,31.06,7777400,0.0,0.0
2007-10-08,31.06,31.38,31.02,31.24,4899800,0.0,0.0
2007-10-09,31.27,31.45,30.82,31.16,7476900,0.0,0.0
2007-10-10,31.19,31.34,30.85,30.98,5817800,0.0,0.0
2007-10-11,31.1,31.89,31.02,31.6,8979100,0.0,0.0
2007-10-12,31.5,31.84,31.41,31.82,11011100,0.0,0.0
2007-10-15,31.86,31.98,31.61,31.86,8110700,0.0,0.0
2007-10-16,31.87,31.95,31.61,31.72,7567300,0.0,0.0
2007-10-17,31.93,32.09,31.44,31.69,10671700,0.0,0.0
2007-10-18,31.72,32.2,31.32,32.06,10050200,0.06,0.0
2007-10-19,31.93,32.06,31.25,31.26,8818500,0.0,0.0
2007-10-22,31.08,31.78,30.89,31.73,7298900,0.0,0.0
2007-10-23,31.82,32.07,31.46,32.04,6166800,0.0,0.0
2007-10-24,31.94,32.2,31.43,32.2,11642000,0.0,0.0
2007-10-25,32.17,32.84,31.99,32.73,11218400,0.0,0.0
2007-10-26,32.93,33.55,32.69,33.08,10505400,0.0,0.0
2007-10-29,33.31,33.53,33.0,33.41,7538600,0.0,0.0
2007-10-30,33.21,33.4,32.6,32.92,9270500,0.0,0.0
2007-10-31,33.35,33.61,32.57,33.27,13267600,0.0,0.0
2007-11-01,32.6,33.35,32.27,32.77,19346900,0.0,0.0
2007-11-02,32.85,33.39,32.67,33.35,13281500,0.0,0.0
2007-11-05,33.35,33.38,32.75,33.03,6788800,0.0,0.0
2007-11-06,33.05,33.43,32.43,33.4,9136400,0.0,0.0
2007-11-07,33.03,33.9,33.03,33.26,13553200,0.0,0.0
2007-11-08,33.29,33.75,32.95,33.67,14345500,0.0,0.0
2007-11-09,33.85,33.85,33.12,33.19,12018800,0.0,0.0
2007-11-12,33.07,33.51,33.0,33.09,12672500,0.0,0.0
2007-11-13,33.3,33.92,33.19,33.75,19054400,0.0,0.0
2007-11-14,33.88,34.03,33.31,33.39,13895500,0.0,0.0
2007-11-15,33.32,33.91,33.32,33.56,13537500,0.0,0.0
2007-11-16,33.86,33.86,33.47,33.71,16162200,0.0,0.0
2007-11-19,33.57,33.78,33.39,33.45,12306900,0.0,0.0
2007-11-20,33.57,33.63,32.73,33.15,15314000,0.0,0.0
2007-11-21,32.81,33.15,32.52,32.6,13172200,0.0,0.0
2007-11-23,32.76,33.51,32.76,33.5,8268600,0.0,0.0
2007-11-26,33.57,33.57,32.68,32.78,8908900,0.0,0.0
2007-11-27,33.0,33.03,32.3,32.88,11653700,0.0,0.0
2007-11-28,33.06,33.23,32.56,33.15,22323700,0.0,0.0
2007-11-29,32.99,33.01,31.69,32.0,25051100,0.0,0.0
2007-11-30,32.44,32.73,31.88,32.02,13207800,0.0,0.0
2007-12-03,32.08,32.27,31.73,31.88,8964900,0.0,0.0
2007-12-04,31.71,31.84,31.14,31.2,16004400,0.0,0.0
2007-12-05,31.42,31.44,30.99,31.29,13097900,0.0,0.0
2007-12-06,31.28,31.97,31.28,31.83,12519500,0.0,0.0
2007-12-07,31.95,32.26,31.89,31.98,10360700,0.0,0.0
2007-12-10,32.13,32.4,31.89,31.96,10923200,0.0,0.0
2007-12-11,32.26,32.41,31.79,31.84,10415400,0.0,0.0
2007-12-12,32.15,32.35,31.55,31.77,14614100,0.0,0.0
2007-12-13,31.68,31.86,31.33,31.68,8879700,0.0,0.0
2007-12-14,31.53,31.64,31.3,31.31,9512700,0.0,0.0
2007-12-17,31.31,31.56,31.14,31.25,13622400,0.0,0.0
2007-12-18,31.27,31.44,30.98,31.26,8754700,0.0,0.0
2007-12-19,31.31,31.63,31.2,31.54,9122400,0.0,0.0
2007-12-20,31.5,31.51,30.66,31.02,20578200,0.0,0.0
2007-12-21,31.33,31.94,31.21,31.67,19870900,0.0,0.0
2007-12-24,31.52,31.93,31.52,31.89,4398600,0.0,0.0
2007-12-26,31.83,31.86,31.36,31.79,5276700,0.0,0.0
2007-12-27,31.77,31.85,31.48,31.68,5808300,0.0,0.0
2007-12-28,31.68,32.21,31.66,31.95,7186700,0.0,0.0
2007-12-31,31.8,31.97,31.64,31.75,6530700,0.0,0.0
2008-01-02,31.72,31.92,31.34,31.43,16954800,0.0,0.0
2008-01-03,30.1,30.18,29.05,29.37,74308800,0.0,0.0
2008-01-04,29.36,30.11,28.91,29.77,24253100,0.0,0.0
2008-01-07,29.91,30.75,29.42,30.51,21489600,0.0,0.0
2008-01-08,30.71,31.19,29.9,29.98,21197600,0.0,0.0
2008-01-09,30.09,30.33,29.06,29.7,20812200,0.0,0.0
2008-01-10,29.98,30.31,29.51,30.06,13815700,0.0,0.0
2008-01-11,29.84,30.11,29.28,29.37,15373900,0.0,0.0
2008-01-14,29.45,29.73,28.87,29.02,17288600,0.0,0.0
2008-01-15,28.88,28.91,28.39,28.77,21121800,0.0,0.0
2008-01-16,28.59,29.83,28.58,29.63,15812400,0.0,0.0
2008-01-17,29.7,30.31,29.58,29.58,13588900,0.06,0.0
2008-01-18,29.78,30.32,29.35,29.54,14270300,0.0,0.0
2008-01-22,28.37,30.13,28.37,29.82,17581800,0.0,0.0
2008-01-23,29.0,30.19,29.0,29.67,19413400,0.0,0.0
2008-01-24,28.72,29.32,28.59,28.95,23671600,0.0,0.0
2008-01-25,29.17,29.44,28.22,28.45,15649600,0.0,0.0
2008-01-28,28.4,28.6,27.93,28.39,17317600,0.0,0.0
2008-01-29,28.58,29.26,28.16,29.05,17084800,0.0,0.0
2008-01-30,29.1,29.63,28.81,28.82,13229300,0.0,0.0
2008-01-31,30.16,31.37,29.99,31.13,33397300,0.0,0.0
2008-02-01,31.2,32.02,30.96,31.92,18630200,0.0,0.0
2008-02-04,31.93,32.03,31.4,31.4,10238100,0.0,0.0
2008-02-05,30.91,31.28,30.3,30.4,14265000,0.0,0.0
2008-02-06,30.56,31.38,30.52,30.68,12661600,0.0,0.0
2008-02-07,30.57,31.61,30.41,31.33,10939200,0.0,0.0
2008-02-08,31.22,31.81,31.04,31.65,15902300,0.0,0.0
2008-02-11,31.7,32.22,31.41,32.14,12904900,0.0,0.0
2008-02-12,32.27,32.66,32.08,32.29,10387100,0.0,0.0
2008-02-13,32.01,32.7,32.01,32.58,9340500,0.0,0.0
2008-02-14,32.52,32.71,31.66,31.86,14046100,0.0,0.0
2008-02-15,31.68,31.88,31.34,31.78,10889000,0.0,0.0
2008-02-19,32.08,32.29,31.71,32.06,11030300,0.0,0.0
2008-02-20,31.77,32.71,31.77,32.41,11387300,0.0,0.0
2008-02-21,32.46,32.7,32.07,32.19,11026500,0.0,0.0
2008-02-22,32.26,32.54,31.8,32.13,14247300,0.0,0.0
2008-02-25,32.23,32.28,31.66,32.21,9418200,0.0,0.0
2008-02-26,32.1,32.4,31.91,32.07,9259200,0.0,0.0
2008-02-27,31.94,32.72,31.86,32.38,11798800,0.0,0.0
2008-02-28,32.28,32.82,32.04,32.74,10632400,0.0,0.0
2008-02-29,32.33,32.92,32.18,32.3,11709200,0.0,0.0
2008-03-03,32.21,32.26,31.76,32.07,7825600,0.0,0.0
2008-03-04,31.82,32.91,31.82,32.74,11367200,0.0,0.0
2008-03-05,32.79,32.85,32.02,32.22,8849000,0.0,0.0
2008-03-06,32.13,32.28,31.34,31.36,8627900,0.0,0.0
2008-03-07,31.18,31.58,30.85,31.13,6860100,0.0,0.0
2008-03-10,31.17,31.7,30.72,30.93,7403900,0.0,0.0
2008-03-11,31.56,31.86,31.16,31.79,11446200,0.0,0.0
2008-03-12,31.8,32.08,31.41,31.5,8877300,0.0,0.0
2008-03-13,31.13,32.08,31.11,31.95,13049600,0.0,0.0
2008-03-14,32.12,32.12,30.48,30.89,12399500,0.0,0.0
2008-03-17,30.1,31.55,29.92,30.02,13899000,0.0,0.0
2008-03-18,30.13,31.42,30.13,31.4,10947700,0.0,0.0
2008-03-19,31.49,32.0,31.31,31.31,10044200,0.0,0.0
2008-03-20,31.35,32.15,30.9,31.88,15970100,0.0,0.0
2008-03-24,31.96,32.87,31.89,32.74,12286000,0.0,0.0
2008-03-25,32.77,33.22,32.32,32.92,10717400,0.0,0.0
2008-03-26,32.82,33.12,32.21,33.0,8104400,0.0,0.0
2008-03-27,33.06,33.18,32.67,32.71,10231300,0.0,0.0
2008-03-28,32.88,33.18,32.62,32.68,5521900,0.0,0.0
2008-03-31,32.66,33.08,32.36,32.41,9150100,0.0,0.0
2008-04-01,32.64,33.11,32.35,32.94,10440000,0.0,0.0
2008-04-02,32.9,32.94,31.86,31.98,8815700,0.0,0.0
2008-04-03,31.81,32.41,31.78,31.89,7565900,0.0,0.0
2008-04-04,31.99,32.38,31.7,32.24,5812900,0.0,0.0
2008-04-07,32.41,33.19,32.41,32.79,9424100,0.0,0.0
2008-04-08,32.62,32.86,32.48,32.7,6716200,0.0,0.0
2008-04-09,32.54,32.7,32.27,32.47,7641800,0.0,0.0
2008-04-10,32.41,33.06,32.22,32.86,8815300,0.0,0.0
2008-04-11,32.53,32.82,32.07,32.12,7098800,0.0,0.0
2008-04-14,32.05,32.32,31.64,31.86,5889700,0.0,0.0
2008-04-15,32.0,32.07,31.5,31.83,6968100,0.0,0.0
2008-04-16,32.07,32.18,31.74,32.12,7787700,0.0,0.0
2008-04-17,32.01,32.47,31.98,32.38,5560800,0.06,0.0
2008-04-18,32.67,32.87,32.33,32.51,7440500,0.0,0.0
2008-04-21,32.44,32.51,31.83,32.14,6280900,0.0,0.0
2008-04-22,32.05,32.37,31.62,31.95,6173900,0.0,0.0
2008-04-23,32.06,32.71,31.85,32.56,7647500,0.0,0.0
2008-04-24,32.67,32.89,32.29,32.65,6501000,0.0,0.0
2008-04-25,32.77,32.96,32.33,32.79,7790400,0.0,0.0
2008-04-28,32.55,33.15,32.55,32.87,7971500,0.0,0.0
2008-04-29,32.85,33.25,32.79,33.07,6362700,0.0,0.0
2008-04-30,33.33,33.41,32.3,32.34,10404300,0.0,0.0
2008-05-01,32.13,32.77,31.26,32.68,17689000,0.0,0.0
2008-05-02,32.93,33.53,32.23,32.39,13584300,0.0,0.0
2008-05-05,32.83,33.77,32.26,33.5,11386900,0.0,0.0
2008-05-06,32.87,33.44,32.75,33.26,8973800,0.0,0.0
2008-05-07,33.34,33.54,33.01,33.27,7470600,0.0,0.0
2008-05-08,33.34,33.55,32.26,33.27,6993800,0.0,0.0
2008-05-09,33.08,33.23,32.67,33.12,4539300,0.0,0.0
2008-05-12,33.14,33.38,32.87,33.0,6997000,0.0,0.0
2008-05-13,33.15,33.19,32.68,32.95,7966700,0.0,0.0
2008-05-14,33.16,34.07,32.93,33.8,9979400,0.0,0.0
2008-05-15,33.76,34.81,33.55,34.6,13058800,0.0,0.0
2008-05-16,34.63,34.88,34.19,34.79,9539600,0.0,0.0
2008-05-19,34.73,35.05,34.34,34.46,7432200,0.0,0.0
2008-05-20,34.36,34.56,33.89,34.2,5923000,0.0,0.0
2008-05-21,34.33,34.56,33.44,33.63,12788800,0.0,0.0
2008-05-22,33.65,34.46,33.65,34.12,8990200,0.0,0.0
2008-05-23,34.03,34.29,33.75,33.77,8363700,0.0,0.0
2008-05-27,33.85,34.13,33.35,33.66,7126600,0.0,0.0
2008-05-28,33.82,34.19,33.69,34.01,5839500,0.0,0.0
2008-05-29,33.89,34.73,33.89,34.41,6036300,0.0,0.0
2008-05-30,34.55,34.55,34.04,34.28,6488700,0.0,0.0
2008-06-02,34.17,34.48,33.92,34.2,7732400,0.0,0.0
2008-06-03,34.37,34.87,34.22,34.68,11238300,0.0,0.0
2008-06-04,34.61,35.01,34.37,34.8,8343900,0.0,0.0
2008-06-05,35.13,35.49,34.84,35.35,10016900,0.0,0.0
2008-06-06,35.25,35.25,34.1,34.16,8838000,0.0,0.0
2008-06-09,34.28,34.38,33.77,34.04,5425500,0.0,0.0
2008-06-10,33.78,34.08,33.69,33.89,6791100,0.0,0.0
2008-06-11,33.76,33.89,33.02,33.14,9161300,0.0,0.0
2008-06-12,33.23,33.8,33.23,33.55,6275800,0.0,0.0
2008-06-13,33.43,34.22,33.42,34.15,6195600,0.0,0.0
2008-06-16,33.99,34.28,33.38,34.11,7343000,0.0,0.0
2008-06-17,34.14,34.25,33.38,33.57,6411000,0.0,0.0
2008-06-18,33.43,33.55,32.64,33.03,9047200,0.0,0.0
2008-06-19,33.08,33.4,32.64,33.25,8183600,0.0,0.0
2008-06-20,32.94,33.42,32.65,33.14,9039300,0.0,0.0
2008-06-23,33.22,33.31,31.99,32.22,10634600,0.0,0.0
2008-06-24,32.12,32.81,31.7,32.42,9027600,0.0,0.0
2008-06-25,32.42,33.47,32.35,32.87,8207800,0.0,0.0
2008-06-26,32.43,32.64,31.58,31.63,8260100,0.0,0.0
2008-06-27,31.65,32.18,31.45,31.86,10613700,0.0,0.0
2008-06-30,31.64,32.16,31.59,31.7,11129300,0.0,0.0
2008-07-01,31.41,31.54,30.73,31.41,10239600,0.0,0.0
2008-07-02,31.46,31.46,30.82,31.01,11258400,0.0,0.0
2008-07-03,31.21,31.32,30.71,30.84,7043600,0.0,0.0
2008-07-07,30.91,31.49,30.77,31.07,10766900,0.0,0.0
2008-07-08,30.97,31.63,30.62,31.08,14476500,0.0,0.0
2008-07-09,31.09,31.38,30.87,30.9,13855200,0.0,0.0
2008-07-10,30.92,31.07,30.58,30.85,10041600,0.0,0.0
2008-07-11,30.57,31.39,30.46,30.96,10070400,0.0,0.0
2008-07-14,31.27,31.42,30.49,30.73,6684900,0.0,0.0
2008-07-15,30.49,30.91,29.24,30.62,12742800,0.0,0.0
2008-07-16,30.62,31.06,30.01,31.03,12487600,0.0,0.0
2008-07-17,31.21,31.4,30.26,30.98,9886400,0.069,0.0
2008-07-18,30.95,31.19,29.67,29.99,13654000,0.0,0.0
2008-07-21,30.04,30.45,29.67,30.24,7398800,0.0,0.0
2008-07-22,29.96,31.15,29.95,31.1,9310000,0.0,0.0
2008-07-23,31.16,31.86,30.77,31.3,9753400,0.0,0.0
2008-07-24,31.38,31.38,30.49,30.56,8912200,0.0,0.0
2008-07-25,30.6,31.05,30.44,30.77,8260500,0.0,0.0
2008-07-28,30.89,31.15,29.82,29.83,11381900,0.0,0.0
2008-07-29,29.77,30.93,29.76,30.73,10427900,0.0,0.0
2008-07-30,31.03,31.38,30.48,30.96,11304400,0.0,0.0
2008-07-31,30.32,30.61,29.26,29.3,24123400,0.0,0.0
2008-08-01,29.83,29.9,28.41,28.69,21139900,0.0,0.0
2008-08-04,28.73,29.37,28.69,29.06,14912700,0.0,0.0
2008-08-05,29.3,30.32,29.07,30.13,14967200,0.0,0.0
2008-08-06,30.1,30.3,29.82,30.1,10725400,0.0,0.0
2008-08-07,29.94,30.34,29.54,29.92,9739500,0.0,0.0
2008-08-08,29.78,31.17,29.7,31.0,12094800,0.0,0.0
2008-08-11,31.01,31.58,30.76,30.93,10190900,0.0,0.0
2008-08-12,30.9,31.05,30.52,30.54,9499900,0.0,0.0
2008-08-13,29.71,30.76,29.69,30.52,17961000,0.0,0.0
2008-08-14,30.67,31.16,30.02,30.57,9850500,0.0,0.0
2008-08-15,30.69,31.13,30.59,30.97,8955300,0.0,0.0
2008-08-18,30.99,31.11,30.44,30.73,7421900,0.0,0.0
2008-08-19,30.64,30.74,30.02,30.21,5079000,0.0,0.0
2008-08-20,30.34,30.34,29.7,29.95,7256100,0.0,0.0
2008-08-21,29.84,30.12,29.38,29.99,7513100,0.0,0.0
2008-08-22,30.17,30.29,29.98,30.2,8669100,0.0,0.0
2008-08-25,30.05,30.24,29.3,29.41,8406200,0.0,0.0
2008-08-26,29.46,29.88,29.17,29.64,6302700,0.0,0.0
2008-08-27,29.61,29.86,29.34,29.76,5663200,0.0,0.0
2008-08-28,29.88,29.89,29.62,29.7,9014400,0.0,0.0
2008-08-29,29.67,29.7,29.38,29.38,8219700,0.0,0.0
2008-09-02,29.75,30.14,29.49,29.91,11414400,0.0,0.0
2008-09-03,29.9,30.18,29.42,30.06,10772800,0.0,0.0
2008-09-04,29.95,30.14,29.26,29.29,8171500,0.0,0.0
2008-09-05,29.17,29.23,28.44,28.78,13786700,0.0,0.0
2008-09-08,29.47,30.11,28.98,30.08,11262700,0.0,0.0
2008-09-09,30.05,30.6,29.22,29.24,12684600,0.0,0.0
2008-09-10,29.37,29.87,29.12,29.58,9093200,0.0,0.0
2008-09-11,29.45,30.24,29.17,30.23,8921100,0.0,0.0
2008-09-12,29.92,30.54,29.69,30.21,7731400,0.0,0.0
2008-09-15,29.37,29.87,29.26,29.31,10098700,0.0,0.0
2008-09-16,28.9,29.14,28.44,29.0,11499700,0.0,0.0
2008-09-17,28.85,28.98,27.85,28.1,13584800,0.0,0.0
2008-09-18,28.54,29.18,27.64,28.98,18851700,0.0,0.0
2008-09-19,29.7,31.09,28.7,28.98,17197800,0.0,0.0
2008-09-22,28.99,28.99,28.01,28.11,8765200,0.0,0.0
2008-09-23,28.12,28.49,26.92,27.02,13742200,0.0,0.0
2008-09-24,27.15,27.32,25.53,26.57,20276000,0.0,0.0
2008-09-25,26.74,27.8,26.71,27.61,10522900,0.0,0.0
2008-09-26,26.82,28.5,26.82,28.08,7820700,0.0,0.0
2008-09-29,27.8,28.01,24.9,26.22,15814800,0.0,0.0
2008-09-30,26.52,27.37,25.83,27.02,13292100,0.0,0.0
2008-10-01,26.72,27.31,26.41,27.11,7261000,0.0,0.0
2008-10-02,26.95,27.68,25.8,26.22,10338100,0.0,0.0
2008-10-03,26.59,27.52,25.52,25.63,11140200,0.0,0.0
2008-10-06,25.02,25.63,22.47,24.49,13749300,0.0,0.0
2008-10-07,25.57,25.58,22.88,23.38,11430400,0.0,0.0
2008-10-08,22.88,24.54,22.47,23.95,12246300,0.0,0.0
2008-10-09,25.6,25.6,23.57,24.38,15794200,0.0,0.0
2008-10-10,23.16,25.72,20.96,24.79,27620400,0.0,0.0
2008-10-13,25.52,25.72,23.42,25.44,19772000,0.0,0.0
2008-10-14,26.37,26.78,23.28,23.77,18778800,0.0,0.0
2008-10-15,23.8,23.91,21.07,21.43,14958800,0.0,0.0
2008-10-16,21.2,22.79,20.46,22.57,16313600,0.0,0.0
2008-10-17,21.87,22.89,21.06,21.65,14255400,0.069,0.0
2008-10-20,22.31,23.38,21.82,23.21,10644500,0.0,0.0
2008-10-21,22.84,24.85,22.82,23.95,13808800,0.0,0.0
2008-10-22,23.47,23.72,22.55,23.21,12598500,0.0,0.0
2008-10-23,23.37,24.26,21.93,23.23,14277500,0.0,0.0
2008-10-24,21.81,23.01,21.52,22.34,12076400,0.0,0.0
2008-10-27,22.09,22.4,19.51,19.65,19777100,0.0,0.0
2008-10-28,20.08,22.48,19.59,22.38,21089800,0.0,0.0
2008-10-29,22.42,22.42,20.9,21.17,19077500,0.0,0.0
2008-10-30,22.0,23.86,22.0,23.59,19595300,0.0,0.0
2008-10-31,23.53,25.57,23.53,24.66,17158100,0.0,0.0
2008-11-03,24.65,25.24,24.19,24.81,7797500,0.0,0.0
2008-11-04,25.31,26.15,24.99,25.56,11239800,0.0,0.0
2008-11-05,25.32,26.17,24.51,24.69,11403600,0.0,0.0
2008-11-06,24.44,25.01,23.78,24.02,11071600,0.0,0.0
2008-11-07,24.12,24.53,23.82,24.38,8000000,0.0,0.0
2008-11-10,24.73,25.08,23.35,23.89,8826200,0.0,0.0
2008-11-11,23.7,24.23,22.7,23.23,9700200,0.0,0.0
2008-11-12,22.9,23.37,22.63,22.79,9144300,0.0,0.0
2008-11-13,22.55,24.94,22.31,24.73,14460600,0.0,0.0
2008-11-14,24.26,24.94,23.16,23.58,11938200,0.0,0.0
2008-11-17,23.27,23.35,22.38,22.74,12553300,0.0,0.0
2008-11-18,22.75,23.31,22.34,23.19,11188900,0.0,0.0
2008-11-19,23.11,24.01,22.3,22.4,10735800,0.0,0.0
2008-11-20,22.13,23.44,21.25,21.56,16245500,0.0,0.0
2008-11-21,22.12,22.12,18.66,21.23,26030300,0.0,0.0
2008-11-24,21.51,23.31,21.11,22.83,13256500,0.0,0.0
2008-11-25,23.13,23.89,21.85,22.38,13326400,0.0,0.0
2008-11-26,21.93,22.6,21.32,22.46,13109300,0.0,0.0
2008-11-28,22.41,23.33,22.4,23.28,5513500,0.0,0.0
2008-12-01,22.71,23.24,21.7,21.78,9903600,0.0,0.0
2008-12-02,22.03,22.19,21.29,21.79,10318200,0.0,0.0
2008-12-03,21.19,21.94,20.62,21.19,15187600,0.0,0.0
2008-12-04,20.95,22.64,20.66,21.71,11437300,0.0,0.0
2008-12-05,21.43,22.59,20.86,22.43,10778200,0.0,0.0
2008-12-08,22.92,23.3,21.85,22.9,12380300,0.0,0.0
2008-12-09,22.69,23.72,22.57,22.75,11494900,0.0,0.0
2008-12-10,22.88,23.55,22.49,23.41,10159600,0.0,0.0
2008-12-11,23.37,23.86,23.09,23.17,10060300,0.0,0.0
2008-12-12,22.51,23.09,22.38,22.89,7071400,0.0,0.0
2008-12-15,22.96,23.33,22.27,22.51,7686000,0.0,0.0
2008-12-16,22.68,22.76,21.52,22.32,15601100,0.0,0.0
2008-12-17,21.85,22.06,21.0,21.33,16017700,0.0,0.0
2008-12-18,21.53,22.18,21.17,21.94,12019000,0.0,0.0
2008-12-19,22.61,22.61,21.32,21.69,17276900,0.0,0.0
2008-12-22,21.24,21.65,19.98,21.65,15754500,0.0,0.0
2008-12-23,21.68,21.98,21.15,21.34,8299700,0.0,0.0
2008-12-24,21.39,21.81,21.29,21.76,2948400,0.0,0.0
2008-12-26,21.85,21.85,21.33,21.51,3609300,0.0,0.0
2008-12-29,21.54,21.99,21.48,21.91,5781600,0.0,0.0
2008-12-30,22.04,22.85,22.03,22.79,8265300,0.0,0.0
2008-12-31,22.89,23.26,22.82,23.12,6644700,0.0,0.0
2009-01-02,23.18,23.78,22.98,23.64,6352800,0.0,0.0
2009-01-05,23.63,24.18,23.63,23.98,8583800,0.0,0.0
2009-01-06,24.14,24.52,23.41,23.62,8914400,0.0,0.0
2009-01-07,23.34,23.8,23.13,23.65,6758100,0.0,0.0
2009-01-08,22.88,23.65,22.49,23.61,8779900,0.0,0.0
2009-01-09,21.72,21.8,20.52,20.67,47044900,0.0,0.0
2009-01-12,20.91,20.91,19.79,20.06,21745300,0.0,0.0
2009-01-13,20.08,21.6,19.44,21.48,32529300,0.0,0.0
2009-01-14,21.02,21.48,20.76,20.84,22730600,0.0,0.0
2009-01-15,20.8,21.25,20.56,21.05,13804700,0.0,0.0
2009-01-16,21.25,21.72,21.06,21.59,13394500,0.0,0.0
2009-01-20,21.56,21.6,20.94,21.07,13949700,0.0,0.0
2009-01-21,21.38,21.45,20.85,21.26,13800600,0.076,0.0
2009-01-22,20.8,22.35,20.78,22.06,17449300,0.0,0.0
2009-01-23,21.67,22.79,21.47,22.38,16093900,0.0,0.0
2009-01-26,22.74,23.04,22.13,22.54,10415600,0.0,0.0
2009-01-27,22.64,22.81,22.1,22.26,12131200,0.0,0.0
2009-01-28,22.55,22.98,22.47,22.67,10437600,0.0,0.0
2009-01-29,22.54,22.69,22.02,22.09,9216700,0.0,0.0
2009-01-30,22.22,22.22,21.48,21.69,11672300,0.0,0.0
2009-02-02,21.43,21.89,21.3,21.62,7683000,0.0,0.0
2009-02-03,21.75,22.18,21.38,22.12,11340000,0.0,0.0
2009-02-04,22.14,22.76,21.85,22.18,8743200,0.0,0.0
2009-02-05,21.97,23.16,21.93,23.05,10502000,0.0,0.0
2009-02-06,23.0,23.51,22.8,23.43,9747200,0.0,0.0
2009-02-09,23.38,23.38,22.56,23.14,8463800,0.0,0.0
2009-02-10,23.08,23.14,22.25,22.43,10172500,0.0,0.0
2009-02-11,22.58,22.7,21.82,22.31,9761200,0.0,0.0
2009-02-12,22.05,22.72,21.75,22.65,8108100,0.0,0.0
2009-02-13,22.63,22.68,22.04,22.17,7813200,0.0,0.0
2009-02-17,21.79,22.24,21.47,22.03,11405700,0.0,0.0
2009-02-18,22.13,22.18,21.72,21.78,11241200,0.0,0.0
2009-02-19,23.12,23.89,22.97,23.17,18128100,0.0,0.0
2009-02-20,22.96,23.44,22.3,22.45,16169900,0.0,0.0
2009-02-23,22.68,23.01,21.66,21.75,10928400,0.0,0.0
2009-02-24,21.76,22.05,21.41,21.76,13211100,0.0,0.0
2009-02-25,21.7,21.83,21.04,21.34,12001900,0.0,0.0
2009-02-26,21.48,21.72,20.59,20.88,14398600,0.0,0.0
2009-02-27,20.77,21.12,20.63,20.77,12769400,0.0,0.0
2009-03-02,20.63,20.7,19.85,20.46,16766900,0.0,0.0
2009-03-03,20.64,20.74,19.83,19.85,15893300,0.0,0.0
2009-03-04,20.06,21.06,19.73,20.64,16266800,0.0,0.0
2009-03-05,20.33,20.52,19.74,19.92,13798700,0.0,0.0
2009-03-06,20.04,20.25,19.18,19.74,11878800,0.0,0.0
2009-03-09,19.53,19.84,19.16,19.35,9123000,0.0,0.0
2009-03-10,19.6,20.21,19.35,20.11,15470500,0.0,0.0
2009-03-11,20.19,20.79,20.16,20.35,11612800,0.0,0.0
2009-03-12,20.36,21.14,20.17,21.08,9052400,0.0,0.0
2009-03-13,21.17,21.99,20.86,21.41,10884700,0.0,0.0
2009-03-16,21.6,22.19,21.43,21.67,8640800,0.0,0.0
2009-03-17,21.66,22.32,21.56,22.32,7499400,0.0,0.0
2009-03-18,22.24,22.87,21.92,22.16,13956600,0.0,0.0
2009-03-19,22.31,22.31,21.26,21.51,9814000,0.0,0.0
2009-03-20,21.54,21.97,21.37,21.54,12444700,0.0,0.0
2009-03-23,21.91,22.91,21.83,22.89,11327600,0.0,0.0
2009-03-24,22.63,23.47,22.4,23.03,12301700,0.0,0.0
2009-03-25,23.04,24.0,22.87,23.58,10360600,0.0,0.0
2009-03-26,23.38,23.4,22.55,23.08,16145900,0.0,0.0
2009-03-27,22.89,23.18,22.66,22.8,8051200,0.0,0.0
2009-03-30,22.27,22.47,21.67,22.03,8313200,0.0,0.0
2009-03-31,22.14,22.58,21.83,22.18,9197700,0.0,0.0
2009-04-01,21.99,22.84,21.85,22.68,11651900,0.0,0.0
2009-04-02,23.05,23.88,22.97,23.72,12127600,0.0,0.0
2009-04-03,23.68,23.85,22.72,22.96,11747200,0.0,0.0
2009-04-06,23.02,23.42,22.39,23.39,10037000,0.0,0.0
2009-04-07,23.13,23.25,22.9,23.05,5827200,0.0,0.0
2009-04-08,23.18,23.81,23.1,23.81,9118700,0.0,0.0
2009-04-09,23.72,24.4,23.42,24.28,8547700,0.0,0.0
2009-04-13,24.18,24.52,23.79,24.13,7108900,0.0,0.0
2009-04-14,23.86,24.06,23.49,23.79,8749500,0.0,0.0
2009-04-15,23.82,23.91,23.35,23.6,9457200,0.0,0.0
2009-04-16,23.76,24.77,23.56,24.57,11743800,0.0,0.0
2009-04-17,24.59,24.83,24.28,24.32,9331600,0.0,0.0
2009-04-20,24.21,24.37,23.38,23.57,11839000,0.076,0.0
2009-04-21,23.51,24.78,23.51,24.44,11963900,0.0,0.0
2009-04-22,24.21,24.88,24.04,24.5,10947200,0.0,0.0
2009-04-23,24.45,24.49,23.47,23.92,12072100,0.0,0.0
2009-04-24,24.09,24.31,23.81,24.05,9806300,0.0,0.0
2009-04-27,24.46,24.54,24.04,24.21,8162000,0.0,0.0
2009-04-28,24.48,25.42,24.29,24.91,14755900,0.0,0.0
2009-04-29,24.92,25.52,24.63,24.92,10273100,0.0,0.0
2009-04-30,25.14,25.8,25.08,25.71,13293600,0.0,0.0
2009-05-01,25.75,26.11,25.37,26.1,8564800,0.0,0.0
2009-05-04,26.11,26.11,25.49,25.91,13664800,0.0,0.0
2009-05-05,27.13,27.68,25.17,25.73,24047500,0.0,0.0
2009-05-06,25.98,26.47,25.56,25.86,10100900,0.0,0.0
2009-05-07,25.82,26.08,25.43,25.72,12319100,0.0,0.0
2009-05-08,25.99,26.27,25.56,25.98,10539700,0.0,0.0
2009-05-11,25.68,26.66,25.53,26.37,11365000,0.0,0.0
2009-05-12,26.51,26.83,26.17,26.68,11065600,0.0,0.0
2009-05-13,26.59,26.65,25.45,25.85,12371300,0.0,0.0
2009-05-14,25.83,26.2,25.52,25.84,11652300,0.0,0.0
2009-05-15,25.62,26.03,24.45,24.92,17666200,0.0,0.0
2009-05-18,25.07,25.43,24.55,25.35,12310700,0.0,0.0
2009-05-19,25.48,25.56,25.01,25.03,8798700,0.0,0.0
2009-05-20,25.15,25.18,24.08,24.14,16910100,0.0,0.0
2009-05-21,23.9,24.25,23.69,23.98,10285700,0.0,0.0
2009-05-22,24.07,24.3,23.74,23.89,5406900,0.0,0.0
2009-05-26,23.75,24.59,23.74,24.16,12320000,0.0,0.0
2009-05-27,24.22,24.27,23.43,23.45,13756000,0.0,0.0
2009-05-28,23.56,24.06,23.46,23.98,13373700,0.0,0.0
2009-05-29,24.03,24.17,23.75,24.11,9455200,0.0,0.0
2009-06-01,24.15,24.89,24.15,24.76,12633500,0.0,0.0
2009-06-02,24.83,25.68,24.56,25.35,10557300,0.0,0.0
2009-06-03,25.11,25.23,24.44,24.76,10661400,0.0,0.0
2009-06-04,24.41,24.96,24.11,24.55,8074700,0.0,0.0
2009-06-05,25.1,25.21,24.29,24.42,11902900,0.0,0.0
2009-06-08,24.35,25.11,24.27,24.9,8728000,0.0,0.0
2009-06-09,25.01,25.01,24.7,24.93,5349900,0.0,0.0
2009-06-10,24.96,25.15,24.4,24.66,7055400,0.0,0.0
2009-06-11,24.61,24.88,24.27,24.49,10222500,0.0,0.0
2009-06-12,24.33,24.56,24.19,24.55,7274400,0.0,0.0
2009-06-15,24.42,24.43,24.03,24.25,8276000,0.0,0.0
2009-06-16,24.37,24.43,24.12,24.29,11879600,0.0,0.0
2009-06-17,24.32,25.26,24.32,24.97,12841900,0.0,0.0
2009-06-18,24.96,25.28,24.8,25.12,7052400,0.0,0.0
2009-06-19,25.24,25.89,25.24,25.7,14958300,0.0,0.0
2009-06-22,25.27,25.58,25.05,25.18,9556200,0.0,0.0
2009-06-23,25.2,25.32,24.76,25.01,8140600,0.0,0.0
2009-06-24,24.88,25.34,24.84,25.14,8339900,0.0,0.0
2009-06-25,24.87,25.43,24.81,25.24,8617800,0.0,0.0
2009-06-26,25.23,25.56,25.07,25.37,16267700,0.0,0.0
2009-06-29,25.38,26.25,25.26,25.99,10084600,0.0,0.0
2009-06-30,26.04,26.25,25.62,25.78,11943500,0.0,0.0
2009-07-01,25.84,25.9,25.5,25.69,10210300,0.0,0.0
2009-07-02,25.45,25.69,25.1,25.14,9348900,0.0,0.0
2009-07-06,24.97,25.44,24.89,25.28,9988100,0.0,0.0
2009-07-07,25.28,25.28,24.74,24.82,10721500,0.0,0.0
2009-07-08,24.86,25.35,24.85,25.2,12330500,0.0,0.0
2009-07-09,25.22,25.32,24.76,25.13,7447400,0.0,0.0
2009-07-10,24.97,25.22,24.8,25.0,8633800,0.0,0.0
2009-07-13,25.07,25.66,24.9,25.63,9625700,0.0,0.0
2009-07-14,25.55,25.65,25.15,25.38,8936700,0.0,0.0
2009-07-15,25.56,25.86,25.37,25.69,9846100,0.0,0.0
2009-07-16,25.64,26.09,25.63,25.94,10184000,0.0,0.0
2009-07-17,25.94,26.56,25.94,26.49,9432000,0.0,0.0
2009-07-20,26.55,26.9,26.34,26.65,9655500,0.0,0.0
2009-07-21,26.99,27.08,26.34,26.64,9170300,0.076,0.0
2009-07-22,26.98,27.07,26.63,26.84,8394600,0.0,0.0
2009-07-23,26.9,27.44,26.57,27.16,9648600,0.0,0.0
2009-07-24,27.01,27.94,27.01,27.88,9887700,0.0,0.0
2009-07-27,27.84,27.96,27.08,27.61,8343600,0.0,0.0
2009-07-28,27.52,27.76,27.16,27.63,7269600,0.0,0.0
2009-07-29,27.55,27.85,27.29,27.5,9779100,0.0,0.0
2009-07-30,27.67,28.05,27.2,27.24,12130100,0.0,0.0
2009-07-31,27.26,27.49,26.93,27.15,10734300,0.0,0.0
2009-08-03,27.4,27.7,26.78,27.57,11003900,0.0,0.0
2009-08-04,28.39,28.79,27.07,27.55,19971900,0.0,0.0
2009-08-05,27.87,28.19,27.67,27.89,11933200,0.0,0.0
2009-08-06,27.93,28.06,27.53,27.67,7576300,0.0,0.0
2009-08-07,27.58,28.17,27.57,27.95,9198700,0.0,0.0
2009-08-10,27.93,28.22,27.8,28.18,7480300,0.0,0.0
2009-08-11,28.18,28.26,27.9,28.09,8511600,0.0,0.0
2009-08-12,27.66,28.53,27.63,28.15,9421500,0.0,0.0
2009-08-13,28.19,28.45,27.84,28.43,9321000,0.0,0.0
2009-08-14,28.4,28.49,27.73,28.18,7824300,0.0,0.0
2009-08-17,27.63,27.88,27.37,27.72,8047800,0.0,0.0
2009-08-18,27.81,27.98,27.64,27.97,7359700,0.0,0.0
2009-08-19,27.72,28.01,27.46,27.91,8007700,0.0,0.0
2009-08-20,27.97,28.46,27.77,28.4,8074200,0.0,0.0
2009-08-21,28.51,29.06,28.38,28.96,10101500,0.0,0.0
2009-08-24,29.2,29.23,28.99,29.14,7971300,0.0,0.0
2009-08-25,29.2,30.11,29.02,29.91,15126000,0.0,0.0
2009-08-26,29.92,30.12,29.59,29.99,12984100,0.0,0.0
2009-08-27,30.06,30.16,29.68,29.87,7485900,0.0,0.0
2009-08-28,30.04,30.07,29.52,29.82,8159100,0.0,0.0
2009-08-31,29.73,30.48,29.68,30.42,12269100,0.0,0.0
2009-09-01,30.35,30.61,29.86,29.97,11886800,0.0,0.0
2009-09-02,29.87,29.87,29.41,29.53,10429500,0.0,0.0
2009-09-03,29.47,29.74,29.2,29.7,9227700,0.0,0.0
2009-09-04,29.78,30.17,29.58,30.16,5866900,0.0,0.0
2009-09-08,30.26,30.26,29.52,29.76,8715700,0.0,0.0
2009-09-09,29.71,29.82,29.34,29.71,9056600,0.0,0.0
2009-09-10,29.71,29.82,29.56,29.73,8918400,0.0,0.0
2009-09-11,29.84,30.0,29.54,29.62,7539500,0.0,0.0
2009-09-14,29.39,29.7,29.38,29.62,6986300,0.0,0.0
2009-09-15,29.69,29.78,29.35,29.55,8321000,0.0,0.0
2009-09-16,29.57,29.97,29.52,29.97,8536400,0.0,0.0
2009-09-17,29.92,30.0,29.44,29.51,12759500,0.0,0.0
2009-09-18,29.64,29.65,29.14,29.18,17045600,0.0,0.0
2009-09-21,28.99,29.43,28.92,29.34,12523200,0.0,0.0
2009-09-22,29.33,29.41,29.01,29.26,9753700,0.0,0.0
2009-09-23,29.18,29.6,29.06,29.26,14269400,0.0,0.0
2009-09-24,29.09,29.18,27.93,28.54,15280800,0.0,0.0
2009-09-25,28.54,28.94,28.35,28.54,9724800,0.0,0.0
2009-09-28,28.66,28.76,28.23,28.28,14731500,0.0,0.0
2009-09-29,29.49,29.57,28.83,29.25,22020400,0.0,0.0
2009-09-30,29.16,29.23,28.78,28.98,12945000,0.0,0.0
2009-10-01,28.87,29.28,28.66,29.09,13126900,0.0,0.0
2009-10-02,28.96,29.26,28.59,28.64,18267900,0.0,0.0
2009-10-05,28.54,28.68,28.07,28.2,14991100,0.0,0.0
2009-10-06,28.31,28.45,27.5,28.1,22072300,0.0,0.0
2009-10-07,28.11,29.01,28.0,28.89,14572400,0.0,0.0
2009-10-08,29.07,29.67,29.01,29.35,11427700,0.0,0.0
2009-10-09,29.39,29.59,29.22,29.58,6744700,0.0,0.0
2009-10-12,29.63,29.63,29.39,29.52,4722900,0.0,0.0
2009-10-13,29.78,30.08,29.58,29.78,9967400,0.0,0.0
2009-10-14,29.97,30.41,29.94,30.33,9266700,0.0,0.0
2009-10-15,30.21,30.89,30.11,30.82,9605300,0.0,0.0
2009-10-16,30.74,30.75,30.24,30.57,9145900,0.0,0.0
2009-10-19,30.59,30.93,30.44,30.78,6722000,0.0,0.0
2009-10-20,30.95,30.98,30.51,30.72,8566600,0.076,0.0
2009-10-21,30.67,31.09,30.23,30.26,7963800,0.0,0.0
2009-10-22,30.23,30.81,30.14,30.66,6802400,0.0,0.0
2009-10-23,30.69,30.74,30.01,30.19,7073900,0.0,0.0
2009-10-26,30.25,30.33,29.59,29.66,8975200,0.0,0.0
2009-10-27,29.66,29.93,29.12,29.27,12920800,0.0,0.0
2009-10-28,29.16,29.42,28.89,28.93,7968100,0.0,0.0
2009-10-29,29.27,29.65,28.88,29.58,7572800,0.0,0.0
2009-10-30,29.53,29.7,28.64,28.68,10728600,0.0,0.0
2009-11-02,28.88,29.28,28.68,29.05,7630300,0.0,0.0
2009-11-03,29.01,29.36,28.61,28.79,7931000,0.0,0.0
2009-11-04,29.1,29.79,29.01,29.37,12665700,0.0,0.0
2009-11-05,23.12,24.08,22.25,23.46,185123500,0.0,0.0
2009-11-06,23.58,24.4,23.46,24.2,48999400,0.0,0.0
2009-11-09,24.37,25.17,24.33,25.11,33645600,0.0,0.0
2009-11-10,24.81,24.99,24.14,24.26,30357200,0.0,0.0
2009-11-11,24.5,24.89,24.21,24.37,30179200,0.0,0.0
2009-11-12,24.24,24.5,23.9,24.11,26379700,0.0,0.0
2009-11-13,24.26,24.68,24.23,24.58,18320800,0.0,0.0
2009-11-16,24.81,24.94,24.44,24.53,17578900,0.0,0.0
2009-11-17,24.5,24.78,24.37,24.73,13330700,0.0,0.0
2009-11-18,24.69,24.98,24.55,24.94,16219200,0.0,0.0
2009-11-19,24.78,25.51,24.73,25.25,25046300,0.0,0.0
2009-11-20,25.3,25.76,25.27,25.71,27276000,0.0,0.0
2009-11-23,25.93,26.22,25.85,25.91,19636400,0.0,0.0
2009-11-24,25.8,26.06,25.65,25.67,14163700,0.0,0.0
2009-11-25,25.84,25.93,25.5,25.62,12348800,0.0,0.0
2009-11-27,24.96,25.5,24.93,25.35,5377900,0.0,0.0
2009-11-30,25.28,25.36,25.11,25.2,10831700,0.0,0.0
2009-12-01,25.34,25.67,25.2,25.33,10674700,0.0,0.0
2009-12-02,24.97,25.38,24.81,25.28,14261600,0.0,0.0
2009-12-03,25.28,25.37,24.95,25.02,12615300,0.0,0.0
2009-12-04,25.16,25.44,24.85,24.99,12910600,0.0,0.0
2009-12-07,25.02,25.19,24.95,25.07,10526400,0.0,0.0
2009-12-08,25.15,25.15,24.68,24.83,16128700,0.0,0.0
2009-12-09,24.83,25.26,24.77,25.21,14589100,0.0,0.0
2009-12-10,25.42,25.67,25.33,25.59,9689500,0.0,0.0
2009-12-11,25.84,26.35,25.84,26.18,16492500,0.0,0.0
2009-12-14,26.3,26.37,26.13,26.29,10937100,0.0,0.0
2009-12-15,26.19,26.23,25.75,25.8,16689300,0.0,0.0
2009-12-16,25.88,25.88,25.07,25.13,37292600,0.0,0.0
2009-12-17,25.07,25.48,24.7,25.35,21801600,0.0,0.0
2009-12-18,25.41,25.42,24.98,25.33,20372600,0.0,0.0
2009-12-21,25.87,26.63,25.8,26.24,21198400,0.0,0.0
2009-12-22,26.3,26.47,26.18,26.25,7086300,0.0,0.0
2009-12-23,26.28,26.37,25.99,26.07,5900700,0.0,0.0
2009-12-24,26.05,26.19,26.04,26.11,2184900,0.0,0.0
2009-12-28,26.2,26.45,26.13,26.32,5454400,0.0,0.0
2009-12-29,26.44,26.58,26.31,26.53,6313900,0.0,0.0
2009-12-30,26.45,26.65,26.37,26.58,5340000,0.0,0.0
2009-12-31,26.5,26.62,26.15,26.17,4962600,0.0,0.0
2010-01-04,26.35,26.86,26.31,26.8,14676800,0.0,0.0
2010-01-05,26.76,26.84,26.54,26.69,7512000,0.0,0.0
2010-01-06,26.37,26.8,26.29,26.45,11319600,0.0,0.0
2010-01-07,26.49,27.52,26.45,27.43,17940200,0.0,0.0
2010-01-08,27.36,27.96,27.23,27.62,21856500,0.0,0.0
2010-01-11,27.77,27.77,27.41,27.57,9829000,0.0,0.0
2010-01-12,27.51,27.6,27.16,27.27,11745000,0.0,0.0
2010-01-13,27.11,27.71,26.99,27.6,11407200,0.0,0.0
2010-01-14,27.45,27.67,27.33,27.58,9664800,0.0,0.0
2010-01-15,27.58,27.74,27.32,27.55,14320000,0.0,0.0
2010-01-19,27.49,27.67,27.37,27.58,8592900,0.0,0.0
2010-01-20,27.56,27.73,27.31,27.57,9541300,0.088,0.0
2010-01-21,27.53,27.67,26.98,27.08,12078000,0.0,0.0
2010-01-22,26.94,27.55,26.64,27.08,10972000,0.0,0.0
2010-01-25,27.25,27.25,26.88,26.91,7404100,0.0,0.0
2010-01-26,26.83,27.04,26.69,26.73,7440300,0.0,0.0
2010-01-27,26.62,26.91,26.26,26.45,10626700,0.0,0.0
2010-01-28,26.54,27.09,26.3,26.34,13955400,0.0,0.0
2010-01-29,26.43,26.88,26.34,26.37,11500200,0.0,0.0
2010-02-01,26.53,26.84,26.42,26.82,7311100,0.0,0.0
2010-02-02,26.87,27.38,26.57,27.19,9421200,0.0,0.0
2010-02-03,26.64,26.91,26.34,26.41,13361800,0.0,0.0
2010-02-04,26.41,26.41,25.36,25.37,15837600,0.0,0.0
2010-02-05,25.36,25.66,24.73,25.31,25372800,0.0,0.0
2010-02-08,27.63,27.63,26.36,26.65,36924800,0.0,0.0
2010-02-09,27.05,27.09,26.39,26.65,15547500,0.0,0.0
2010-02-10,26.69,26.76,26.34,26.66,8070100,0.0,0.0
2010-02-11,26.65,27.12,26.6,27.05,10367800,0.0,0.0
2010-02-12,27.0,27.14,26.69,26.87,10772300,0.0,0.0
2010-02-16,27.0,27.4,26.91,27.31,7642400,0.0,0.0
2010-02-17,27.48,27.82,27.39,27.69,9118400,0.0,0.0
2010-02-18,27.7,27.9,27.58,27.79,8455400,0.0,0.0
2010-02-19,27.76,28.04,27.53,27.95,7935700,0.0,0.0
2010-02-22,28.03,28.1,27.79,27.88,6978800,0.0,0.0
2010-02-23,27.78,27.89,27.4,27.82,10182000,0.0,0.0
2010-02-24,27.87,28.13,27.82,28.11,7587900,0.0,0.0
2010-02-25,27.7,28.13,27.59,27.7,13221900,0.0,0.0
2010-02-26,27.72,27.75,27.41,27.49,12715400,0.0,0.0
2010-03-01,27.59,28.09,27.53,28.03,11964100,0.0,0.0
2010-03-02,28.08,28.31,27.99,28.23,9878200,0.0,0.0
2010-03-03,28.13,28.49,28.08,28.3,8414200,0.0,0.0
2010-03-04,28.37,28.58,28.19,28.41,10790800,0.0,0.0
2010-03-05,28.45,28.64,28.29,28.54,6873700,0.0,0.0
2010-03-08,28.58,28.64,28.32,28.37,4710600,0.0,0.0
2010-03-09,28.32,28.51,28.15,28.25,6657600,0.0,0.0
2010-03-10,28.23,28.52,28.14,28.39,6590400,0.0,0.0
2010-03-11,28.36,28.43,28.05,28.23,8626700,0.0,0.0
2010-03-12,28.3,28.36,28.06,28.21,6330100,0.0,0.0
2010-03-15,28.16,28.41,27.97,28.29,5650000,0.0,0.0
2010-03-16,28.29,28.59,28.19,28.45,7861200,0.0,0.0
2010-03-17,28.49,28.84,28.36,28.68,7652700,0.0,0.0
2010-03-18,28.76,28.76,28.46,28.58,7255900,0.0,0.0
2010-03-19,28.14,28.72,27.88,28.14,16438000,0.0,0.0
2010-03-22,28.09,28.74,27.97,28.67,13113800,0.0,0.0
2010-03-23,28.84,29.33,28.69,29.26,11595200,0.0,0.0
2010-03-24,29.25,29.41,28.85,28.93,10334500,0.0,0.0
2010-03-25,29.09,29.77,29.07,29.67,15189400,0.0,0.0
2010-03-26,29.72,30.14,29.72,29.97,14978400,0.0,0.0
2010-03-29,29.99,30.25,29.74,30.2,13182300,0.0,0.0
2010-03-30,30.2,30.4,30.05,30.16,8150800,0.0,0.0
2010-03-31,30.07,30.12,29.72,29.78,7802100,0.0,0.0
2010-04-01,29.42,29.74,29.37,29.51,14384900,0.0,0.0
2010-04-05,29.54,29.57,29.21,29.33,9693500,0.0,0.0
2010-04-06,29.23,29.33,29.09,29.2,7201200,0.0,0.0
2010-04-07,29.19,29.2,28.95,29.05,8613700,0.0,0.0
2010-04-08,29.01,29.91,28.98,29.71,13672000,0.0,0.0
2010-04-09,29.61,30.35,29.61,30.33,11278600,0.0,0.0
2010-04-12,30.08,30.3,30.02,30.12,9311800,0.0,0.0
2010-04-13,30.02,30.34,29.81,30.29,8166100,0.0,0.0
2010-04-14,30.19,30.4,30.05,30.35,9404100,0.0,0.0
2010-04-15,30.28,30.7,30.16,30.44,10477800,0.0,0.0
2010-04-16,30.37,30.73,30.24,30.25,13510900,0.0,0.0
2010-04-19,30.12,30.31,29.9,30.16,7791900,0.0,0.0
2010-04-20,30.18,30.49,30.18,30.3,7342900,0.0,0.0
2010-04-21,30.41,30.54,29.88,30.13,9747700,0.088,0.0
2010-04-22,30.12,30.28,29.89,30.07,7911300,0.0,0.0
2010-04-23,30.05,30.29,29.82,30.22,8979600,0.0,0.0
2010-04-26,30.15,30.31,30.02,30.11,10710900,0.0,0.0
2010-04-27,29.98,30.22,29.56,29.61,11384200,0.0,0.0
2010-04-28,29.71,30.6,29.68,30.3,15631300,0.0,0.0
2010-04-29,30.47,30.72,30.38,30.42,8509200,0.0,0.0
2010-04-30,30.33,30.88,30.1,30.15,12803300,0.0,0.0
2010-05-03,30.2,30.56,29.94,30.28,9472000,0.0,0.0
2010-05-04,29.88,30.53,29.62,29.79,10297600,0.0,0.0
2010-05-05,29.66,30.11,29.31,29.44,9594700,0.0,0.0
2010-05-06,29.4,29.64,27.39,28.77,14949800,0.0,0.0
2010-05-07,28.73,28.99,27.71,28.46,15890300,0.0,0.0
2010-05-10,29.33,29.59,29.14,29.53,9067000,0.0,0.0
2010-05-11,29.34,29.73,29.11,29.19,8788200,0.0,0.0
2010-05-12,29.25,29.71,29.13,29.66,6643200,0.0,0.0
2010-05-13,29.62,30.07,29.27,29.8,9356700,0.0,0.0
2010-05-14,29.61,29.76,29.03,29.22,10421600,0.0,0.0
2010-05-17,29.3,29.39,28.79,29.29,6777100,0.0,0.0
2010-05-18,29.45,29.45,28.6,28.74,13181500,0.0,0.0
2010-05-19,28.62,28.64,28.24,28.54,11833500,0.0,0.0
2010-05-20,27.94,28.14,27.55,27.65,14021600,0.0,0.0
2010-05-21,27.13,28.02,27.1,28.01,14841500,0.0,0.0
2010-05-24,27.87,28.04,27.66,27.72,9217800,0.0,0.0
2010-05-25,27.04,27.85,26.99,27.82,16577800,0.0,0.0
2010-05-26,27.92,28.06,27.48,27.57,15421700,0.0,0.0
2010-05-27,27.83,28.26,27.73,28.24,12019700,0.0,0.0
2010-05-28,28.23,28.56,27.88,28.28,19128400,0.0,0.0
2010-06-01,28.09,28.52,27.76,28.04,12359300,0.0,0.0
2010-06-02,28.16,28.75,28.14,28.74,11578700,0.0,0.0
2010-06-03,28.71,28.83,28.18,28.63,7212900,0.0,0.0
2010-06-04,28.13,28.23,27.47,27.59,11875500,0.0,0.0
2010-06-07,25.26,26.16,24.19,25.35,50088700,0.0,0.0
2010-06-08,25.28,25.6,25.08,25.44,24171700,0.0,0.0
2010-06-09,25.52,25.68,24.74,25.04,24847200,0.0,0.0
2010-06-10,25.2,26.11,25.17,26.05,23754700,0.0,0.0
2010-06-11,25.88,26.23,25.63,26.19,16015000,0.0,0.0
2010-06-14,26.45,26.74,25.99,26.02,15508200,0.0,0.0
2010-06-15,26.04,26.34,26.01,26.3,14741600,0.0,0.0
2010-06-16,26.18,26.34,25.98,26.03,15939600,0.0,0.0
2010-06-17,26.11,26.19,25.78,26.0,9714700,0.0,0.0
2010-06-18,27.31,27.35,26.47,26.48,24300000,0.0,0.0
2010-06-21,26.87,26.98,25.88,25.95,12220800,0.0,0.0
2010-06-22,25.64,26.0,25.6,25.64,11923900,0.0,0.0
2010-06-23,25.64,25.84,25.46,25.66,13838400,0.0,0.0
2010-06-24,25.48,25.54,24.91,25.14,13355600,0.0,0.0
2010-06-25,25.12,25.21,24.94,24.99,15624300,0.0,0.0
2010-06-28,25.04,25.38,24.91,25.22,8500800,0.0,0.0
2010-06-29,24.96,25.03,24.19,24.35,17858600,0.0,0.0
2010-06-30,24.45,24.7,23.86,23.94,14228800,0.0,0.0
2010-07-01,23.83,23.92,23.25,23.87,16773300,0.0,0.0
2010-07-02,23.89,24.12,23.57,23.74,7185400,0.0,0.0
2010-07-06,23.92,24.15,23.12,23.31,15013800,0.0,0.0
2010-07-07,23.51,23.79,23.11,23.79,17175500,0.0,0.0
2010-07-08,23.97,24.1,23.65,24.03,11450000,0.0,0.0
2010-07-09,24.07,24.39,23.88,24.33,8522400,0.0,0.0
2010-07-12,24.29,24.53,24.23,24.47,7756800,0.0,0.0
2010-07-13,24.59,25.05,24.59,24.95,10360200,0.0,0.0
2010-07-14,24.92,25.13,24.68,25.04,6297700,0.0,0.0
2010-07-15,25.03,25.18,24.68,25.13,7820200,0.0,0.0
2010-07-16,25.0,25.12,24.46,24.53,10504500,0.0,0.0
2010-07-19,24.57,24.75,24.41,24.63,8211700,0.0,0.0
2010-07-20,24.44,25.01,24.39,24.97,7235000,0.088,0.0
2010-07-21,25.11,25.11,24.44,24.54,8985700,0.0,0.0
2010-07-22,24.76,25.22,23.91,24.5,17824000,0.0,0.0
2010-07-23,24.52,25.49,24.47,25.33,12284100,0.0,0.0
2010-07-26,25.4,25.58,25.04,25.39,6062400,0.0,0.0
2010-07-27,25.44,25.54,25.01,25.06,8069400,0.0,0.0
2010-07-28,24.16,26.28,24.16,25.83,28020900,0.0,0.0
2010-07-29,25.65,26.16,25.06,25.3,15087600,0.0,0.0
2010-07-30,25.08,25.3,24.86,25.13,10946100,0.0,0.0
2010-08-02,25.4,25.58,25.26,25.49,7944100,0.0,0.0
2010-08-03,25.31,25.59,25.2,25.27,7515200,0.0,0.0
2010-08-04,25.25,25.47,25.03,25.03,9054400,0.0,0.0
2010-08-05,24.81,24.96,24.62,24.67,12994100,0.0,0.0
2010-08-06,24.45,24.58,24.08,24.44,9972000,0.0,0.0
2010-08-09,24.64,24.64,24.38,24.57,6424300,0.0,0.0
2010-08-10,24.46,24.54,24.12,24.31,5557900,0.0,0.0
2010-08-11,24.01,24.09,23.36,23.44,10788000,0.0,0.0
2010-08-12,23.29,23.91,23.18,23.7,12059300,0.0,0.0
2010-08-13,23.66,23.76,23.46,23.5,8719700,0.0,0.0
2010-08-16,23.4,23.59,23.26,23.5,5276600,0.0,0.0
2010-08-17,23.59,23.87,23.51,23.65,6424400,0.0,0.0
2010-08-18,23.58,23.92,23.42,23.79,7779400,0.0,0.0
2010-08-19,23.74,23.79,23.34,23.36,10499600,0.0,0.0
2010-08-20,23.36,23.4,22.89,22.92,13410500,0.0,0.0
2010-08-23,23.08,23.46,22.96,23.31,11243300,0.0,0.0
2010-08-24,23.0,23.16,22.82,22.87,10500000,0.0,0.0
2010-08-25,22.69,23.08,22.68,22.95,7718700,0.0,0.0
2010-08-26,23.18,23.18,22.73,22.73,6165600,0.0,0.0
2010-08-27,22.81,22.86,22.22,22.53,13479800,0.0,0.0
2010-08-30,22.5,22.83,22.44,22.45,5786200,0.0,0.0
2010-08-31,22.31,22.4,21.98,22.09,10353000,0.0,0.0
2010-09-01,22.0,22.92,22.0,22.91,12341300,0.0,0.0
2010-09-02,22.97,23.24,22.9,23.18,5537200,0.0,0.0
2010-09-03,23.36,23.77,23.35,23.49,6003500,0.0,0.0
2010-09-07,23.38,23.53,23.05,23.08,6056800,0.0,0.0
2010-09-08,23.1,23.45,23.02,23.33,6077800,0.0,0.0
2010-09-09,23.5,23.63,23.42,23.54,6355600,0.0,0.0
2010-09-10,23.63,23.87,23.56,23.77,5509800,0.0,0.0
2010-09-13,23.9,24.04,23.82,23.94,5365000,0.0,0.0
2010-09-14,23.73,24.13,23.73,23.97,6242000,0.0,0.0
2010-09-15,23.86,24.13,23.83,24.1,5586600,0.0,0.0
2010-09-16,24.1,24.22,23.97,24.14,5885100,0.0,0.0
2010-09-17,24.19,24.51,24.14,24.43,8889800,0.0,0.0
2010-09-20,24.53,24.9,24.36,24.81,7642700,0.0,0.0
2010-09-21,24.59,24.9,24.5,24.6,8570100,0.0,0.0
2010-09-22,24.58,24.79,24.45,24.64,4860700,0.0,0.0
2010-09-23,24.43,24.85,24.39,24.49,8044800,0.0,0.0
2010-09-24,24.85,25.53,24.68,25.39,10439000,0.0,0.0
2010-09-27,25.49,25.49,25.05,25.07,6643000,0.0,0.0
2010-09-28,25.6,25.96,25.32,25.76,12925000,0.0,0.0
2010-09-29,25.6,25.88,25.6,25.62,8364300,0.0,0.0
2010-09-30,25.66,26.0,25.58,25.77,8564400,0.0,0.0
2010-10-01,25.94,26.22,25.82,26.03,8486700,0.0,0.0
2010-10-04,25.91,26.3,25.67,25.74,6105600,0.0,0.0
2010-10-05,25.94,26.6,25.88,26.25,10511300,0.0,0.0
2010-10-06,26.25,26.54,26.17,26.54,7862000,0.0,0.0
2010-10-07,26.56,26.62,26.1,26.19,8987200,0.0,0.0
2010-10-08,25.46,25.75,25.07,25.59,22302100,0.0,0.0
2010-10-11,25.56,25.64,25.4,25.43,6981900,0.0,0.0
2010-10-12,25.34,25.47,25.2,25.35,8351900,0.0,0.0
2010-10-13,25.38,26.18,25.28,25.91,14309000,0.0,0.0
2010-10-14,25.93,25.99,25.35,25.59,7953300,0.0,0.0
2010-10-15,25.77,25.85,25.51,25.64,8178000,0.0,0.0
2010-10-18,25.59,25.67,25.37,25.59,7403700,0.0,0.0
2010-10-19,25.37,25.54,24.9,25.02,8000300,0.0,0.0
2010-10-20,25.09,25.6,25.08,25.48,6474300,0.088,0.0
2010-10-21,25.53,25.9,25.36,25.67,7681300,0.0,0.0
2010-10-22,25.63,26.0,25.57,25.76,7790400,0.0,0.0
2010-10-25,25.94,26.08,25.6,25.65,7958800,0.0,0.0
2010-10-26,25.54,25.67,25.11,25.27,11678000,0.0,0.0
2010-10-27,25.12,25.36,24.81,25.33,10250800,0.0,0.0
2010-10-28,25.39,25.39,25.01,25.18,9836500,0.0,0.0
2010-10-29,25.09,25.12,24.74,24.75,13280800,0.0,0.0
2010-11-01,24.89,24.98,24.39,24.56,10960600,0.0,0.0
2010-11-02,24.75,25.37,24.65,25.07,16851300,0.0,0.0
2010-11-03,24.89,25.54,24.89,25.35,16641100,0.0,0.0
2010-11-04,25.58,25.9,25.48,25.88,10626200,0.0,0.0
2010-11-05,25.88,25.94,25.19,25.41,11079100,0.0,0.0
2010-11-08,25.33,25.71,25.33,25.65,8818000,0.0,0.0
2010-11-09,25.67,25.79,25.38,25.48,8832800,0.0,0.0
2010-11-10,25.39,25.58,25.14,25.57,8552000,0.0,0.0
2010-11-11,25.48,25.52,25.23,25.35,8930300,0.0,0.0
2010-11-12,25.18,25.25,24.63,24.84,12041300,0.0,0.0
2010-11-15,24.87,24.98,24.66,24.68,7381800,0.0,0.0
2010-11-16,24.59,24.79,24.19,24.35,11385100,0.0,0.0
2010-11-17,24.43,24.7,24.37,24.5,8515500,0.0,0.0
2010-11-18,25.12,25.44,24.89,25.29,13437000,0.0,0.0
2010-11-19,25.3,25.49,25.27,25.48,9657700,0.0,0.0
2010-11-22,25.27,25.65,25.27,25.44,9134400,0.0,0.0
2010-11-23,25.2,25.47,25.04,25.46,10495200,0.0,0.0
2010-11-24,25.58,26.03,25.48,25.92,9411900,0.0,0.0
2010-11-26,25.59,25.77,25.53,25.58,3299200,0.0,0.0
2010-11-29,25.38,25.9,25.24,25.82,9972400,0.0,0.0
2010-11-30,25.6,25.71,25.44,25.46,10676300,0.0,0.0
2010-12-01,25.82,26.27,25.79,26.17,8974900,0.0,0.0
2010-12-02,26.26,26.61,26.2,26.26,9631000,0.0,0.0
2010-12-03,26.18,26.69,26.14,26.63,7413200,0.0,0.0
2010-12-06,26.57,26.72,26.4,26.71,6463200,0.0,0.0
2010-12-07,26.99,27.31,26.94,27.15,12362000,0.0,0.0
2010-12-08,27.1,27.46,27.05,27.35,9235800,0.0,0.0
2010-12-09,27.51,27.61,27.27,27.59,11272700,0.0,0.0
2010-12-10,27.59,27.73,27.28,27.64,8297100,0.0,0.0
2010-12-13,27.72,27.91,27.64,27.72,10681300,0.0,0.0
2010-12-14,27.75,28.07,27.75,27.99,8700400,0.0,0.0
2010-12-15,27.83,27.96,27.59,27.79,11929500,0.0,0.0
2010-12-16,27.79,28.38,27.78,28.38,10026400,0.0,0.0
2010-12-17,28.33,28.37,28.03,28.25,10891400,0.0,0.0
2010-12-20,28.42,28.42,28.06,28.22,7264200,0.0,0.0
2010-12-21,28.37,28.47,28.14,28.32,6278600,0.0,0.0
2010-12-22,28.72,29.12,28.59,28.7,9685300,0.0,0.0
2010-12-23,28.61,28.69,28.36,28.51,5185200,0.0,0.0
2010-12-27,28.4,28.55,28.27,28.46,2783300,0.0,0.0
2010-12-28,28.48,28.7,28.46,28.54,3455500,0.0,0.0
2010-12-29,28.53,28.73,28.49,28.66,5451900,0.0,0.0
2010-12-30,28.53,28.93,28.5,28.75,4711000,0.0,0.0
2010-12-31,28.63,28.9,28.49,28.56,5031800,0.0,0.0
2011-01-03,28.7,28.88,28.57,28.79,8164600,0.0,0.0
2011-01-04,28.75,28.81,28.25,28.76,9891900,0.0,0.0
2011-01-05,28.63,29.1,28.58,29.07,10946500,0.0,0.0
2011-01-06,28.99,29.0,28.62,28.77,8680000,0.0,0.0
2011-01-07,28.75,29.02,28.59,28.79,8220600,0.0,0.0
2011-01-10,28.7,29.02,28.7,28.89,6579400,0.0,0.0
2011-01-11,28.94,29.35,28.86,29.02,8869300,0.0,0.0
2011-01-12,29.11,29.53,28.52,28.59,13151500,0.0,0.0
2011-01-13,28.56,28.65,28.3,28.63,8165500,0.0,0.0
2011-01-14,28.65,28.87,28.44,28.81,7016700,0.0,0.0
2011-01-18,28.65,28.92,28.65,28.86,6310400,0.0,0.0
2011-01-19,28.8,28.86,28.2,28.44,8813700,0.125,0.0
2011-01-20,28.44,29.26,28.44,29.1,11020400,0.0,0.0
2011-01-21,29.28,29.52,29.09,29.19,8628700,0.0,0.0
2011-01-24,29.11,29.24,28.81,28.84,7058100,0.0,0.0
2011-01-25,28.86,29.0,28.67,28.98,6791900,0.0,0.0
2011-01-26,29.0,29.59,28.96,29.34,12063800,0.0,0.0
2011-01-27,29.33,29.47,29.16,29.43,8293500,0.0,0.0
2011-01-28,29.49,29.51,28.58,28.68,9347000,0.0,0.0
2011-01-31,27.81,28.57,27.71,28.19,12032900,0.0,0.0
2011-02-01,28.18,29.05,28.03,28.81,13108400,0.0,0.0
2011-02-02,28.77,29.1,28.33,28.56,12729600,0.0,0.0
2011-02-03,27.55,27.64,26.61,27.13,44349700,0.0,0.0
2011-02-04,27.23,27.25,26.6,26.93,24230000,0.0,0.0
2011-02-07,26.89,27.41,26.83,27.14,14279000,0.0,0.0
2011-02-08,27.21,27.53,27.16,27.45,9865500,0.0,0.0
2011-02-09,27.43,27.83,27.2,27.46,12781200,0.0,0.0
2011-02-10,27.41,27.55,27.05,27.17,13208800,0.0,0.0
2011-02-11,27.03,27.25,26.67,27.22,11284400,0.0,0.0
2011-02-14,27.11,27.2,26.94,27.01,9032500,0.0,0.0
2011-02-15,26.86,27.32,26.72,27.18,15813100,0.0,0.0
2011-02-16,27.15,27.3,26.71,26.96,16244100,0.0,0.0
2011-02-17,26.94,27.13,26.72,27.0,12102300,0.0,0.0
2011-02-18,27.07,27.28,26.98,27.25,7496100,0.0,0.0
2011-02-22,26.77,27.22,26.73,26.95,13551700,0.0,0.0
2011-02-23,26.81,27.04,26.46,26.57,12870300,0.0,0.0
2011-02-24,26.49,26.89,26.44,26.8,9454800,0.0,0.0
2011-02-25,26.8,27.24,26.7,27.15,7388700,0.0,0.0
2011-02-28,27.08,27.45,27.08,27.25,10834600,0.0,0.0
2011-03-01,27.37,27.7,27.2,27.28,12715800,0.0,0.0
2011-03-02,27.18,27.48,26.98,27.0,9426000,0.0,0.0
2011-03-03,27.22,27.83,27.16,27.59,10770600,0.0,0.0
2011-03-04,27.54,27.81,27.02,27.21,9845900,0.0,0.0
2011-03-07,27.33,27.46,26.99,27.06,7027500,0.0,0.0
2011-03-08,27.14,27.64,27.13,27.5,7032500,0.0,0.0
2011-03-09,27.51,28.23,27.5,28.08,13103500,0.0,0.0
2011-03-10,27.92,28.22,27.74,28.05,10953000,0.0,0.0
2011-03-11,27.85,28.11,27.72,28.02,8124000,0.0,0.0
2011-03-14,27.92,27.99,27.38,27.63,9627800,0.0,0.0
2011-03-15,27.26,27.43,27.03,27.31,11714100,0.0,0.0
2011-03-16,27.18,27.33,26.79,27.1,17359600,0.0,0.0
2011-03-17,27.42,27.59,27.05,27.18,8689300,0.0,0.0
2011-03-18,27.64,27.91,27.46,27.7,12541000,0.0,0.0
2011-03-21,27.91,28.07,27.74,27.8,7430700,0.0,0.0
2011-03-22,27.6,27.74,27.38,27.54,8587100,0.0,0.0
2011-03-23,27.6,27.77,27.48,27.74,7275500,0.0,0.0
2011-03-24,27.87,28.17,27.64,28.02,9355000,0.0,0.0
2011-03-25,28.1,28.12,27.87,27.93,6037000,0.0,0.0
2011-03-28,28.04,28.16,27.7,27.7,7061200,0.0,0.0
2011-03-29,27.66,27.88,27.51,27.86,6965700,0.0,0.0
2011-03-30,28.02,28.07,27.68,27.73,7519100,0.0,0.0
2011-03-31,27.65,28.29,27.64,28.29,11492600,0.0,0.0
2011-04-01,28.23,28.81,28.2,28.81,9924300,0.0,0.0
2011-04-04,28.7,28.84,28.46,28.66,7611300,0.0,0.0
2011-04-05,28.65,29.01,28.59,28.85,6992300,0.0,0.0
2011-04-06,29.17,29.79,29.08,29.47,18224200,0.0,0.0
2011-04-07,29.34,29.5,29.1,29.24,7235600,0.0,0.0
2011-04-08,29.8,30.42,29.69,29.86,14094500,0.0,0.0
2011-04-11,29.68,30.05,29.63,29.71,7231700,0.0,0.0
2011-04-12,29.6,29.78,29.38,29.76,10810800,0.0,0.0
2011-04-13,29.63,29.84,29.2,29.36,7637300,0.0,0.0
2011-04-14,29.32,29.72,29.23,29.35,9435100,0.0,0.0
2011-04-15,29.58,29.78,29.38,29.56,10713600,0.0,0.0
2011-04-18,29.28,29.49,29.12,29.32,6935300,0.0,0.0
2011-04-19,29.27,29.62,29.12,29.61,5829000,0.125,0.0
2011-04-20,29.87,30.02,29.76,29.98,6526900,0.0,0.0
2011-04-21,29.98,30.06,29.88,29.95,4603300,0.0,0.0
2011-04-25,29.82,29.96,29.72,29.79,3879700,0.0,0.0
2011-04-26,29.89,30.3,29.84,29.85,9300000,0.0,0.0
2011-04-27,29.91,30.17,29.82,30.08,7989700,0.0,0.0
2011-04-28,29.98,30.04,29.79,29.98,8127800,0.0,0.0
2011-04-29,29.95,30.08,29.82,29.96,4900000,0.0,0.0
2011-05-02,30.12,30.19,29.84,29.9,8068600,0.0,0.0
2011-05-03,29.78,30.4,29.78,30.2,9235000,0.0,0.0
2011-05-04,30.24,30.48,29.81,29.88,10139200,0.0,0.0
2011-05-05,29.89,30.44,29.55,30.43,12028400,0.0,0.0
2011-05-06,30.57,30.84,30.49,30.62,8527800,0.0,0.0
2011-05-09,30.66,31.13,30.6,31.0,7841800,0.0,0.0
2011-05-10,30.89,31.03,30.73,31.01,5477300,0.0,0.0
2011-05-11,30.9,31.21,30.85,31.02,6439100,0.0,0.0
2011-05-12,31.25,31.6,31.06,31.59,8613500,0.0,0.0
2011-05-13,31.55,31.64,31.3,31.54,6652000,0.0,0.0
2011-05-16,31.44,31.8,31.24,31.72,6729600,0.0,0.0
2011-05-17,31.56,32.02,31.55,31.94,8689000,0.0,0.0
2011-05-18,31.96,32.01,31.68,31.89,6078400,0.0,0.0
2011-05-19,31.9,31.92,31.64,31.79,4887400,0.0,0.0
2011-05-20,31.7,31.92,31.49,31.76,6740400,0.0,0.0
2011-05-23,31.49,31.68,31.27,31.41,6930400,0.0,0.0
2011-05-24,31.5,31.7,31.4,31.57,7593700,0.0,0.0
2011-05-25,31.31,31.69,31.31,31.57,9152500,0.0,0.0
2011-05-26,31.56,31.72,31.4,31.56,9296500,0.0,0.0
2011-05-27,32.13,32.67,32.03,32.09,23917700,0.0,0.0
2011-05-31,32.32,32.38,31.68,32.0,10957300,0.0,0.0
2011-06-01,31.96,32.25,31.64,31.75,9061000,0.0,0.0
2011-06-02,31.74,31.93,31.65,31.87,12744100,0.0,0.0
2011-06-03,31.56,31.76,31.32,31.41,9741500,0.0,0.0
2011-06-06,31.32,31.46,30.73,30.81,12911600,0.0,0.0
2011-06-07,30.93,31.16,30.86,30.91,8675300,0.0,0.0
2011-06-08,30.73,31.22,30.73,31.03,7311500,0.0,0.0
2011-06-09,31.11,31.41,30.98,31.22,5239300,0.0,0.0
2011-06-10,31.07,31.18,30.77,30.78,5917600,0.0,0.0
2011-06-13,30.85,31.1,30.7,30.86,4728100,0.0,0.0
2011-06-14,31.24,31.43,31.12,31.36,5614000,0.0,0.0
2011-06-15,31.12,31.32,30.6,30.74,10061600,0.0,0.0
2011-06-16,30.8,31.15,30.75,30.89,9242600,0.0,0.0
2011-06-17,31.09,31.13,30.75,30.88,8389600,0.0,0.0
2011-06-20,30.81,31.22,30.74,31.01,6372300,0.0,0.0
2011-06-21,31.46,31.53,31.18,31.29,10691900,0.0,0.0
2011-06-22,31.16,31.41,30.97,30.98,7443800,0.0,0.0
2011-06-23,30.71,30.71,30.17,30.45,12646500,0.0,0.0
2011-06-24,30.54,30.66,30.02,30.12,11444800,0.0,0.0
2011-06-27,30.17,30.37,29.87,30.21,7589800,0.0,0.0
2011-06-28,30.36,30.41,30.13,30.36,4856800,0.0,0.0
2011-06-29,30.34,30.66,30.31,30.51,5150000,0.0,0.0
2011-06-30,30.61,31.13,30.5,31.08,6429800,0.0,0.0
2011-07-01,31.14,31.46,30.87,31.41,6540100,0.0,0.0
2011-07-05,31.3,31.36,31.02,31.17,4724100,0.0,0.0
2011-07-06,31.3,31.43,31.13,31.23,6278200,0.0,0.0
2011-07-07,31.48,32.01,31.45,31.88,6997700,0.0,0.0
2011-07-08,31.44,31.56,31.23,31.51,6043200,0.0,0.0
2011-07-11,31.11,31.36,30.84,30.97,7548400,0.0,0.0
2011-07-12,30.87,31.37,30.82,30.91,6739000,0.0,0.0
2011-07-13,31.08,31.17,30.73,30.85,5727500,0.0,0.0
2011-07-14,30.85,30.98,30.5,30.58,6113700,0.0,0.0
2011-07-15,30.63,30.68,30.22,30.45,5798600,0.0,0.0
2011-07-18,30.36,30.4,30.07,30.39,5875300,0.0,0.0
2011-07-19,30.44,30.76,30.34,30.7,6626500,0.0,0.0
2011-07-20,30.59,30.79,30.47,30.67,4815200,0.125,0.0
2011-07-21,31.42,32.22,31.12,31.39,25907700,0.0,0.0
2011-07-22,31.44,31.54,30.96,31.0,9280200,0.0,0.0
2011-07-25,30.81,30.96,30.67,30.76,5090700,0.0,0.0
2011-07-26,30.92,30.93,30.54,30.59,6365700,0.0,0.0
2011-07-27,30.47,30.59,29.86,29.93,10394500,0.0,0.0
2011-07-28,29.89,30.57,29.89,30.23,8919400,0.0,0.0
2011-07-29,29.94,30.33,29.85,30.17,8812700,0.0,0.0
2011-08-01,30.52,30.84,30.07,30.44,11393400,0.0,0.0
2011-08-02,30.17,30.67,30.08,30.17,12410100,0.0,0.0
2011-08-03,30.16,30.23,29.5,30.05,12029800,0.0,0.0
2011-08-04,29.35,29.53,28.22,28.22,20281200,0.0,0.0
2011-08-05,28.51,28.63,27.6,28.34,16941100,0.0,0.0
2011-08-08,27.48,27.93,26.81,26.81,16815300,0.0,0.0
2011-08-09,27.18,27.6,25.98,27.58,20834700,0.0,0.0
2011-08-10,27.13,27.45,26.41,26.61,14727700,0.0,0.0
2011-08-11,26.38,27.89,26.38,27.6,13133400,0.0,0.0
2011-08-12,27.77,27.97,27.3,27.6,10450200,0.0,0.0
2011-08-15,27.74,28.22,27.56,28.22,7881400,0.0,0.0
2011-08-16,27.9,28.35,27.84,28.05,9636900,0.0,0.0
2011-08-17,28.14,28.85,28.11,28.53,8737100,0.0,0.0
2011-08-18,27.98,27.99,27.01,27.35,12262400,0.0,0.0
2011-08-19,26.97,27.52,26.85,26.86,10449800,0.0,0.0
2011-08-22,27.43,27.47,26.67,26.73,9898500,0.0,0.0
2011-08-23,26.77,27.72,26.71,27.71,10228100,0.0,0.0
2011-08-24,28.05,28.63,27.99,28.58,11902000,0.0,0.0
2011-08-25,28.71,28.96,28.13,28.19,9072600,0.0,0.0
2011-08-26,28.07,28.73,27.5,28.5,8569100,0.0,0.0
2011-08-29,28.84,29.53,28.72,29.5,6822100,0.0,0.0
2011-08-30,29.4,29.88,29.22,29.68,9001400,0.0,0.0
2011-08-31,29.74,30.14,29.6,29.8,8120400,0.0,0.0
2011-09-01,29.75,30.18,29.69,29.69,8056500,0.0,0.0
2011-09-02,29.54,29.94,29.36,29.4,9795900,0.0,0.0
2011-09-06,28.57,29.76,28.43,29.72,11303700,0.0,0.0
2011-09-07,30.02,30.73,30.01,30.73,10271100,0.0,0.0
2011-09-08,30.47,31.09,30.3,30.72,8618800,0.0,0.0
2011-09-09,30.45,30.54,29.93,30.29,13548200,0.0,0.0
2011-09-12,29.91,30.57,29.89,30.52,8952000,0.0,0.0
2011-09-13,30.31,30.47,30.17,30.34,12029600,0.0,0.0
2011-09-14,30.4,30.74,30.16,30.43,13832500,0.0,0.0
2011-09-15,30.62,30.86,30.2,30.62,13947800,0.0,0.0
2011-09-16,30.81,30.88,30.02,30.06,14872400,0.0,0.0
2011-09-19,29.67,29.87,29.42,29.62,10584300,0.0,0.0
2011-09-20,29.79,30.16,29.52,29.72,11193400,0.0,0.0
2011-09-21,29.66,30.02,29.3,29.32,8727700,0.0,0.0
2011-09-22,28.49,28.95,28.38,28.72,15450300,0.0,0.0
2011-09-23,28.46,28.64,28.13,28.33,13772600,0.0,0.0
2011-09-26,28.39,28.62,28.12,28.55,7557300,0.0,0.0
2011-09-27,28.97,29.4,28.47,28.79,16772700,0.0,0.0
2011-09-28,28.8,29.05,28.18,28.23,13241900,0.0,0.0
2011-09-29,28.63,28.64,27.75,28.28,10468300,0.0,0.0
2011-09-30,27.95,28.37,27.8,27.88,11725500,0.0,0.0
2011-10-03,27.81,28.11,27.35,27.36,17712400,0.0,0.0
2011-10-04,27.06,27.42,26.79,27.39,20300000,0.0,0.0
2011-10-05,27.5,27.74,27.15,27.61,14316400,0.0,0.0
2011-10-06,27.5,28.04,27.5,28.01,11177000,0.0,0.0
2011-10-07,28.15,28.28,27.9,28.03,8338100,0.0,0.0
2011-10-10,28.42,28.68,28.35,28.51,6295100,0.0,0.0
2011-10-11,28.43,28.61,28.26,28.52,20192300,0.0,0.0
2011-10-12,28.62,29.06,28.53,28.77,9054300,0.0,0.0
2011-10-13,28.58,28.87,28.55,28.8,7503900,0.0,0.0
2011-10-14,29.14,29.2,28.83,29.16,6919200,0.0,0.0
2011-10-17,28.96,29.22,28.76,28.87,6849400,0.0,0.0
2011-10-18,28.8,29.27,28.75,29.17,9246400,0.0,0.0
2011-10-19,29.03,29.33,28.84,28.92,9288700,0.125,0.0
2011-10-20,28.98,29.11,28.55,28.97,8323200,0.0,0.0
2011-10-21,29.27,29.61,29.19,29.61,9348000,0.0,0.0
2011-10-24,29.63,29.98,29.53,29.83,6233800,0.0,0.0
2011-10-25,29.56,30.07,29.56,29.73,7641900,0.0,0.0
2011-10-26,30.03,30.27,29.63,30.17,12946400,0.0,0.0
2011-10-27,30.67,31.23,30.52,31.05,13610900,0.0,0.0
2011-10-28,30.92,31.12,30.55,30.68,7706900,0.0,0.0
2011-10-31,30.25,30.68,30.2,30.26,7509700,0.0,0.0
2011-11-01,29.5,29.89,29.23,29.53,10089500,0.0,0.0
2011-11-02,29.94,30.06,29.63,29.79,8569300,0.0,0.0
2011-11-03,30.79,31.17,30.63,31.08,18324000,0.0,0.0
2011-11-04,31.08,31.73,30.84,31.67,15695500,0.0,0.0
2011-11-07,31.69,31.94,31.44,31.84,11652500,0.0,0.0
2011-11-08,31.86,32.55,31.69,32.52,18018000,0.0,0.0
2011-11-09,31.71,32.46,31.28,31.97,13900500,0.0,0.0
2011-11-10,32.19,32.44,31.65,32.07,9947800,0.0,0.0
2011-11-11,32.37,32.82,32.3,32.68,7942400,0.0,0.0
2011-11-14,32.5,32.7,32.13,32.29,7651400,0.0,0.0
2011-11-15,32.34,32.69,32.22,32.44,7521400,0.0,0.0
2011-11-16,32.13,32.51,32.02,32.05,9365000,0.0,0.0
2011-11-17,31.93,32.38,31.77,32.05,9499600,0.0,0.0
2011-11-18,32.1,32.17,31.61,31.78,11573800,0.0,0.0
2011-11-21,31.47,31.77,31.28,31.42,11052900,0.0,0.0
2011-11-22,31.31,31.71,31.26,31.32,7906300,0.0,0.0
2011-11-23,31.17,31.25,30.74,30.85,11799700,0.0,0.0
2011-11-25,30.75,31.01,30.69,30.69,4440800,0.0,0.0
2011-11-28,31.32,31.54,30.92,31.13,9328200,0.0,0.0
2011-11-29,31.38,31.52,31.16,31.38,6237400,0.0,0.0
2011-11-30,32.21,32.73,32.17,32.35,13872900,0.0,0.0
2011-12-01,32.2,32.58,31.97,32.05,9832200,0.0,0.0
2011-12-02,32.25,32.32,31.82,31.89,9786500,0.0,0.0
2011-12-05,32.19,32.27,31.81,31.92,8308500,0.0,0.0
2011-12-06,31.84,32.02,31.7,31.87,6176200,0.0,0.0
2011-12-07,31.91,32.07,31.55,31.92,8656000,0.0,0.0
2011-12-08,31.71,32.02,31.32,31.4,8072000,0.0,0.0
2011-12-09,31.57,32.07,31.56,31.96,6229000,0.0,0.0
2011-12-12,31.88,31.88,31.45,31.77,7361800,0.0,0.0
2011-12-13,31.82,32.07,31.28,31.39,9866700,0.0,0.0
2011-12-14,31.37,31.67,30.8,30.85,8778000,0.0,0.0
2011-12-15,31.17,31.32,31.01,31.07,8198500,0.0,0.0
2011-12-16,31.32,31.59,31.27,31.27,17866400,0.0,0.0
2011-12-19,31.34,31.62,30.35,30.45,12202100,0.0,0.0
2011-12-20,31.67,33.29,31.49,33.15,25423000,0.0,0.0
2011-12-21,32.92,33.81,32.85,33.7,19554300,0.0,0.0
2011-12-22,33.66,34.31,33.56,34.12,10261900,0.0,0.0
2011-12-23,34.35,34.35,33.86,34.14,6713300,0.0,0.0
2011-12-27,33.99,34.4,33.82,34.16,5282000,0.0,0.0
2011-12-28,34.06,34.42,34.06,34.18,5182400,0.0,0.0
2011-12-29,34.31,34.44,34.09,34.28,3677700,0.0,0.0
2011-12-30,34.27,34.35,33.97,33.97,6213200,0.0,0.0
2012-01-03,34.4,34.75,34.31,34.58,9389800,0.0,0.0
2012-01-04,34.39,34.86,34.16,34.81,9197300,0.0,0.0
2012-01-05,34.71,34.8,34.26,34.77,8443000,0.0,0.0
2012-01-06,34.78,34.79,34.41,34.53,5602400,0.0,0.0
2012-01-09,34.38,34.86,34.32,34.81,5165600,0.0,0.0
2012-01-10,34.98,35.14,34.81,34.94,8729900,0.0,0.0
2012-01-11,34.81,35.05,34.75,35.01,7473600,0.0,0.0
2012-01-12,34.98,35.31,34.91,35.11,6952100,0.0,0.0
2012-01-13,34.96,35.15,34.69,35.11,5197300,0.0,0.0
2012-01-17,35.25,35.56,35.21,35.43,6444600,0.0,0.0
2012-01-18,35.32,35.91,35.13,35.9,8671200,0.0,0.0
2012-01-19,36.08,36.09,35.6,35.85,10069800,0.163,0.0
2012-01-20,36.03,36.05,35.47,35.76,8374100,0.0,0.0
2012-01-23,35.8,36.08,35.7,35.97,6733600,0.0,0.0
2012-01-24,35.72,35.82,35.42,35.48,5404100,0.0,0.0
2012-01-25,35.33,35.47,35.06,35.26,10708800,0.0,0.0
2012-01-26,35.34,35.57,35.07,35.26,6933200,0.0,0.0
2012-01-27,35.08,35.43,34.91,35.33,5131100,0.0,0.0
2012-01-30,35.11,35.15,34.68,35.05,5000500,0.0,0.0
2012-01-31,35.09,35.11,34.75,34.91,6599600,0.0,0.0
2012-02-01,35.1,35.98,35.06,35.66,8231800,0.0,0.0
2012-02-02,35.57,35.92,35.5,35.67,5131600,0.0,0.0
2012-02-03,35.93,36.77,35.87,36.38,12565600,0.0,0.0
2012-02-06,36.17,36.67,36.04,36.18,8651600,0.0,0.0
2012-02-07,36.28,36.37,35.95,36.02,9553900,0.0,0.0
2012-02-08,36.44,36.86,35.68,36.43,10663300,0.0,0.0
2012-02-09,36.17,36.55,35.75,35.95,11311200,0.0,0.0
2012-02-10,35.88,36.1,35.7,36.1,6481800,0.0,0.0
2012-02-13,36.17,36.32,35.81,35.81,6060400,0.0,0.0
2012-02-14,35.49,36.27,35.47,36.27,5727500,0.0,0.0
2012-02-15,36.39,36.76,36.28,36.39,8186100,0.0,0.0
2012-02-16,36.44,37.25,36.42,37.25,10363200,0.0,0.0
2012-02-17,37.59,37.62,36.98,37.01,8501900,0.0,0.0
2012-02-21,37.18,37.2,36.69,36.79,6257400,0.0,0.0
2012-02-22,36.74,36.95,36.41,36.53,4715500,0.0,0.0
2012-02-23,36.49,36.89,36.48,36.82,6537300,0.0,0.0
2012-02-24,36.84,36.97,36.6,36.84,7222800,0.0,0.0
2012-02-27,36.55,37.43,36.55,37.23,6731400,0.0,0.0
2012-02-28,36.99,37.6,36.79,37.55,7143700,0.0,0.0
2012-02-29,37.55,37.92,37.43,37.71,10875700,0.0,0.0
2012-03-01,37.68,37.95,37.47,37.8,6995100,0.0,0.0
2012-03-02,37.79,37.9,37.62,37.65,5150400,0.0,0.0
2012-03-05,37.61,37.91,37.48,37.76,7210600,0.0,0.0
2012-03-06,37.71,37.78,37.41,37.45,5756600,0.0,0.0
2012-03-07,37.65,37.65,37.33,37.38,5445800,0.0,0.0
2012-03-08,37.68,37.92,37.52,37.8,5267300,0.0,0.0
2012-03-09,37.95,38.22,37.74,38.16,5863500,0.0,0.0
2012-03-12,38.27,38.27,37.76,37.92,4355000,0.0,0.0
2012-03-13,37.75,37.85,37.23,37.81,8891600,0.0,0.0
2012-03-14,37.71,37.81,37.61,37.71,6449000,0.0,0.0
2012-03-15,37.66,37.79,37.46,37.52,6605500,0.0,0.0
2012-03-16,37.62,38.03,37.59,37.86,11971500,0.0,0.0
2012-03-19,37.74,37.96,37.59,37.73,4597500,0.0,0.0
2012-03-20,37.42,37.6,37.35,37.35,6472000,0.0,0.0
2012-03-21,37.37,37.72,37.2,37.55,5169300,0.0,0.0
2012-03-22,37.43,37.54,37.2,37.41,3971700,0.0,0.0
2012-03-23,37.37,37.82,37.19,37.74,4506800,0.0,0.0
2012-03-26,37.91,38.22,37.9,38.17,5341000,0.0,0.0
2012-03-27,38.25,38.36,37.89,37.91,4946700,0.0,0.0
2012-03-28,37.79,37.98,37.21,37.29,9260000,0.0,0.0
2012-03-29,37.14,37.2,36.73,37.03,7511500,0.0,0.0
2012-03-30,37.28,37.62,37.16,37.46,7532400,0.0,0.0
2012-04-02,36.95,37.78,36.91,37.68,6820300,0.0,0.0
2012-04-03,37.54,37.74,37.21,37.55,7292500,0.0,0.0
2012-04-04,37.27,37.43,37.0,37.05,5261700,0.0,0.0
2012-04-05,36.87,37.39,36.84,37.3,5284800,0.0,0.0
2012-04-09,36.93,36.93,36.5,36.74,5594400,0.0,0.0
2012-04-10,36.61,36.86,36.38,36.39,7765400,0.0,0.0
2012-04-11,36.74,37.0,36.49,36.58,7212200,0.0,0.0
2012-04-12,36.59,36.72,36.31,36.35,8110200,0.0,0.0
2012-04-13,36.38,36.52,36.2,36.31,10255100,0.0,0.0
2012-04-16,36.32,36.55,36.16,36.46,7686200,0.0,0.0
2012-04-17,36.59,37.05,36.58,36.74,9334400,0.0,0.0
2012-04-18,36.64,36.89,36.44,36.45,8148000,0.0,0.0
2012-04-19,36.58,36.97,36.36,36.36,11422400,0.163,0.0
2012-04-20,36.46,37.34,36.46,37.2,10197000,0.0,0.0
2012-04-23,36.81,36.93,36.18,36.29,7631600,0.0,0.0
2012-04-24,36.24,36.54,36.15,36.44,6091500,0.0,0.0
2012-04-25,36.6,36.92,36.56,36.76,5822800,0.0,0.0
2012-04-26,36.77,37.56,36.76,37.41,6672600,0.0,0.0
2012-04-27,37.55,37.96,37.49,37.66,11467200,0.0,0.0
2012-04-30,37.68,37.88,37.34,37.44,7285500,0.0,0.0
2012-05-01,37.43,37.93,37.21,37.52,7760300,0.0,0.0
2012-05-02,38.09,38.7,37.73,38.54,13888300,0.0,0.0
2012-05-03,38.44,38.79,38.32,38.72,9118900,0.0,0.0
2012-05-04,38.6,38.71,37.96,38.12,7132500,0.0,0.0
2012-05-07,38.09,38.21,37.8,37.98,7084000,0.0,0.0
2012-05-08,37.76,38.11,37.5,37.99,8925500,0.0,0.0
2012-05-09,37.72,38.15,37.64,37.96,7271100,0.0,0.0
2012-05-10,38.17,38.6,38.09,38.58,8027300,0.0,0.0
2012-05-11,38.49,38.77,38.0,38.03,7779700,0.0,0.0
2012-05-14,37.86,37.97,37.69,37.86,7627200,0.0,0.0
2012-05-15,37.82,38.29,37.66,38.03,6053700,0.0,0.0
2012-05-16,38.08,38.39,37.89,37.9,6994000,0.0,0.0
2012-05-17,37.77,38.17,37.64,37.65,9659500,0.0,0.0
2012-05-18,37.65,37.94,37.24,37.29,14389400,0.0,0.0
2012-05-21,37.39,37.7,37.32,37.66,8097600,0.0,0.0
2012-05-22,37.67,38.12,37.54,37.71,5173300,0.0,0.0
2012-05-23,37.44,37.72,37.25,37.59,5957300,0.0,0.0
2012-05-24,37.7,38.22,37.62,37.91,8064200,0.0,0.0
2012-05-25,37.94,38.02,37.65,37.75,7594600,0.0,0.0
2012-05-29,37.91,38.36,37.91,38.3,7441900,0.0,0.0
2012-05-30,38.04,38.26,37.96,38.04,9803200,0.0,0.0
2012-05-31,38.12,38.17,37.55,37.71,10336600,0.0,0.0
2012-06-01,38.1,38.1,36.45,36.59,10176600,0.0,0.0
2012-06-04,36.6,37.05,36.34,37.02,8382000,0.0,0.0
2012-06-05,36.93,37.01,36.75,36.95,4689200,0.0,0.0
2012-06-06,37.09,37.63,37.04,37.63,7271800,0.0,0.0
2012-06-07,37.91,37.92,37.29,37.3,5993300,0.0,0.0
2012-06-08,37.27,37.67,37.19,37.67,4458600,0.0,0.0
2012-06-11,37.82,37.87,37.49,37.54,4419800,0.0,0.0
2012-06-12,37.57,38.16,37.25,38.09,6837700,0.0,0.0
2012-06-13,38.07,38.35,37.71,37.92,4944200,0.0,0.0
2012-06-14,38.08,38.66,38.08,38.44,6261400,0.0,0.0
2012-06-15,38.56,38.69,38.03,38.31,10696300,0.0,0.0
2012-06-18,38.22,38.51,38.03,38.33,7135300,0.0,0.0
2012-06-19,38.54,38.95,38.48,38.81,7607800,0.0,0.0
2012-06-20,38.85,38.96,38.47,38.59,5429900,0.0,0.0
2012-06-21,38.65,38.81,38.08,38.09,8466400,0.0,0.0
2012-06-22,38.35,38.62,38.28,38.52,13491500,0.0,0.0
2012-06-25,38.28,38.38,37.65,37.93,4750200,0.0,0.0
2012-06-26,38.13,38.2,37.69,38.13,5393100,0.0,0.0
2012-06-27,38.26,38.67,38.14,38.59,5367800,0.0,0.0
2012-06-28,38.33,38.6,38.19,38.59,5895800,0.0,0.0
2012-06-29,39.08,39.38,38.87,39.22,7610300,0.0,0.0
2012-07-02,39.35,40.12,39.22,40.12,7665000,0.0,0.0
2012-07-03,39.98,40.36,39.79,40.14,4102200,0.0,0.0
2012-07-05,40.09,40.54,39.98,40.37,6227100,0.0,0.0
2012-07-06,40.13,40.52,40.03,40.38,5727000,0.0,0.0
2012-07-09,40.26,40.28,39.36,39.69,10521300,0.0,0.0
2012-07-10,39.74,39.89,39.27,39.38,6120500,0.0,0.0
2012-07-11,39.54,39.69,39.18,39.36,7167200,0.0,0.0
2012-07-12,39.12,40.16,39.12,39.88,9788700,0.0,0.0
2012-07-13,39.95,40.45,39.82,40.32,5317800,0.0,0.0
2012-07-16,40.19,40.53,39.89,40.34,5049100,0.0,0.0
2012-07-17,40.54,40.76,40.26,40.65,4564100,0.0,0.0
2012-07-18,40.49,40.86,40.37,40.79,6979300,0.0,0.0
2012-07-19,38.72,39.68,38.04,38.25,35934000,0.163,0.0
2012-07-20,38.11,38.31,37.55,37.96,12926600,0.0,0.0
2012-07-23,37.78,38.02,37.43,37.73,8082200,0.0,0.0
2012-07-24,37.75,37.87,37.33,37.55,5745700,0.0,0.0
2012-07-25,37.6,37.95,37.39,37.5,8194000,0.0,0.0
2012-07-26,38.11,38.2,37.44,37.52,7784200,0.0,0.0
2012-07-27,37.75,38.07,37.52,37.84,9688500,0.0,0.0
2012-07-30,37.79,38.19,37.65,38.17,7338500,0.0,0.0
2012-07-31,38.13,38.41,38.05,38.1,5916500,0.0,0.0
2012-08-01,38.35,38.43,36.91,37.76,11536700,0.0,0.0
2012-08-02,37.49,37.83,37.32,37.81,7236100,0.0,0.0
2012-08-03,38.35,38.4,37.38,37.68,9209300,0.0,0.0
2012-08-06,37.9,38.04,37.6,37.81,7472500,0.0,0.0
2012-08-07,38.72,38.73,36.75,37.15,20884300,0.0,0.0
2012-08-08,37.34,38.38,37.28,38.36,10467600,0.0,0.0
2012-08-09,38.27,38.36,37.87,37.91,6960500,0.0,0.0
2012-08-10,37.76,37.91,37.51,37.85,7657000,0.0,0.0
2012-08-13,37.69,37.85,37.38,37.64,5144300,0.0,0.0
2012-08-14,37.75,37.76,37.01,37.15,8584000,0.0,0.0
2012-08-15,37.19,37.6,37.08,37.23,7107900,0.0,0.0
2012-08-16,37.25,37.76,37.13,37.68,7247500,0.0,0.0
2012-08-17,37.83,38.4,37.76,38.15,7326800,0.0,0.0
2012-08-20,38.35,38.61,38.21,38.57,7304300,0.0,0.0
2012-08-21,38.53,38.72,38.29,38.42,6156900,0.0,0.0
2012-08-22,38.34,38.69,38.32,38.48,4395400,0.0,0.0
2012-08-23,38.45,38.48,38.16,38.19,5159200,0.0,0.0
2012-08-24,38.13,38.42,38.09,38.36,5156200,0.0,0.0
2012-08-27,38.29,38.45,38.19,38.26,3519300,0.0,0.0
2012-08-28,38.21,38.48,37.95,38.19,5269000,0.0,0.0
2012-08-29,38.22,38.39,38.05,38.25,3558700,0.0,0.0
2012-08-30,38.21,38.44,38.04,38.06,3204700,0.0,0.0
2012-08-31,38.24,38.58,38.14,38.35,4652900,0.0,0.0
2012-09-04,38.31,38.76,38.25,38.67,5007500,0.0,0.0
2012-09-05,38.61,38.71,38.3,38.34,4645600,0.0,0.0
2012-09-06,38.76,39.42,38.76,39.15,6968900,0.0,0.0
2012-09-07,39.14,39.2,38.6,38.78,5558200,0.0,0.0
2012-09-10,38.77,39.09,38.61,38.89,3781700,0.0,0.0
2012-09-11,38.94,39.07,38.72,38.77,4430600,0.0,0.0
2012-09-12,38.82,39.2,38.82,39.13,4774400,0.0,0.0
2012-09-13,39.08,40.0,39.04,39.95,5991500,0.0,0.0
2012-09-14,40.1,40.1,39.41,39.55,6832900,0.0,0.0
2012-09-17,39.57,39.57,39.23,39.49,4524700,0.0,0.0
2012-09-18,39.42,39.97,39.26,39.91,5874400,0.0,0.0
2012-09-19,39.77,40.54,39.7,40.17,9976700,0.0,0.0
2012-09-20,40.0,40.4,39.99,40.26,5737400,0.0,0.0
2012-09-21,40.5,40.5,40.21,40.31,5834600,0.0,0.0
2012-09-24,40.21,40.59,40.08,40.48,4920100,0.0,0.0
2012-09-25,40.49,40.8,40.04,40.1,7695300,0.0,0.0
2012-09-26,40.05,40.57,39.94,40.27,5220400,0.0,0.0
2012-09-27,40.32,40.8,40.29,40.62,4169100,0.0,0.0
2012-09-28,40.52,40.8,40.33,40.77,6539600,0.0,0.0
2012-10-01,40.85,41.21,40.69,40.98,6956400,0.0,0.0
2012-10-02,40.97,41.18,40.66,40.83,5437100,0.0,0.0
2012-10-03,41.0,41.24,40.68,41.14,5048200,0.0,0.0
2012-10-04,41.28,41.39,41.03,41.16,5251800,0.0,0.0
2012-10-05,41.29,41.45,40.98,41.14,5351600,0.0,0.0
2012-10-08,41.13,41.21,40.95,40.95,4170700,0.0,0.0
2012-10-09,40.85,41.06,40.37,40.43,6021800,0.0,0.0
2012-10-10,40.59,40.83,40.37,40.47,5309100,0.0,0.0
2012-10-11,40.74,40.83,40.04,40.08,6117100,0.0,0.0
2012-10-12,39.99,39.99,39.36,39.64,7482900,0.0,0.0
2012-10-15,39.77,39.77,39.51,39.63,4914000,0.0,0.0
2012-10-16,39.94,39.97,39.41,39.49,6646600,0.0,0.0
2012-10-17,39.68,39.85,39.12,39.28,8428000,0.0,0.0
2012-10-18,39.41,39.54,39.21,39.37,5397100,0.163,0.0
2012-10-19,39.34,39.44,38.92,39.04,7031400,0.0,0.0
2012-10-22,38.98,39.24,38.83,39.09,6876000,0.0,0.0
2012-10-23,38.77,38.95,38.52,38.77,5250100,0.0,0.0
2012-10-24,38.81,39.07,38.78,38.83,4916700,0.0,0.0
2012-10-25,39.12,39.25,38.68,38.96,4665800,0.0,0.0
2012-10-26,38.92,39.08,38.72,38.92,5377100,0.0,0.0
2012-10-31,39.12,39.47,38.9,39.21,7077500,0.0,0.0
2012-11-01,39.27,39.45,39.14,39.28,6273500,0.0,0.0
2012-11-02,39.52,39.64,39.22,39.34,6426800,0.0,0.0
2012-11-05,39.09,39.51,39.09,39.4,7648000,0.0,0.0
2012-11-06,40.27,40.37,38.81,39.61,15814400,0.0,0.0
2012-11-07,39.59,39.65,39.08,39.45,7369800,0.0,0.0
2012-11-08,39.36,39.6,39.1,39.23,6132900,0.0,0.0
2012-11-09,39.09,39.33,39.0,39.17,6476100,0.0,0.0
2012-11-12,39.38,39.65,39.0,39.08,4470200,0.0,0.0
2012-11-13,39.0,39.25,38.89,39.06,8726300,0.0,0.0
2012-11-14,39.09,39.21,38.35,38.37,9395800,0.0,0.0
2012-11-15,38.24,38.47,37.65,37.77,7837700,0.0,0.0
2012-11-16,37.85,38.06,37.46,37.85,9274300,0.0,0.0
2012-11-19,38.09,38.23,38.0,38.09,7706800,0.0,0.0
2012-11-20,38.12,38.5,37.98,38.5,6545200,0.0,0.0
2012-11-21,38.45,38.72,38.32,38.65,4140200,0.0,0.0
2012-11-23,38.68,38.75,38.43,38.72,2598000,0.0,0.0
2012-11-26,38.5,38.61,38.24,38.28,6223400,0.0,0.0
2012-11-27,38.35,38.86,38.21,38.23,5917000,0.0,0.0
2012-11-28,38.16,38.77,38.08,38.77,5896800,0.0,0.0
2012-11-29,38.87,39.2,38.79,39.16,5067100,0.0,0.0
2012-11-30,39.08,39.42,39.0,39.3,11184000,0.0,0.0
2012-12-03,39.32,39.43,39.03,39.1,5705200,0.0,0.0
2012-12-04,39.13,39.19,38.78,38.82,5833700,0.0,0.0
2012-12-05,38.89,39.16,38.71,39.02,5174500,0.0,0.0
2012-12-06,39.1,39.51,39.0,39.47,5960700,0.0,0.0
2012-12-07,39.49,39.63,39.37,39.58,4214500,0.0,0.0
2012-12-10,39.58,40.18,39.58,39.92,5332900,0.0,0.0
2012-12-11,40.02,40.4,40.02,40.18,6821100,0.0,0.0
2012-12-12,40.28,40.4,40.01,40.17,6023900,0.0,0.0
2012-12-13,41.66,42.08,40.7,40.98,16342900,0.0,0.0
2012-12-14,41.4,42.01,41.28,41.61,12003000,0.0,0.0
2012-12-17,41.67,41.75,41.31,41.44,9511400,0.0,0.0
2012-12-18,41.4,41.67,41.24,41.57,7721700,0.0,0.0
2012-12-19,41.62,41.7,41.18,41.19,5632100,0.0,0.0
2012-12-20,41.31,41.58,41.24,41.51,5907700,0.0,0.0
2012-12-21,41.2,41.5,40.69,41.12,11021400,0.0,0.0
2012-12-24,40.96,41.18,40.87,41.09,1516300,0.0,0.0
2012-12-26,41.09,41.3,40.74,40.81,2949000,0.0,0.0
2012-12-27,40.83,40.97,40.52,40.9,3980400,0.0,0.0
2012-12-28,40.66,40.91,40.47,40.49,3420100,0.0,0.0
2012-12-31,40.36,40.94,40.26,40.85,5069500,0.0,0.0
2013-01-02,41.42,41.99,41.4,41.98,8925500,0.0,0.0
2013-01-03,41.87,42.08,41.77,42.06,6082200,0.0,0.0
2013-01-04,42.12,42.33,41.96,42.24,5615700,0.0,0.0
2013-01-07,41.94,42.28,41.77,42.27,5178100,0.0,0.0
2013-01-08,42.2,42.38,41.98,42.12,4708000,0.0,0.0
2013-01-09,42.26,42.48,42.25,42.48,5895200,0.0,0.0
2013-01-10,42.63,43.3,42.63,43.29,6909500,0.0,0.0
2013-01-11,43.03,43.42,43.03,43.35,7209200,0.0,0.0
2013-01-14,43.44,43.89,43.22,43.85,5222300,0.0,0.0
2013-01-15,43.63,43.77,43.46,43.76,5472700,0.0,0.0
2013-01-16,43.61,43.9,43.57,43.74,4190100,0.0,0.0
2013-01-17,43.82,44.29,43.67,44.08,6376600,0.0,0.0
2013-01-18,44.22,44.23,43.85,44.03,5654300,0.0,0.0
2013-01-22,43.99,44.46,43.83,44.22,6231200,0.225,0.0
2013-01-23,44.06,44.66,44.06,44.65,4571400,0.0,0.0
2013-01-24,44.64,44.75,44.16,44.18,6314700,0.0,0.0
2013-01-25,44.4,44.49,43.76,44.01,8773200,0.0,0.0
2013-01-28,43.46,43.82,43.2,43.57,7026100,0.0,0.0
2013-01-29,43.51,43.81,43.39,43.57,6527100,0.0,0.0
2013-01-30,43.53,43.99,43.49,43.83,3961300,0.0,0.0
2013-01-31,43.76,43.87,43.44,43.45,5865600,0.0,0.0
2013-02-01,43.81,43.93,43.73,43.77,5694800,0.0,0.0
2013-02-04,43.64,43.77,43.21,43.28,5143300,0.0,0.0
2013-02-05,43.58,43.94,43.44,43.89,6791300,0.0,0.0
2013-02-06,44.2,44.3,43.25,43.48,7330000,0.0,0.0
2013-02-07,43.55,43.55,43.25,43.44,8371700,0.0,0.0
2013-02-08,43.38,43.61,43.31,43.45,3655900,0.0,0.0
2013-02-11,43.49,43.62,43.42,43.48,3992300,0.0,0.0
2013-02-12,43.5,43.54,43.39,43.42,4304000,0.0,0.0
2013-02-13,43.39,43.44,43.12,43.33,4838000,0.0,0.0
2013-02-14,43.21,44.18,43.21,44.04,5182900,0.0,0.0
2013-02-15,44.21,44.21,43.19,43.38,8490100,0.0,0.0
2013-02-19,43.6,44.78,43.6,44.69,7829300,0.0,0.0
2013-02-20,44.55,44.69,44.0,44.0,6350400,0.0,0.0
2013-02-21,43.89,44.06,43.72,44.01,5439700,0.0,0.0
2013-02-22,44.04,44.08,43.48,43.58,4220200,0.0,0.0
2013-02-25,43.87,44.1,42.88,42.88,4479000,0.0,0.0
2013-02-26,43.03,43.27,42.61,42.97,4128000,0.0,0.0
2013-02-27,43.03,43.5,42.86,43.42,3474600,0.0,0.0
2013-02-28,43.46,43.81,43.32,43.38,6018800,0.0,0.0
2013-03-01,43.34,43.82,43.18,43.76,4565000,0.0,0.0
2013-03-04,43.62,44.02,43.49,44.02,3132800,0.0,0.0
2013-03-05,44.14,44.49,44.02,44.38,5358600,0.0,0.0
2013-03-06,44.62,44.71,44.25,44.32,5022700,0.0,0.0
2013-03-07,44.32,44.32,43.87,44.2,3687800,0.0,0.0
2013-03-08,44.38,44.51,43.99,44.37,3979000,0.0,0.0
2013-03-11,44.36,44.66,44.3,44.66,4622100,0.0,0.0
2013-03-12,44.27,44.55,43.93,44.2,6388500,0.0,0.0
2013-03-13,44.32,44.92,44.27,44.89,4521600,0.0,0.0
2013-03-14,45.04,45.23,44.93,45.2,5796400,0.0,0.0
2013-03-15,45.26,45.49,45.13,45.47,8924700,0.0,0.0
2013-03-18,45.15,45.85,45.0,45.66,7208800,0.0,0.0
2013-03-19,45.83,46.24,45.78,46.15,8983200,0.0,0.0
2013-03-20,46.49,46.97,46.42,46.8,9136300,0.0,0.0
2013-03-21,46.55,46.83,46.34,46.38,7515700,0.0,0.0
2013-03-22,46.44,46.89,46.43,46.84,5230000,0.0,0.0
2013-03-25,46.9,47.22,46.78,46.93,6376600,0.0,0.0
2013-03-26,47.12,47.58,46.9,46.92,7631600,0.0,0.0
2013-03-27,46.72,46.87,46.47,46.67,8530200,0.0,0.0
2013-03-28,46.63,46.73,46.5,46.67,9400700,0.0,0.0
2013-04-01,46.46,46.65,46.11,46.28,5450800,0.0,0.0
2013-04-02,46.28,46.93,46.28,46.88,8002900,0.0,0.0
2013-04-03,46.78,46.84,45.77,45.94,6749200,0.0,0.0
2013-04-04,46.11,47.01,46.08,46.97,5982000,0.0,0.0
2013-04-05,46.53,47.23,46.48,47.22,5724600,0.0,0.0
2013-04-08,47.23,47.9,46.84,47.9,5237600,0.0,0.0
2013-04-09,47.99,48.37,47.63,48.02,5694200,0.0,0.0
2013-04-10,48.03,48.45,47.97,48.34,5629900,0.0,0.0
2013-04-11,48.43,49.47,48.41,49.02,6541300,0.0,0.0
2013-04-12,48.93,49.21,48.52,48.81,4613900,0.0,0.0
2013-04-15,48.65,48.82,47.78,47.79,6120900,0.0,0.0
2013-04-16,47.98,48.97,47.89,48.91,5366700,0.0,0.0
2013-04-17,48.75,49.03,48.36,48.55,7786300,0.0,0.0
2013-04-18,48.58,48.6,48.02,48.26,5519500,0.0,0.0
2013-04-19,48.82,49.53,48.42,49.42,6079600,0.225,0.0
2013-04-22,49.44,49.59,48.86,49.51,3663300,0.0,0.0
2013-04-23,49.61,49.84,49.06,49.43,4272300,0.0,0.0
2013-04-24,49.39,49.69,49.02,49.06,3631900,0.0,0.0
2013-04-25,49.29,49.7,49.14,49.36,6320600,0.0,0.0
2013-04-26,49.29,49.59,49.11,49.19,3997400,0.0,0.0
2013-04-29,49.36,49.42,48.88,48.94,4055800,0.0,0.0
2013-04-30,49.03,49.65,48.95,49.57,6759800,0.0,0.0
2013-05-01,50.24,50.48,49.88,50.05,8112900,0.0,0.0
2013-05-02,49.94,50.31,49.32,50.23,6579800,0.0,0.0
2013-05-03,50.55,50.58,49.84,49.96,4168700,0.0,0.0
2013-05-06,49.77,49.84,49.06,49.36,5150000,0.0,0.0
2013-05-07,49.38,49.93,49.09,49.88,4794800,0.0,0.0
2013-05-08,50.0,50.14,49.52,49.66,5131600,0.0,0.0
2013-05-09,49.68,49.76,48.73,48.98,5697200,0.0,0.0
2013-05-10,48.94,49.48,48.76,49.44,5089300,0.0,0.0
2013-05-13,49.41,50.17,49.29,49.88,6056400,0.0,0.0
2013-05-14,49.84,51.24,49.83,51.18,8427600,0.0,0.0
2013-05-15,51.11,51.68,50.76,51.42,5369100,0.0,0.0
2013-05-16,51.18,51.23,50.34,50.58,5505100,0.0,0.0
2013-05-17,50.55,50.81,50.3,50.64,4130000,0.0,0.0
2013-05-20,50.59,50.64,50.05,50.25,3747800,0.0,0.0
2013-05-21,50.24,50.84,50.23,50.7,4092100,0.0,0.0
2013-05-22,50.64,51.08,49.83,50.01,6008400,0.0,0.0
2013-05-23,49.71,50.01,49.25,49.7,4149800,0.0,0.0
2013-05-24,49.66,50.57,49.38,50.44,4245000,0.0,0.0
2013-05-28,50.87,51.72,50.87,51.3,6267400,0.0,0.0
2013-05-29,50.98,51.02,50.32,50.47,3809200,0.0,0.0
2013-05-30,50.64,50.64,50.09,50.09,3271100,0.0,0.0
2013-05-31,50.17,50.4,49.06,49.06,6990500,0.0,0.0
2013-06-03,49.21,50.01,48.21,49.97,6983100,0.0,0.0
2013-06-04,49.89,50.11,48.59,48.98,5104000,0.0,0.0
2013-06-05,48.91,49.23,48.54,48.76,4174000,0.0,0.0
2013-06-06,48.75,49.32,48.26,49.32,4634700,0.0,0.0
2013-06-07,49.83,49.95,49.35,49.83,3914100,0.0,0.0
2013-06-10,49.88,50.51,49.84,49.93,4952100,0.0,0.0
2013-06-11,49.68,50.41,49.46,49.99,5254900,0.0,0.0
2013-06-12,50.33,50.95,49.71,49.74,3198700,0.0,0.0
2013-06-13,49.8,50.58,49.71,50.5,4031800,0.0,0.0
2013-06-14,50.46,51.08,50.18,50.29,4224200,0.0,0.0
2013-06-17,50.65,51.0,50.16,50.5,3825200,0.0,0.0
2013-06-18,50.62,51.11,50.44,51.04,2704200,0.0,0.0
2013-06-19,51.03,51.41,50.34,50.34,4745100,0.0,0.0
2013-06-20,49.88,49.89,48.41,48.56,6733500,0.0,0.0
2013-06-21,48.99,49.54,48.71,49.05,7464400,0.0,0.0
2013-06-24,48.65,48.94,47.94,48.43,5058200,0.0,0.0
2013-06-25,48.07,48.47,47.42,48.24,6845800,0.0,0.0
2013-06-26,48.73,49.05,48.62,48.87,4043200,0.0,0.0
2013-06-27,49.12,49.38,48.73,48.79,4081000,0.0,0.0
2013-06-28,48.79,49.14,48.24,48.72,8936200,0.0,0.0
2013-07-01,49.18,49.9,48.91,49.07,4747200,0.0,0.0
2013-07-02,49.04,49.91,48.84,49.83,5512500,0.0,0.0
2013-07-03,49.59,49.71,48.96,49.67,3172000,0.0,0.0
2013-07-05,49.93,50.06,49.36,49.96,2726400,0.0,0.0
2013-07-08,50.25,50.72,50.03,50.72,3510700,0.0,0.0
2013-07-09,50.94,51.44,50.83,51.25,4102700,0.0,0.0
2013-07-10,51.16,51.4,50.96,51.02,4879200,0.0,0.0
2013-07-11,51.6,52.02,51.24,51.97,4215000,0.0,0.0
2013-07-12,51.77,52.18,51.68,51.93,3594700,0.0,0.0
2013-07-15,52.04,52.24,51.67,51.67,3258700,0.0,0.0
2013-07-16,51.51,52.0,51.36,51.88,3463600,0.0,0.0
2013-07-17,52.01,52.06,51.7,51.93,2607500,0.0,0.0
2013-07-18,52.0,52.63,51.9,52.34,4205900,0.225,0.0
2013-07-19,52.36,52.76,52.17,52.7,3055700,0.0,0.0
2013-07-22,52.74,53.01,52.63,52.87,2476200,0.0,0.0
2013-07-23,53.09,53.33,52.58,52.93,2926100,0.0,0.0
2013-07-24,52.97,53.03,52.49,52.73,2361500,0.0,0.0
2013-07-25,52.58,53.06,52.37,52.96,2822700,0.0,0.0
2013-07-26,52.6,53.02,52.28,52.99,2718100,0.0,0.0
2013-07-29,52.71,52.86,52.45,52.69,2723300,0.0,0.0
2013-07-30,52.88,53.09,52.05,52.13,3492700,0.0,0.0
2013-07-31,52.18,52.92,51.96,52.58,4840200,0.0,0.0
2013-08-01,53.03,53.21,52.76,53.16,3366300,0.0,0.0
2013-08-02,52.93,53.17,52.67,52.88,4230600,0.0,0.0
2013-08-05,53.05,53.08,52.66,52.69,4656600,0.0,0.0
2013-08-06,52.53,52.56,50.87,51.22,8477700,0.0,0.0
2013-08-07,50.7,50.78,49.83,50.56,6288900,0.0,0.0
2013-08-08,50.77,50.88,50.09,50.74,5090000,0.0,0.0
2013-08-09,50.61,51.28,50.45,50.86,5089200,0.0,0.0
2013-08-12,50.48,51.31,50.33,51.21,4773600,0.0,0.0
2013-08-13,51.3,51.72,51.09,51.58,4390400,0.0,0.0
2013-08-14,51.53,51.53,50.97,50.98,4391600,0.0,0.0
2013-08-15,50.54,50.63,49.99,50.15,4339000,0.0,0.0
2013-08-16,49.98,50.45,49.89,50.09,5440500,0.0,0.0
2013-08-19,49.91,50.32,49.86,49.98,3735600,0.0,0.0
2013-08-20,50.06,51.04,49.99,50.69,4621300,0.0,0.0
2013-08-21,50.51,50.51,49.65,49.68,4936400,0.0,0.0
2013-08-22,49.86,50.16,49.77,49.92,4125600,0.0,0.0
2013-08-23,50.04,50.08,49.57,49.57,6781800,0.0,0.0
2013-08-26,49.56,50.27,49.56,49.8,4200100,0.0,0.0
2013-08-27,49.4,49.66,49.21,49.33,5495900,0.0,0.0
2013-08-28,49.24,49.62,48.92,48.98,6158400,0.0,0.0
2013-08-29,48.84,49.91,48.8,49.45,4047300,0.0,0.0
2013-08-30,49.57,49.85,49.27,49.64,4560900,0.0,0.0
2013-09-03,49.98,50.19,49.76,50.04,4350500,0.0,0.0
2013-09-04,50.04,50.28,49.8,50.13,3855500,0.0,0.0
2013-09-05,49.75,50.34,49.62,49.99,4080900,0.0,0.0
2013-09-06,50.1,50.48,49.56,50.14,4880400,0.0,0.0
2013-09-09,50.22,50.35,49.89,50.26,4849700,0.0,0.0
2013-09-10,50.55,50.8,50.33,50.64,4715900,0.0,0.0
2013-09-11,50.66,51.16,50.66,50.97,4281300,0.0,0.0
2013-09-12,51.07,51.31,50.86,50.89,4700200,0.0,0.0
2013-09-13,50.98,51.33,50.92,51.22,3499800,0.0,0.0
2013-09-16,51.64,52.31,51.64,52.12,5386200,0.0,0.0
2013-09-17,52.11,52.23,51.91,52.17,4811600,0.0,0.0
2013-09-18,52.13,52.45,50.91,51.79,10955500,0.0,0.0
2013-09-19,51.81,51.83,51.03,51.14,7510700,0.0,0.0
2013-09-20,51.04,51.07,49.85,50.05,9886000,0.0,0.0
2013-09-23,49.9,49.94,49.44,49.77,6487700,0.0,0.0
2013-09-24,49.81,49.9,49.47,49.53,5337800,0.0,0.0
2013-09-25,49.56,50.13,49.29,49.41,5034400,0.0,0.0
2013-09-26,49.51,50.19,49.49,49.74,4841300,0.0,0.0
2013-09-27,49.67,49.67,49.31,49.43,3481200,0.0,0.0
2013-09-30,49.15,49.3,48.46,48.53,7556700,0.0,0.0
2013-10-01,48.54,49.54,48.54,49.21,7224600,0.0,0.0
2013-10-02,48.88,48.91,48.4,48.83,6636800,0.0,0.0
2013-10-03,48.91,48.98,48.26,48.44,7581900,0.0,0.0
2013-10-04,48.33,48.81,48.16,48.64,5045400,0.0,0.0
2013-10-07,48.19,48.85,48.18,48.51,4334100,0.0,0.0
2013-10-08,48.76,49.59,48.75,48.79,8410300,0.0,0.0
2013-10-09,48.84,49.85,48.7,49.63,9597600,0.0,0.0
2013-10-10,50.08,50.38,49.84,50.21,6285400,0.0,0.0
2013-10-11,50.21,50.97,50.2,50.94,4879100,0.0,0.0
2013-10-14,50.58,51.13,50.45,51.04,3496500,0.0,0.0
2013-10-15,50.92,50.97,50.41,50.51,5212100,0.0,0.0
2013-10-16,50.82,50.82,50.41,50.59,7629800,0.0,0.0
2013-10-17,50.25,51.57,49.66,51.51,5550400,0.225,0.0
2013-10-18,51.86,52.56,51.69,52.37,8490100,0.0,0.0
2013-10-21,52.24,52.54,51.75,51.83,4524000,0.0,0.0
2013-10-22,52.0,54.0,51.83,52.69,10257700,0.0,0.0
2013-10-23,52.43,53.03,52.29,52.76,6285100,0.0,0.0
2013-10-24,52.73,53.41,52.61,53.28,5585700,0.0,0.0
2013-10-25,53.21,53.33,52.43,52.72,5447800,0.0,0.0
2013-10-28,52.95,53.58,52.75,53.0,6443100,0.0,0.0
2013-10-29,53.11,53.78,53.09,53.69,5547600,0.0,0.0
2013-10-30,53.69,53.79,53.14,53.41,4007900,0.0,0.0
2013-10-31,53.39,53.77,53.11,53.45,5156500,0.0,0.0
2013-11-01,53.58,53.99,53.58,53.73,5112300,0.0,0.0
2013-11-04,53.83,53.94,53.16,53.2,6774100,0.0,0.0
2013-11-05,54.49,55.32,53.75,54.27,10424900,0.0,0.0
2013-11-06,54.75,54.91,54.51,54.83,6826300,0.0,0.0
2013-11-07,54.8,54.94,54.33,54.54,6027200,0.0,0.0
2013-11-08,54.54,54.85,54.33,54.75,6221000,0.0,0.0
2013-11-11,54.83,55.08,54.72,54.88,2994100,0.0,0.0
2013-11-12,54.72,54.97,54.55,54.9,4380700,0.0,0.0
2013-11-13,55.32,55.36,54.66,55.27,4085000,0.0,0.0
2013-11-14,55.31,56.18,55.18,56.03,4630900,0.0,0.0
2013-11-15,55.89,56.4,55.83,56.33,3816100,0.0,0.0
2013-11-18,56.31,56.39,56.0,56.17,4680200,0.0,0.0
2013-11-19,56.26,56.44,55.93,55.99,4042200,0.0,0.0
2013-11-20,56.09,56.43,55.93,56.16,3642300,0.0,0.0
2013-11-21,56.17,56.81,56.14,56.73,4072100,0.0,0.0
2013-11-22,56.64,57.27,56.64,57.24,4491400,0.0,0.0
2013-11-25,57.27,57.51,57.14,57.33,3546600,0.0,0.0
2013-11-26,57.22,57.69,56.71,56.73,5557500,0.0,0.0
2013-11-27,56.98,57.48,56.84,57.31,4943600,0.0,0.0
2013-11-29,57.59,58.06,57.43,57.48,3940100,0.0,0.0
2013-12-02,57.6,57.94,56.86,57.21,4813000,0.0,0.0
2013-12-03,56.72,57.47,56.71,57.3,4513400,0.0,0.0
2013-12-04,57.07,57.22,56.18,56.76,5261300,0.0,0.0
2013-12-05,56.71,57.11,56.46,56.54,4088300,0.0,0.0
2013-12-06,56.93,57.49,56.89,57.3,4028600,0.0,0.0
2013-12-09,57.41,57.59,56.84,57.28,5023400,0.0,0.0
2013-12-10,57.17,58.89,56.85,58.36,9875700,0.0,0.0
2013-12-11,58.39,59.0,58.31,58.49,7210300,0.0,0.0
2013-12-12,58.61,58.63,57.93,58.0,4907400,0.0,0.0
2013-12-13,58.13,58.29,57.51,57.78,3883000,0.0,0.0
2013-12-16,58.07,58.68,57.89,58.19,4879600,0.0,0.0
2013-12-17,58.24,58.3,57.32,57.35,5943300,0.0,0.0
2013-12-18,57.62,59.82,57.62,59.82,10322500,0.0,0.0
2013-12-19,59.78,60.44,59.56,60.21,5950000,0.0,0.0
2013-12-20,60.05,60.84,59.89,60.14,14986500,0.0,0.0
2013-12-23,60.52,60.72,60.19,60.54,3847700,0.0,0.0
2013-12-24,60.57,61.2,60.57,60.93,1698200,0.0,0.0
2013-12-26,60.95,61.29,60.94,61.19,2371500,0.0,0.0
2013-12-27,61.25,61.8,61.21,61.43,2440400,0.0,0.0
2013-12-30,61.28,61.68,61.28,61.45,2513600,0.0,0.0
2013-12-31,61.63,61.78,61.21,61.44,2301600,0.0,0.0
2014-01-02,61.09,61.27,60.24,60.43,4485800,0.0,0.0
2014-01-03,60.56,60.76,60.31,60.56,3885500,0.0,0.0
2014-01-06,60.73,60.8,59.49,59.5,6345100,0.0,0.0
2014-01-07,59.69,59.87,59.42,59.81,4524200,0.0,0.0
2014-01-08,59.9,60.03,59.36,59.89,5067700,0.0,0.0
2014-01-09,60.48,60.6,59.51,60.02,4960900,0.0,0.0
2014-01-10,59.93,60.09,59.09,59.67,6859100,0.0,0.0
2014-01-13,59.51,59.81,58.74,58.84,3638100,0.0,0.0
2014-01-14,58.9,59.09,58.49,58.79,5835700,0.0,0.0
2014-01-15,58.91,59.23,58.27,58.62,5842200,0.0,0.0
2014-01-16,58.54,58.61,58.17,58.48,5865400,0.0,0.0
2014-01-17,58.79,58.83,58.45,58.58,4551300,0.275,0.0
2014-01-21,59.38,59.38,58.9,59.12,6548600,0.275,0.0
2014-01-22,59.41,60.28,59.37,59.86,6294500,0.0,0.0
2014-01-23,59.46,59.52,58.93,59.25,5633800,0.0,0.0
2014-01-24,59.17,59.22,58.53,58.53,5717100,0.0,0.0
2014-01-27,58.55,58.8,58.04,58.44,7289100,0.0,0.0
2014-01-28,58.55,59.52,58.55,59.3,5159100,0.0,0.0
2014-01-29,58.85,58.9,58.12,58.28,8339300,0.0,0.0
2014-01-30,58.67,59.05,58.27,58.54,5060500,0.0,0.0
2014-01-31,57.8,58.91,57.18,58.6,7388500,0.0,0.0
2014-02-03,58.43,58.56,56.84,56.93,7016400,0.0,0.0
2014-02-04,57.51,57.78,56.87,57.21,6137800,0.0,0.0
2014-02-05,56.3,57.12,56.21,56.63,10092700,0.0,0.0
2014-02-06,56.66,57.24,56.52,57.21,5927800,0.0,0.0
2014-02-07,57.13,57.96,57.08,57.5,6206000,0.0,0.0
2014-02-10,57.48,57.98,57.43,57.93,8584200,0.0,0.0
2014-02-11,60.33,60.33,59.03,59.51,13618000,0.0,0.0
2014-02-12,59.41,59.8,59.18,59.31,5947700,0.0,0.0
2014-02-13,59.02,60.21,58.93,60.13,6027800,0.0,0.0
2014-02-14,60.02,60.74,59.82,60.49,5127000,0.0,0.0
2014-02-18,60.99,61.05,60.61,60.85,6868500,0.0,0.0
2014-02-19,60.72,61.2,60.51,60.66,5624400,0.0,0.0
2014-02-20,60.76,61.77,60.64,61.71,5607900,0.0,0.0
2014-02-21,61.6,62.01,61.56,61.62,4908400,0.0,0.0
2014-02-24,61.85,62.41,61.75,61.76,4915900,0.0,0.0
2014-02-25,61.86,62.48,61.76,62.45,4868100,0.0,0.0
2014-02-26,62.46,62.85,62.31,62.48,5260200,0.0,0.0
2014-02-27,62.42,62.57,62.04,62.45,4999500,0.0,0.0
2014-02-28,62.53,63.71,62.43,63.3,7556300,0.0,0.0
2014-03-03,62.82,63.26,62.53,62.82,5767500,0.0,0.0
2014-03-04,63.41,63.51,63.07,63.26,5744700,0.0,0.0
2014-03-05,63.3,63.68,63.2,63.33,4611200,0.0,0.0
2014-03-06,63.94,63.94,63.16,63.36,3713900,0.0,0.0
2014-03-07,63.6,63.85,63.29,63.59,3726600,0.0,0.0
2014-03-10,63.54,63.78,63.29,63.67,4067700,0.0,0.0
2014-03-11,63.75,63.78,62.74,62.91,4723800,0.0,0.0
2014-03-12,62.63,63.07,62.35,63.07,4015700,0.0,0.0
2014-03-13,63.24,63.42,62.62,62.74,5119400,0.0,0.0
2014-03-14,62.57,63.62,62.57,62.96,5486000,0.0,0.0
2014-03-17,63.0,64.39,63.0,64.35,6306200,0.0,0.0
2014-03-18,64.4,64.43,63.54,63.77,5064000,0.0,0.0
2014-03-19,63.87,64.25,63.23,63.62,4331600,0.0,0.0
2014-03-20,63.49,64.14,63.4,64.03,3550500,0.0,0.0
2014-03-21,64.52,64.86,63.91,64.86,14439400,0.0,0.0
2014-03-24,64.48,64.62,63.81,64.34,8511600,0.0,0.0
2014-03-25,64.66,64.95,64.44,64.86,5216500,0.0,0.0
2014-03-26,65.58,66.08,65.01,65.16,7771800,0.0,0.0
2014-03-27,64.64,65.03,64.05,64.15,5315700,0.0,0.0
2014-03-28,64.3,64.47,63.91,64.26,5220200,0.0,0.0
2014-03-31,64.74,65.1,64.52,64.78,4355100,0.0,0.0
2014-04-01,64.52,64.98,64.13,64.29,5298500,0.0,0.0
2014-04-02,63.95,65.0,63.91,64.71,5194600,0.0,0.0
2014-04-03,64.69,65.2,64.61,65.11,4342400,0.0,0.0
2014-04-04,65.39,65.77,64.55,64.64,5133900,0.0,0.0
2014-04-07,64.73,64.73,63.88,63.89,5449200,0.0,0.0
2014-04-08,63.83,64.03,63.23,63.33,8632600,0.0,0.0
2014-04-09,63.37,64.45,63.32,64.43,5787200,0.0,0.0
2014-04-10,64.46,65.26,63.11,63.11,6124000,0.0,0.0
2014-04-11,62.78,63.36,62.63,62.81,5611800,0.0,0.0
2014-04-14,63.32,63.62,62.98,63.49,5049300,0.0,0.0
2014-04-15,63.68,63.96,62.64,63.55,5297900,0.0,0.0
2014-04-16,64.1,64.25,63.62,63.96,4660000,0.0,0.0
2014-04-17,63.71,64.37,63.69,64.05,5442000,0.275,0.0
2014-04-21,63.96,64.31,63.85,63.99,5247400,0.0,0.0
2014-04-22,64.14,64.16,63.6,63.62,5001600,0.0,0.0
2014-04-23,63.62,63.96,63.38,63.49,3499300,0.0,0.0
2014-04-24,63.64,63.97,63.38,63.47,5217900,0.0,0.0
2014-04-25,63.41,63.96,63.38,63.62,4397100,0.0,0.0
2014-04-28,64.03,64.77,63.63,63.94,7684400,0.0,0.0
2014-04-29,63.99,64.33,63.78,63.82,5027100,0.0,0.0
2014-04-30,63.51,63.57,62.92,63.17,8734100,0.0,0.0
2014-05-01,62.92,63.65,62.92,63.49,7016700,0.0,0.0
2014-05-02,63.29,64.23,62.91,64.16,6912000,0.0,0.0
2014-05-05,64.06,65.76,63.71,65.13,6211400,0.0,0.0
2014-05-06,65.06,65.14,64.55,64.66,4329800,0.0,0.0
2014-05-07,64.98,66.02,64.61,65.93,5480200,0.0,0.0
2014-05-08,65.78,66.22,65.47,65.89,6199400,0.0,0.0
2014-05-09,65.82,66.4,65.5,66.26,4212500,0.0,0.0
2014-05-12,66.45,67.0,66.38,66.73,4334100,0.0,0.0
2014-05-13,66.71,66.88,66.38,66.49,3476700,0.0,0.0
2014-05-14,66.15,66.43,65.93,66.02,2814000,0.0,0.0
2014-05-15,65.99,66.02,64.92,65.63,3799900,0.0,0.0
2014-05-16,65.63,66.61,65.56,66.51,5378500,0.0,0.0
2014-05-19,66.25,66.62,66.05,66.25,4314500,0.0,0.0
2014-05-20,66.25,66.48,65.85,65.96,2931700,0.0,0.0
2014-05-21,66.29,66.71,66.1,66.62,3370000,0.0,0.0
2014-05-22,66.57,67.21,66.48,67.07,3546400,0.0,0.0
2014-05-23,67.17,67.24,66.88,66.99,2494100,0.0,0.0
2014-05-27,67.15,67.17,66.88,67.03,2747300,0.0,0.0
2014-05-28,67.08,67.54,67.06,67.1,3744700,0.0,0.0
2014-05-29,67.33,67.63,66.95,67.46,3321400,0.0,0.0
2014-05-30,67.58,68.18,67.48,68.03,5286500,0.0,0.0
2014-06-02,68.07,68.27,67.81,68.01,2151100,0.0,0.0
2014-06-03,67.97,68.17,67.48,67.5,2946200,0.0,0.0
2014-06-04,67.57,67.95,67.21,67.89,2891900,0.0,0.0
2014-06-05,67.66,68.5,67.47,68.29,3309800,0.0,0.0
2014-06-06,68.48,69.0,68.33,68.55,2978500,0.0,0.0
2014-06-09,68.47,68.49,68.07,68.23,2890000,0.0,0.0
2014-06-10,68.13,68.15,67.58,67.77,2704800,0.0,0.0
2014-06-11,67.53,67.75,67.12,67.16,3125500,0.0,0.0
2014-06-12,67.01,67.1,65.86,66.0,3777700,0.0,0.0
2014-06-13,66.25,66.31,65.47,65.89,3107200,0.0,0.0
2014-06-16,65.8,66.33,65.65,66.14,3992800,0.0,0.0
2014-06-17,66.09,66.43,65.94,66.19,2780300,0.0,0.0
2014-06-18,66.77,67.22,66.12,67.2,3481600,0.0,0.0
2014-06-19,67.29,67.53,67.16,67.28,4535000,0.0,0.0
2014-06-20,67.52,67.65,66.64,66.7,6127200,0.0,0.0
2014-06-23,66.68,66.69,66.02,66.29,3573100,0.0,0.0
2014-06-24,65.76,66.22,64.83,65.56,5865300,0.0,0.0
2014-06-25,65.63,65.83,65.21,65.55,4240500,0.0,0.0
2014-06-26,65.56,66.07,65.24,65.62,4008400,0.0,0.0
2014-06-27,65.54,65.82,65.31,65.77,7274100,0.0,0.0
2014-06-30,65.79,66.14,65.33,65.47,3982700,0.0,0.0
2014-07-01,65.92,66.3,65.51,66.05,3361300,0.0,0.0
2014-07-02,66.01,66.65,65.8,66.23,2759100,0.0,0.0
2014-07-03,66.38,66.82,66.29,66.74,2040800,0.0,0.0
2014-07-07,66.55,66.88,66.43,66.6,2439600,0.0,0.0
2014-07-08,66.52,66.59,66.17,66.48,3318100,0.0,0.0
2014-07-09,66.75,66.85,66.23,66.75,3127300,0.0,0.0
2014-07-10,66.22,66.82,66.05,66.55,2911700,0.0,0.0
2014-07-11,66.49,66.91,66.28,66.8,2269000,0.0,0.0
2014-07-14,67.0,67.35,66.97,67.14,2272700,0.0,0.0
2014-07-15,67.07,67.45,66.82,67.24,3502300,0.0,0.0
2014-07-16,67.48,67.62,66.8,66.91,2796300,0.0,0.0
2014-07-17,66.79,67.13,66.33,66.35,2418500,0.275,0.0
2014-07-18,66.53,67.58,66.46,67.53,3247700,0.0,0.0
2014-07-21,67.12,67.38,66.73,67.16,3152200,0.0,0.0
2014-07-22,67.22,68.04,67.14,67.88,2697100,0.0,0.0
2014-07-23,67.84,68.16,67.62,68.11,2314500,0.0,0.0
2014-07-24,68.29,68.88,68.14,68.77,3798100,0.0,0.0
2014-07-25,68.65,69.05,68.53,68.97,3295000,0.0,0.0
2014-07-28,68.87,69.0,68.16,68.33,4278500,0.0,0.0
2014-07-29,68.42,68.55,67.83,67.83,3372500,0.0,0.0
2014-07-30,68.0,68.17,67.5,67.77,4014400,0.0,0.0
2014-07-31,67.39,67.77,66.57,66.57,4385900,0.0,0.0
2014-08-01,66.43,67.2,66.43,66.68,4483000,0.0,0.0
2014-08-04,66.71,67.54,66.69,67.45,4396200,0.0,0.0
2014-08-05,68.0,68.83,66.4,67.36,6797600,0.0,0.0
2014-08-06,65.14,67.5,65.11,67.15,11306300,0.0,0.0
2014-08-07,67.56,67.67,65.93,66.35,5665500,0.0,0.0
2014-08-08,66.47,67.93,66.41,67.83,4574600,0.0,0.0
2014-08-11,68.01,68.6,67.95,68.31,3248700,0.0,0.0
2014-08-12,68.18,68.73,68.1,68.58,2425000,0.0,0.0
2014-08-13,68.81,69.0,68.38,68.79,3448300,0.0,0.0
2014-08-14,68.92,69.16,68.77,69.13,2696200,0.0,0.0
2014-08-15,69.13,69.3,68.38,68.79,3308500,0.0,0.0
2014-08-18,69.01,69.24,68.78,69.0,2205900,0.0,0.0
2014-08-19,69.13,69.34,68.84,69.33,2251800,0.0,0.0
2014-08-20,69.25,69.53,69.02,69.4,2584500,0.0,0.0
2014-08-21,69.56,69.58,68.81,68.85,2597400,0.0,0.0
2014-08-22,68.79,69.39,68.79,69.08,3502200,0.0,0.0
2014-08-25,69.25,69.54,68.96,69.05,2500700,0.0,0.0
2014-08-26,69.02,69.43,68.78,69.17,2727200,0.0,0.0
2014-08-27,69.29,69.52,69.09,69.24,2093100,0.0,0.0
2014-08-28,69.14,69.39,68.84,69.24,1811400,0.0,0.0
2014-08-29,69.3,69.57,69.11,69.26,2416200,0.0,0.0
2014-09-02,69.28,69.56,69.06,69.5,2565800,0.0,0.0
2014-09-03,69.64,70.28,69.45,70.05,3512200,0.0,0.0
2014-09-04,70.11,70.75,69.76,70.01,4924000,0.0,0.0
2014-09-05,70.15,71.18,69.84,71.17,3567400,0.0,0.0
2014-09-08,71.24,71.59,70.74,70.96,3357600,0.0,0.0
2014-09-09,71.05,71.1,70.24,70.49,3849300,0.0,0.0
2014-09-10,70.42,70.78,70.25,70.53,2751100,0.0,0.0
2014-09-11,70.4,70.8,70.39,70.69,3926300,0.0,0.0
2014-09-12,70.93,70.93,70.03,70.24,2867800,0.0,0.0
2014-09-15,70.65,70.86,70.52,70.82,4369500,0.0,0.0
2014-09-16,70.75,71.98,70.74,71.67,3832000,0.0,0.0
2014-09-17,71.4,71.91,71.27,71.69,3570100,0.0,0.0
2014-09-18,71.43,71.6,70.65,70.77,4831000,0.0,0.0
2014-09-19,71.2,71.27,70.64,70.93,5876000,0.0,0.0
2014-09-22,70.81,70.86,70.15,70.26,3534200,0.0,0.0
2014-09-23,70.23,70.39,69.58,69.73,3684000,0.0,0.0
2014-09-24,70.04,70.52,69.86,70.45,4268700,0.0,0.0
2014-09-25,70.25,70.43,69.49,69.6,3899100,0.0,0.0
2014-09-26,69.41,70.12,69.4,69.99,3917500,0.0,0.0
2014-09-29,69.51,69.91,69.1,69.77,3026900,0.0,0.0
2014-09-30,69.74,70.01,69.26,69.38,4049100,0.0,0.0
2014-10-01,69.26,69.59,68.91,68.99,6973100,0.0,0.0
2014-10-02,69.07,69.97,68.89,69.79,6297000,0.0,0.0
2014-10-03,70.11,70.96,69.83,70.9,5630700,0.0,0.0
2014-10-06,71.1,71.41,70.68,70.91,3370500,0.0,0.0
2014-10-07,70.63,71.48,70.47,70.64,4676200,0.0,0.0
2014-10-08,70.86,71.97,70.65,71.94,4846500,0.0,0.0
2014-10-09,71.95,72.53,71.41,71.44,5075700,0.0,0.0
2014-10-10,71.65,72.75,71.2,71.9,7263100,0.0,0.0
2014-10-13,71.94,71.94,69.76,69.84,7516200,0.0,0.0
2014-10-14,70.31,70.86,70.08,70.33,7812900,0.0,0.0
2014-10-15,69.47,69.72,67.57,68.86,9026300,0.0,0.0
2014-10-16,67.73,69.43,67.47,68.7,7354300,0.0,0.0
2014-10-17,69.63,69.89,68.84,69.7,5568000,0.0,0.0
2014-10-20,69.79,71.46,69.61,71.27,5721400,0.0,0.0
2014-10-21,71.51,72.69,71.3,72.53,5166000,0.275,0.0
2014-10-22,72.67,73.29,72.46,72.82,5206000,0.0,0.0
2014-10-23,73.4,73.87,72.98,73.12,3969400,0.0,0.0
2014-10-24,73.19,73.78,72.97,73.73,2709200,0.0,0.0
2014-10-27,73.73,74.54,73.66,74.21,3602500,0.0,0.0
2014-10-28,74.52,74.58,74.09,74.52,3386900,0.0,0.0
2014-10-29,74.41,75.0,73.98,74.51,3379100,0.0,0.0
2014-10-30,74.22,75.18,74.16,74.83,3102700,0.0,0.0
2014-10-31,75.82,76.24,74.98,75.06,6211000,0.0,0.0
2014-11-03,75.25,75.82,75.14,75.33,5217300,0.0,0.0
2014-11-04,74.22,75.41,73.13,74.76,6300000,0.0,0.0
2014-11-05,75.51,76.87,74.94,76.54,5460700,0.0,0.0
2014-11-06,76.62,77.39,76.4,77.35,3994900,0.0,0.0
2014-11-07,77.12,77.33,76.74,77.3,3651200,0.0,0.0
2014-11-10,77.07,78.03,76.9,78.01,3489300,0.0,0.0
2014-11-11,78.14,78.88,78.12,78.51,3330300,0.0,0.0
2014-11-12,78.38,78.55,77.86,78.1,3000800,0.0,0.0
2014-11-13,78.25,78.84,78.2,78.84,3489000,0.0,0.0
2014-11-14,78.81,78.94,77.87,77.96,5289500,0.0,0.0
2014-11-17,77.96,78.84,77.96,78.83,4021400,0.0,0.0
2014-11-18,78.76,79.12,78.49,78.83,3938900,0.0,0.0
2014-11-19,78.77,79.05,78.14,78.36,4060500,0.0,0.0
2014-11-20,78.21,78.47,77.79,78.07,3513100,0.0,0.0
2014-11-21,78.39,78.7,78.05,78.14,4319400,0.0,0.0
2014-11-24,78.54,79.69,78.43,79.48,4193800,0.0,0.0
2014-11-25,79.67,79.67,78.84,78.98,3907800,0.0,0.0
2014-11-26,79.29,79.53,78.91,79.5,2112300,0.0,0.0
2014-11-28,79.78,80.47,79.72,79.91,1966200,0.0,0.0
2014-12-01,79.96,79.96,78.7,78.86,3788500,0.0,0.0
2014-12-02,78.82,79.13,78.63,78.8,3671400,0.0,0.0
2014-12-03,78.63,78.94,77.8,77.97,4429200,0.0,0.0
2014-12-04,78.3,78.7,77.88,78.58,4141500,0.0,0.0
2014-12-05,78.72,79.36,78.41,79.33,3074700,0.0,0.0
2014-12-08,79.08,79.79,79.0,79.39,2779000,0.0,0.0
2014-12-09,78.69,79.83,78.54,79.82,3364900,0.0,0.0
2014-12-10,79.72,79.89,78.78,78.82,4549600,0.0,0.0
2014-12-11,78.98,80.25,78.9,79.54,4068000,0.0,0.0
2014-12-12,79.13,80.34,78.65,78.67,4312700,0.0,0.0
2014-12-15,79.56,80.06,78.12,78.61,6389600,0.0,0.0
2014-12-16,79.79,82.75,79.62,80.74,10159000,0.0,0.0
2014-12-17,81.19,82.88,81.08,82.37,6906500,0.0,0.0
2014-12-18,83.16,83.56,82.34,83.55,5929400,0.0,0.0
2014-12-19,84.25,84.61,83.4,83.71,9799900,0.0,0.0
2014-12-22,83.8,84.94,83.76,84.94,4196500,0.0,0.0
2014-12-23,85.41,85.84,84.73,85.61,4417500,0.0,0.0
2014-12-24,85.63,86.14,85.48,85.62,2590300,0.0,0.0
2014-12-26,86.24,86.26,85.65,85.94,2279200,0.0,0.0
2014-12-29,85.56,86.15,85.03,85.33,3142500,0.0,0.0
2014-12-30,84.98,85.67,84.9,85.31,2640000,0.0,0.0
2014-12-31,85.53,85.61,84.14,84.24,3406100,0.0,0.0
2015-01-02,84.42,84.73,82.55,83.18,5124200,0.0,0.0
2015-01-05,82.74,83.0,82.11,82.36,5887900,0.0,0.0
2015-01-06,82.77,83.36,81.94,82.42,5538700,0.0,0.0
2015-01-07,83.02,83.95,82.76,83.91,5792700,0.0,0.0
2015-01-08,84.73,85.72,84.7,85.69,6530700,0.0,0.0
2015-01-09,85.45,86.01,84.77,85.65,4457900,0.0,0.0
2015-01-12,85.26,85.82,84.87,85.02,5104300,0.0,0.0
2015-01-13,85.83,86.66,84.45,85.05,4069500,0.0,0.0
2015-01-14,84.84,85.27,84.25,85.13,4704500,0.0,0.0
2015-01-15,85.47,85.76,84.85,84.99,3784800,0.0,0.0
2015-01-16,84.68,86.5,84.6,86.37,4748900,0.0,0.0
2015-01-20,86.98,87.26,85.49,86.35,4612000,0.35,0.0
2015-01-21,86.81,87.35,86.21,87.34,5088500,0.0,0.0
2015-01-22,87.72,88.37,87.3,88.03,5184300,0.0,0.0
2015-01-23,88.17,88.96,87.79,88.32,4595500,0.0,0.0
2015-01-26,88.07,88.72,87.84,88.67,2858900,0.0,0.0
2015-01-27,87.83,88.93,87.61,88.5,3916900,0.0,0.0
2015-01-28,88.89,89.18,87.31,87.43,4844100,0.0,0.0
2015-01-29,87.3,87.93,87.09,87.88,4900800,0.0,0.0
2015-01-30,87.06,87.66,86.06,86.16,6161100,0.0,0.0
2015-02-02,86.32,87.1,85.2,87.0,4415500,0.0,0.0
2015-02-03,87.4,87.93,86.77,87.89,4297300,0.0,0.0
2015-02-04,87.8,88.78,87.55,88.18,5714000,0.0,0.0
2015-02-05,88.26,88.62,87.65,88.45,3464300,0.0,0.0
2015-02-06,88.64,89.05,87.93,88.32,4616100,0.0,0.0
2015-02-09,88.32,88.46,86.95,87.39,5458600,0.0,0.0
2015-02-10,88.87,89.43,86.34,89.25,9777600,0.0,0.0
2015-02-11,89.14,90.67,89.14,90.05,6922400,0.0,0.0
2015-02-12,90.43,90.54,89.15,90.41,5279700,0.0,0.0
2015-02-13,90.28,90.53,89.74,90.09,4125600,0.0,0.0
2015-02-17,89.73,90.9,89.35,90.9,5328400,0.0,0.0
2015-02-18,90.72,91.44,90.43,91.38,3860200,0.0,0.0
2015-02-19,91.35,91.52,89.93,90.08,3578400,0.0,0.0
2015-02-20,89.85,90.17,89.42,90.15,4313300,0.0,0.0
2015-02-23,90.19,90.99,89.97,90.64,3619600,0.0,0.0
2015-02-24,90.84,90.9,90.17,90.73,3423900,0.0,0.0
2015-02-25,90.56,91.37,90.45,90.8,3655500,0.0,0.0
2015-02-26,90.85,91.71,90.83,91.44,3497000,0.0,0.0
2015-02-27,91.07,91.75,90.95,91.18,3808900,0.0,0.0
2015-03-02,91.38,92.03,91.3,91.46,3189300,0.0,0.0
2015-03-03,91.44,91.62,90.38,90.81,4044500,0.0,0.0
2015-03-04,90.47,90.81,90.21,90.48,3079500,0.0,0.0
2015-03-05,90.85,90.9,90.13,90.73,3619100,0.0,0.0
2015-03-06,89.91,90.14,89.14,89.45,4639800,0.0,0.0
2015-03-09,89.61,90.2,89.35,89.97,4217200,0.0,0.0
2015-03-10,89.18,89.83,89.1,89.12,3951300,0.0,0.0
2015-03-11,89.47,89.67,89.11,89.15,3319900,0.0,0.0
2015-03-12,89.52,90.56,89.42,90.38,3731900,0.0,0.0
2015-03-13,90.51,91.22,90.18,90.64,4855000,0.0,0.0
2015-03-16,90.99,91.75,90.86,91.63,4873900,0.0,0.0
2015-03-17,91.25,91.33,90.43,90.43,4613600,0.0,0.0
2015-03-18,90.21,91.16,89.32,90.84,6695300,0.0,0.0
2015-03-19,90.92,91.05,90.52,90.71,3383500,0.0,0.0
2015-03-20,91.29,91.9,90.84,91.17,9136400,0.0,0.0
2015-03-23,91.33,92.48,91.25,91.78,4167000,0.0,0.0
2015-03-24,91.84,92.57,91.62,91.72,3532700,0.0,0.0
2015-03-25,92.1,92.11,90.16,90.18,4073600,0.0,0.0
2015-03-26,89.94,90.32,89.34,89.53,4265300,0.0,0.0
2015-03-27,89.51,90.37,89.46,89.97,4541600,0.0,0.0
2015-03-30,89.88,91.38,89.5,91.14,3978600,0.0,0.0
2015-03-31,91.13,91.55,90.54,90.6,3779400,0.0,0.0
2015-04-01,90.11,90.18,88.92,89.76,4591200,0.0,0.0
2015-04-02,89.3,90.65,89.29,90.16,3041400,0.0,0.0
2015-04-06,89.62,91.25,89.56,90.79,3209900,0.0,0.0
2015-04-07,90.76,91.69,90.5,90.53,2923100,0.0,0.0
2015-04-08,90.63,91.19,90.19,90.35,3307100,0.0,0.0
2015-04-09,90.45,90.67,89.39,89.86,5609500,0.0,0.0
2015-04-10,90.03,90.24,89.55,90.01,3606400,0.0,0.0
2015-04-13,89.95,90.55,89.54,89.66,6436900,0.0,0.0
2015-04-14,89.74,90.2,88.99,89.63,4729400,0.0,0.0
2015-04-15,89.75,89.98,89.16,89.3,4363500,0.0,0.0
2015-04-16,89.34,89.47,88.68,88.81,4077700,0.0,0.0
2015-04-17,88.3,88.41,87.12,88.12,6579200,0.0,0.0
2015-04-20,88.49,89.06,88.24,88.9,4559100,0.0,0.0
2015-04-21,89.1,89.47,88.76,89.02,5004400,0.0,0.0
2015-04-22,89.32,89.55,88.34,89.17,5561800,0.35,0.0
2015-04-23,88.88,89.17,88.33,88.86,4120600,0.0,0.0
2015-04-24,88.91,89.71,88.75,89.48,5418800,0.0,0.0
2015-04-27,89.85,90.31,89.13,89.16,5425500,0.0,0.0
2015-04-28,89.14,89.94,88.74,89.82,4087700,0.0,0.0
2015-04-29,89.55,89.8,88.25,88.67,6140400,0.0,0.0
2015-04-30,88.45,89.01,87.21,87.46,7990100,0.0,0.0
2015-05-01,88.9,89.12,86.21,88.49,6699100,0.0,0.0
2015-05-04,88.59,89.25,88.09,88.22,3318800,0.0,0.0
2015-05-05,88.18,88.32,86.49,86.97,4556500,0.0,0.0
2015-05-06,87.04,87.34,86.52,87.09,3648400,0.0,0.0
2015-05-07,87.18,87.68,86.76,87.52,3822900,0.0,0.0
2015-05-08,87.95,89.05,87.95,88.67,4350700,0.0,0.0
2015-05-11,88.53,89.24,88.38,88.52,3129000,0.0,0.0
2015-05-12,88.1,88.75,87.88,88.3,4019500,0.0,0.0
2015-05-13,88.49,88.74,87.62,87.92,3913200,0.0,0.0
2015-05-14,88.44,89.85,88.37,89.81,4289400,0.0,0.0
2015-05-15,89.9,89.97,89.31,89.91,3788700,0.0,0.0
2015-05-18,89.65,90.56,89.58,90.23,2599700,0.0,0.0
2015-05-19,90.42,90.62,89.8,90.13,2969500,0.0,0.0
2015-05-20,90.13,90.13,89.18,89.2,3800400,0.0,0.0
2015-05-21,89.2,92.43,89.05,91.33,7691600,0.0,0.0
2015-05-22,91.52,91.98,91.05,91.56,3671400,0.0,0.0
2015-05-26,91.58,91.89,90.31,90.59,3692500,0.0,0.0
2015-05-27,90.82,91.48,90.76,91.15,3537700,0.0,0.0
2015-05-28,91.18,91.36,90.2,90.89,2599900,0.0,0.0
2015-05-29,90.86,90.91,89.69,90.18,4961500,0.0,0.0
2015-06-01,90.64,90.78,89.92,90.29,3292000,0.0,0.0
2015-06-02,89.89,90.07,89.14,89.7,3002400,0.0,0.0
2015-06-03,90.2,90.37,89.66,89.77,2780300,0.0,0.0
2015-06-04,89.14,89.81,88.33,88.85,3896100,0.0,0.0
2015-06-05,88.63,88.75,87.92,88.04,3536400,0.0,0.0
2015-06-08,87.93,88.07,87.35,87.56,3161400,0.0,0.0
2015-06-09,87.56,88.48,87.33,88.07,3299700,0.0,0.0
2015-06-10,88.52,90.18,88.44,89.96,3909200,0.0,0.0
2015-06-11,90.3,91.05,90.16,90.4,3361300,0.0,0.0
2015-06-12,90.07,90.57,89.56,90.04,2930900,0.0,0.0
2015-06-15,90.61,91.03,89.72,90.36,5501500,0.0,0.0
2015-06-16,90.38,90.97,90.09,90.88,4010100,0.0,0.0
2015-06-17,91.27,91.75,90.89,91.45,3101900,0.0,0.0
2015-06-18,91.67,93.37,91.64,92.54,4827100,0.0,0.0
2015-06-19,92.9,93.44,92.29,92.9,5664400,0.0,0.0
2015-06-22,93.31,93.81,93.12,93.49,3515700,0.0,0.0
2015-06-23,93.76,93.97,93.2,93.78,3787300,0.0,0.0
2015-06-24,93.54,94.14,92.47,92.78,4655100,0.0,0.0
2015-06-25,92.94,93.47,91.93,92.5,5300400,0.0,0.0
2015-06-26,92.81,93.26,92.33,93.23,15550100,0.0,0.0
2015-06-29,92.47,93.21,92.28,92.32,4671900,0.0,0.0
2015-06-30,92.88,93.1,92.25,92.38,4251300,0.0,0.0
2015-07-01,93.15,93.26,92.36,93.11,3909500,0.0,0.0
2015-07-02,93.22,93.56,92.81,92.97,2509700,0.0,0.0
2015-07-06,91.5,93.17,91.28,92.32,4041100,0.0,0.0
2015-07-07,92.58,93.75,91.67,93.7,4782300,0.0,0.0
2015-07-08,92.81,93.31,91.77,91.77,4825900,0.0,0.0
2015-07-09,93.38,93.71,93.01,93.1,5564500,0.0,0.0
2015-07-10,94.12,94.91,93.93,94.64,4486600,0.0,0.0
2015-07-13,95.57,96.15,94.97,96.15,3720100,0.0,0.0
2015-07-14,96.19,96.86,95.84,96.73,3756800,0.0,0.0
2015-07-15,96.48,97.12,96.2,96.8,4286800,0.0,0.0
2015-07-16,97.27,97.51,96.93,97.37,2937300,0.0,0.0
2015-07-17,97.37,97.37,96.44,97.02,3004400,0.0,0.0
2015-07-20,97.02,97.91,96.58,97.76,2579300,0.0,0.0
2015-07-21,97.82,98.03,96.82,97.25,2561400,0.35,0.0
2015-07-22,97.3,98.14,97.21,98.06,3130300,0.0,0.0
2015-07-23,98.3,98.65,97.19,97.37,2957600,0.0,0.0
2015-07-24,97.64,98.32,97.11,97.63,3255600,0.0,0.0
2015-07-27,96.92,97.23,96.1,97.0,3979300,0.0,0.0
2015-07-28,97.48,98.89,97.25,98.65,4085500,0.0,0.0
2015-07-29,98.67,100.42,98.66,100.25,4685500,0.0,0.0
2015-07-30,99.58,99.98,99.19,99.8,3920700,0.0,0.0
2015-07-31,100.16,100.29,99.36,99.38,4730100,0.0,0.0
2015-08-03,100.0,100.36,99.01,99.69,4774600,0.0,0.0
2015-08-04,97.85,98.35,94.16,97.16,9542400,0.0,0.0
2015-08-05,97.64,98.58,97.44,98.26,4307500,0.0,0.0
2015-08-06,98.44,98.75,95.51,95.54,6783300,0.0,0.0
2015-08-07,95.54,95.68,94.67,95.2,4548000,0.0,0.0
2015-08-10,96.01,96.62,95.68,95.98,3335700,0.0,0.0
2015-08-11,95.49,96.47,94.93,95.5,2905300,0.0,0.0
2015-08-12,95.07,95.87,94.34,95.71,3913800,0.0,0.0
2015-08-13,96.12,96.2,94.84,95.14,3565200,0.0,0.0
2015-08-14,95.23,95.53,94.83,95.14,2087000,0.0,0.0
2015-08-17,94.61,96.16,94.54,96.09,3405500,0.0,0.0
2015-08-18,95.73,96.18,95.34,95.84,3032900,0.0,0.0
2015-08-19,95.49,95.65,94.19,94.34,4685800,0.0,0.0
2015-08-20,94.02,95.03,93.68,93.68,4754800,0.0,0.0
2015-08-21,92.77,92.98,89.29,90.32,8199200,0.0,0.0
2015-08-24,85.08,92.08,71.9,88.55,13610400,0.0,0.0
2015-08-25,92.02,92.26,88.3,88.36,8518200,0.0,0.0
2015-08-26,91.35,91.49,89.1,90.9,8957800,0.0,0.0
2015-08-27,92.28,93.26,91.06,92.96,6216200,0.0,0.0
2015-08-28,93.13,93.2,91.35,92.06,5082700,0.0,0.0
2015-08-31,92.19,92.21,90.17,90.48,5010200,0.0,0.0
2015-09-01,88.93,89.59,88.19,88.6,6787400,0.0,0.0
2015-09-02,89.67,90.18,88.24,89.34,5809500,0.0,0.0
2015-09-03,89.96,90.86,89.41,89.77,3963300,0.0,0.0
2015-09-04,88.57,89.12,88.04,88.47,4361500,0.0,0.0
2015-09-08,90.1,90.3,88.95,90.25,4641800,0.0,0.0
2015-09-09,91.14,91.53,88.37,88.57,3886700,0.0,0.0
2015-09-10,88.34,89.86,87.99,89.07,4151000,0.0,0.0
2015-09-11,88.87,89.72,88.55,89.71,3381000,0.0,0.0
2015-09-14,89.72,89.86,88.38,88.5,3614100,0.0,0.0
2015-09-15,89.07,90.21,88.46,89.78,3545900,0.0,0.0
2015-09-16,89.75,90.12,89.03,89.72,3471600,0.0,0.0
2015-09-17,89.76,90.69,88.69,89.55,4437500,0.0,0.0
2015-09-18,88.11,89.18,87.32,87.51,8916800,0.0,0.0
2015-09-21,88.16,89.33,87.92,89.17,3889100,0.0,0.0
2015-09-22,88.09,88.58,87.63,88.39,3546700,0.0,0.0
2015-09-23,88.48,89.14,87.89,88.92,4033600,0.0,0.0
2015-09-24,87.92,88.8,87.13,87.63,4894800,0.0,0.0
2015-09-25,88.18,88.24,86.8,87.13,4938400,0.0,0.0
2015-09-28,86.86,86.99,84.85,85.14,5897000,0.0,0.0
2015-09-29,85.14,85.99,83.54,84.05,6944200,0.0,0.0
2015-09-30,85.12,85.61,84.46,85.25,5904400,0.0,0.0
2015-10-01,85.26,85.8,83.97,85.63,6385200,0.0,0.0
2015-10-02,84.46,87.48,84.4,87.44,5549000,0.0,0.0
2015-10-05,88.24,90.35,88.15,90.1,6942400,0.0,0.0
2015-10-06,90.22,90.26,88.04,88.2,4985500,0.0,0.0
2015-10-07,88.87,89.57,88.34,89.25,4393200,0.0,0.0
2015-10-08,89.25,90.57,88.8,90.28,5140000,0.0,0.0
2015-10-09,90.14,90.59,89.71,90.13,4410300,0.0,0.0
2015-10-12,90.31,91.47,90.15,91.08,3443300,0.0,0.0
2015-10-13,90.85,91.7,89.95,90.17,4123700,0.0,0.0
2015-10-14,90.31,90.77,88.38,88.76,4186000,0.0,0.0
2015-10-15,89.24,90.56,88.58,90.49,3729400,0.0,0.0
2015-10-16,91.01,91.74,90.39,91.35,3844200,0.0,0.0
2015-10-19,90.91,91.53,90.57,91.46,3129900,0.0,0.0
2015-10-20,91.61,92.56,91.46,91.85,4620200,0.35,0.0
2015-10-21,92.18,92.71,91.22,91.58,3670900,0.0,0.0
2015-10-22,92.23,92.67,91.58,92.47,6172200,0.0,0.0
2015-10-23,93.07,93.07,90.95,92.16,5838800,0.0,0.0
2015-10-26,92.2,92.51,91.35,91.74,4986400,0.0,0.0
2015-10-27,91.52,93.98,91.37,93.35,6893700,0.0,0.0
2015-10-28,93.2,93.53,90.9,92.04,6465800,0.0,0.0
2015-10-29,92.49,92.86,91.82,92.03,6799100,0.0,0.0
2015-10-30,92.03,92.03,85.47,87.58,23729900,0.0,0.0
2015-11-02,88.17,89.0,87.07,89.0,7290500,0.0,0.0
2015-11-03,88.35,88.98,87.97,88.56,4303500,0.0,0.0
2015-11-04,89.03,89.62,87.21,88.28,7584900,0.0,0.0
2015-11-05,88.48,88.96,87.68,88.25,4105000,0.0,0.0
2015-11-06,87.92,88.3,87.14,87.51,4166700,0.0,0.0
2015-11-09,87.13,87.2,85.99,86.88,4013600,0.0,0.0
2015-11-10,86.81,87.15,86.52,86.75,4400100,0.0,0.0
2015-11-11,86.89,86.99,83.91,84.1,7996700,0.0,0.0
2015-11-12,83.53,83.87,82.24,82.56,8111500,0.0,0.0
2015-11-13,82.06,82.34,81.1,81.4,7508600,0.0,0.0
2015-11-16,81.45,83.02,81.41,83.01,5355600,0.0,0.0
2015-11-17,83.12,84.18,82.65,83.16,4705700,0.0,0.0
2015-11-18,83.21,84.55,83.17,84.4,4932000,0.0,0.0
2015-11-19,84.41,84.57,81.68,82.0,6399000,0.0,0.0
2015-11-20,82.56,82.62,81.38,81.51,6925000,0.0,0.0
2015-11-23,81.52,81.67,79.88,81.18,5968000,0.0,0.0
2015-11-24,80.85,82.08,80.53,81.79,4474400,0.0,0.0
2015-11-25,82.03,83.74,81.99,83.25,5013800,0.0,0.0
2015-11-27,83.51,84.27,83.35,83.9,2688000,0.0,0.0
2015-11-30,83.84,85.08,83.34,83.42,5722100,0.0,0.0
2015-12-01,83.94,84.73,83.46,84.63,6695600,0.0,0.0
2015-12-02,84.18,84.72,83.7,83.79,5505500,0.0,0.0
2015-12-03,83.89,84.4,82.14,82.32,6014000,0.0,0.0
2015-12-04,82.7,84.81,82.62,84.64,5170800,0.0,0.0
2015-12-07,84.94,85.55,84.66,85.42,5330400,0.0,0.0
2015-12-08,84.99,85.47,84.15,84.81,4645000,0.0,0.0
2015-12-09,84.21,85.51,83.44,84.21,5400100,0.0,0.0
2015-12-10,84.15,84.72,83.71,84.0,3513500,0.0,0.0
2015-12-11,84.0,84.0,82.05,82.67,6095900,0.0,0.0
2015-12-14,82.83,83.55,81.9,83.44,5827600,0.0,0.0
2015-12-15,84.2,84.63,82.0,82.09,8631500,0.0,0.0
2015-12-16,83.48,86.72,82.86,86.5,10374000,0.0,0.0
2015-12-17,86.2,86.34,83.97,83.97,6977600,0.0,0.0
2015-12-18,83.43,84.67,82.93,84.1,9128500,0.0,0.0
2015-12-21,84.47,85.41,84.27,85.07,3689800,0.0,0.0
2015-12-22,85.85,87.39,85.4,87.13,6232600,0.0,0.0
2015-12-23,87.43,87.86,86.95,87.34,3796500,0.0,0.0
2015-12-24,87.29,88.01,87.16,87.65,1793000,0.0,0.0
2015-12-28,87.25,87.76,87.0,87.26,2710800,0.0,0.0
2015-12-29,87.69,88.24,87.34,88.09,2819600,0.0,0.0
2015-12-30,88.09,88.31,87.52,87.55,2500700,0.0,0.0
2015-12-31,87.44,87.53,86.67,86.69,3442400,0.0,0.0
2016-01-04,85.27,85.62,84.56,85.52,5911000,0.0,0.0
2016-01-05,85.46,86.14,85.03,85.77,5414800,0.0,0.0
2016-01-06,84.7,85.52,84.29,84.73,5901400,0.0,0.0
2016-01-07,83.79,84.84,83.27,83.5,6309700,0.0,0.0
2016-01-08,83.87,85.12,82.7,82.95,5634400,0.0,0.0
2016-01-11,83.19,84.5,82.98,84.16,6243400,0.0,0.0
2016-01-12,84.8,85.28,83.95,84.84,5333500,0.0,0.0
2016-01-13,84.97,85.67,83.3,83.44,6270900,0.0,0.0
2016-01-14,83.44,85.42,83.44,84.68,4986800,0.0,0.0
2016-01-15,82.91,84.33,82.41,83.25,7556600,0.0,0.0
2016-01-19,84.11,84.73,83.64,84.28,6258600,0.0,0.0
2016-01-20,83.15,84.61,82.25,83.82,7107700,0.425,0.0
2016-01-21,84.21,84.88,83.28,84.14,4845700,0.0,0.0
2016-01-22,85.32,85.58,84.06,85.18,4376900,0.0,0.0
2016-01-25,85.11,85.32,83.71,83.78,5734900,0.0,0.0
2016-01-26,83.83,84.17,83.2,83.75,4529000,0.0,0.0
2016-01-27,83.83,84.88,83.25,84.02,3905600,0.0,0.0
2016-01-28,84.85,84.85,82.9,83.26,4074700,0.0,0.0
2016-01-29,83.9,86.02,83.01,86.02,6245300,0.0,0.0
2016-02-01,85.4,87.18,85.11,86.67,3915200,0.0,0.0
2016-02-02,85.63,85.86,84.37,84.55,4437800,0.0,0.0
2016-02-03,85.12,85.52,83.59,84.94,5070200,0.0,0.0
2016-02-04,84.65,85.1,83.64,84.28,4686800,0.0,0.0
2016-02-05,84.21,84.42,82.43,82.92,6353500,0.0,0.0
2016-02-08,82.13,82.27,79.48,79.84,9664800,0.0,0.0
2016-02-09,77.5,81.9,77.04,80.61,11876900,0.0,0.0
2016-02-10,81.22,84.03,81.1,82.92,7471500,0.0,0.0
2016-02-11,81.78,84.06,81.47,83.6,8835600,0.0,0.0
2016-02-12,84.31,85.47,83.74,85.37,4701700,0.0,0.0
2016-02-16,86.34,86.95,85.8,86.34,5943300,0.0,0.0
2016-02-17,86.74,87.5,86.36,87.0,5626600,0.0,0.0
2016-02-18,86.83,87.04,85.84,86.29,4093200,0.0,0.0
2016-02-19,85.85,86.98,85.55,86.91,4349700,0.0,0.0
2016-02-22,87.31,87.98,86.39,86.8,4200400,0.0,0.0
2016-02-23,86.72,86.83,85.4,86.17,4486900,0.0,0.0
2016-02-24,85.76,86.48,84.55,86.28,6380600,0.0,0.0
2016-02-25,86.71,87.66,86.48,87.64,4619700,0.0,0.0
2016-02-26,87.8,87.97,85.85,86.98,6130100,0.0,0.0
2016-02-29,86.68,87.58,86.51,86.54,4840800,0.0,0.0
2016-03-01,87.42,87.67,86.91,87.55,3483400,0.0,0.0
2016-03-02,87.45,88.07,87.18,87.84,3372100,0.0,0.0
2016-03-03,87.64,88.6,87.37,88.51,3656000,0.0,0.0
2016-03-04,88.49,88.84,87.87,88.42,3709500,0.0,0.0
2016-03-07,87.76,88.32,87.39,87.65,4531100,0.0,0.0
2016-03-08,87.28,88.84,87.28,88.21,4355000,0.0,0.0
2016-03-09,88.54,89.59,88.27,89.52,5153200,0.0,0.0
2016-03-10,89.79,89.86,87.82,88.47,4876600,0.0,0.0
2016-03-11,89.06,89.48,88.7,89.38,3585100,0.0,0.0
2016-03-14,89.35,90.16,88.91,89.97,3054400,0.0,0.0
2016-03-15,89.27,90.48,89.19,90.11,3129700,0.0,0.0
2016-03-16,90.11,90.26,89.33,89.93,3846700,0.0,0.0
2016-03-17,90.02,90.39,89.1,90.05,4516800,0.0,0.0
2016-03-18,90.18,91.44,89.92,90.47,7216200,0.0,0.0
2016-03-21,90.09,91.23,90.08,90.61,3572800,0.0,0.0
2016-03-22,90.1,91.48,89.91,90.79,4052900,0.0,0.0
2016-03-23,90.55,90.93,89.55,89.72,4228200,0.0,0.0
2016-03-24,89.67,90.37,89.06,90.33,3035800,0.0,0.0
2016-03-28,90.24,91.05,90.08,90.7,3580700,0.0,0.0
2016-03-29,90.61,91.59,89.96,91.26,3801100,0.0,0.0
2016-03-30,91.72,92.98,91.51,92.67,4487700,0.0,0.0
2016-03-31,92.62,92.98,92.27,92.38,3956000,0.0,0.0
2016-04-01,92.05,93.51,91.65,93.35,6269200,0.0,0.0
2016-04-04,92.52,93.12,92.34,93.05,3991800,0.0,0.0
2016-04-05,92.65,92.81,91.69,91.89,4367600,0.0,0.0
2016-04-06,91.86,92.54,91.5,92.08,3753000,0.0,0.0
2016-04-07,91.86,91.95,89.45,89.9,4957200,0.0,0.0
2016-04-08,90.61,90.81,90.08,90.37,2924800,0.0,0.0
2016-04-11,90.55,90.62,89.71,89.75,3434700,0.0,0.0
2016-04-12,90.15,90.35,89.43,90.16,2794300,0.0,0.0
2016-04-13,90.49,90.79,89.93,90.07,3396000,0.0,0.0
2016-04-14,90.33,90.5,89.83,90.05,3384900,0.0,0.0
2016-04-15,89.91,91.18,89.59,91.06,3273900,0.0,0.0
2016-04-18,91.02,91.94,90.81,91.29,3177800,0.0,0.0
2016-04-19,91.3,92.27,91.3,92.14,2915600,0.0,0.0
2016-04-20,92.28,92.33,91.53,91.67,3007100,0.425,0.0
2016-04-21,91.67,91.99,90.35,90.52,4018400,0.0,0.0
2016-04-22,90.62,90.88,89.79,90.72,2652400,0.0,0.0
2016-04-25,90.32,91.21,90.13,91.17,2322800,0.0,0.0
2016-04-26,91.17,92.01,90.91,91.98,2832300,0.0,0.0
2016-04-27,92.09,92.49,91.14,91.84,3150400,0.0,0.0
2016-04-28,91.21,91.58,90.32,90.51,4082000,0.0,0.0
2016-04-29,90.32,90.63,89.31,89.87,4570100,0.0,0.0
2016-05-02,89.87,91.15,89.66,90.72,5486300,0.0,0.0
2016-05-03,91.06,93.4,89.89,92.93,6346300,0.0,0.0
2016-05-04,92.05,93.38,92.05,92.92,4617000,0.0,0.0
2016-05-05,92.92,94.44,92.8,94.03,5279500,0.0,0.0
2016-05-06,93.57,94.35,93.32,93.76,4262800,0.0,0.0
2016-05-09,93.84,95.39,93.72,94.56,4567400,0.0,0.0
2016-05-10,94.79,95.11,94.43,94.88,3135100,0.0,0.0
2016-05-11,94.69,94.69,93.13,93.15,4116300,0.0,0.0
2016-05-12,93.36,94.3,93.2,93.76,3816600,0.0,0.0
2016-05-13,93.34,93.77,92.53,92.71,3413600,0.0,0.0
2016-05-16,92.71,93.68,92.35,93.5,2822400,0.0,0.0
2016-05-17,93.2,93.49,90.97,91.31,4999300,0.0,0.0
2016-05-18,90.61,91.57,89.11,90.79,5632500,0.0,0.0
2016-05-19,90.84,91.31,89.88,90.28,3617700,0.0,0.0
2016-05-20,90.64,90.64,88.61,88.94,10525500,0.0,0.0
2016-05-23,89.05,89.17,87.59,87.7,6219700,0.0,0.0
2016-05-24,88.17,88.39,86.86,87.08,9327400,0.0,0.0
2016-05-25,87.29,87.84,87.06,87.24,7121400,0.0,0.0
2016-05-26,87.17,87.64,86.44,86.7,6705500,0.0,0.0
2016-05-27,86.85,86.99,86.48,86.69,4442100,0.0,0.0
2016-05-31,86.74,86.91,86.03,86.25,6779000,0.0,0.0
2016-06-01,86.26,86.49,85.68,86.37,5137900,0.0,0.0
2016-06-02,86.31,86.56,85.99,86.21,4993100,0.0,0.0
2016-06-03,86.08,86.32,85.76,86.07,3868200,0.0,0.0
2016-06-06,86.32,86.48,85.84,86.13,4308400,0.0,0.0
2016-06-07,86.38,87.21,86.15,86.41,5434900,0.0,0.0
2016-06-08,86.43,88.01,86.41,87.92,5693500,0.0,0.0
2016-06-09,87.64,88.24,86.52,86.74,6108700,0.0,0.0
2016-06-10,86.08,87.36,85.9,86.45,6877300,0.0,0.0
2016-06-13,86.3,86.5,85.49,85.65,6079800,0.0,0.0
2016-06-14,85.59,86.49,85.34,86.2,4556200,0.0,0.0
2016-06-15,86.2,86.82,85.81,85.87,4722400,0.0,0.0
2016-06-16,85.31,85.67,84.57,85.43,7285600,0.0,0.0
2016-06-17,85.54,85.56,84.48,84.81,9142700,0.0,0.0
2016-06-20,84.88,85.05,83.33,83.37,9126900,0.0,0.0
2016-06-21,83.59,84.02,83.02,83.36,6653100,0.0,0.0
2016-06-22,83.61,84.11,83.37,83.82,4545300,0.0,0.0
2016-06-23,84.46,84.5,83.56,84.08,3862700,0.0,0.0
2016-06-24,82.37,84.53,82.05,83.65,8652700,0.0,0.0
2016-06-27,83.4,83.7,82.9,83.38,6977700,0.0,0.0
2016-06-28,84.21,84.42,83.0,83.79,4486000,0.0,0.0
2016-06-29,84.31,84.64,84.07,84.43,4695900,0.0,0.0
2016-06-30,84.78,85.62,84.38,85.62,4936900,0.0,0.0
2016-07-01,85.74,85.89,84.71,84.96,3783900,0.0,0.0
2016-07-05,84.5,85.43,84.44,84.94,4269000,0.0,0.0
2016-07-06,84.82,85.98,84.71,85.9,5637500,0.0,0.0
2016-07-07,86.11,86.24,85.14,85.4,4199100,0.0,0.0
2016-07-08,86.15,86.58,85.48,86.51,3722600,0.0,0.0
2016-07-11,86.47,86.93,86.3,86.6,3567300,0.0,0.0
2016-07-12,86.59,86.74,85.76,86.26,3974300,0.0,0.0
2016-07-13,86.51,87.36,86.32,87.31,4276700,0.0,0.0
2016-07-14,87.83,87.85,86.99,87.16,4816100,0.0,0.0
2016-07-15,87.59,87.59,86.66,86.83,3346200,0.0,0.0
2016-07-18,87.14,87.36,86.53,86.63,3571200,0.0,0.0
2016-07-19,86.63,87.06,86.51,87.04,3101100,0.425,0.0
2016-07-20,87.36,87.46,86.81,87.13,3486000,0.0,0.0
2016-07-21,87.13,87.23,86.72,87.08,3023000,0.0,0.0
2016-07-22,87.2,87.25,86.41,86.72,2955700,0.0,0.0
2016-07-25,86.0,86.43,84.19,84.47,7405200,0.0,0.0
2016-07-26,84.61,84.84,83.88,84.3,4901200,0.0,0.0
2016-07-27,84.32,84.43,83.26,83.29,4633900,0.0,0.0
2016-07-28,83.24,84.18,82.78,83.88,3857300,0.0,0.0
2016-07-29,83.94,84.03,82.96,83.28,6120600,0.0,0.0
2016-08-01,83.16,84.48,82.88,83.97,6605000,0.0,0.0
2016-08-02,86.0,88.62,85.89,88.08,12545900,0.0,0.0
2016-08-03,87.76,88.02,87.09,87.51,6236900,0.0,0.0
2016-08-04,87.36,87.96,86.47,87.1,4126000,0.0,0.0
2016-08-05,87.47,87.94,87.06,87.46,3797700,0.0,0.0
2016-08-08,87.46,87.68,86.99,87.29,3603400,0.0,0.0
2016-08-09,87.54,87.85,87.08,87.53,2465300,0.0,0.0
2016-08-10,87.59,87.98,87.08,87.23,3784100,0.0,0.0
2016-08-11,87.47,87.73,86.95,87.13,3870900,0.0,0.0
2016-08-12,87.41,87.53,87.03,87.51,2362500,0.0,0.0
2016-08-15,87.49,87.73,87.24,87.65,2397200,0.0,0.0
2016-08-16,87.2,87.89,87.11,87.63,3328300,0.0,0.0
2016-08-17,87.49,87.77,87.27,87.62,3107200,0.0,0.0
2016-08-18,87.59,87.7,86.98,87.29,3192000,0.0,0.0
2016-08-19,87.14,87.23,86.56,87.13,2939100,0.0,0.0
2016-08-22,87.12,88.12,86.51,88.03,4351800,0.0,0.0
2016-08-23,88.27,88.42,87.22,87.37,3004400,0.0,0.0
2016-08-24,87.17,88.11,87.09,87.28,3585600,0.0,0.0
2016-08-25,87.06,87.1,83.89,84.23,9393800,0.0,0.0
2016-08-26,84.44,84.7,83.29,83.77,6370400,0.0,0.0
2016-08-29,83.91,84.03,83.03,83.61,6093500,0.0,0.0
2016-08-30,83.54,83.73,82.86,83.35,4971900,0.0,0.0
2016-08-31,83.41,84.01,82.91,83.89,5226300,0.0,0.0
2016-09-01,84.04,84.21,83.6,83.87,3274400,0.0,0.0
2016-09-02,84.28,84.61,84.0,84.29,3133600,0.0,0.0
2016-09-06,84.41,84.5,83.44,83.86,3745200,0.0,0.0
2016-09-07,83.7,84.26,83.41,84.08,3350400,0.0,0.0
2016-09-08,84.04,84.31,82.89,83.63,7380800,0.0,0.0
2016-09-09,83.3,83.35,82.2,82.2,6153400,0.0,0.0
2016-09-12,82.1,82.87,81.77,82.67,5235400,0.0,0.0
2016-09-13,82.26,82.47,81.49,81.68,4082100,0.0,0.0
2016-09-14,81.51,81.85,80.24,80.34,7939400,0.0,0.0
2016-09-15,80.07,81.04,79.13,80.97,7449200,0.0,0.0
2016-09-16,80.84,81.15,80.27,80.95,6406800,0.0,0.0
2016-09-19,80.96,81.05,79.94,80.09,7480000,0.0,0.0
2016-09-20,80.39,81.1,80.39,80.83,5465100,0.0,0.0
2016-09-21,80.91,81.2,80.12,81.07,5773900,0.0,0.0
2016-09-22,81.47,81.57,80.85,81.35,8280000,0.0,0.0
2016-09-23,81.06,81.6,81.02,81.38,3865300,0.0,0.0
2016-09-26,80.91,81.18,80.38,80.77,4722100,0.0,0.0
2016-09-27,80.99,81.59,80.89,81.34,4196100,0.0,0.0
2016-09-28,81.12,81.34,80.61,81.0,4468300,0.0,0.0
2016-09-29,80.86,81.32,80.39,80.44,5211400,0.0,0.0
2016-09-30,80.37,80.76,79.46,79.93,9151700,0.0,0.0
2016-10-03,79.75,79.83,78.11,78.23,7525600,0.0,0.0
2016-10-04,78.32,78.51,77.26,77.44,6820000,0.0,0.0
2016-10-05,77.42,77.72,77.15,77.43,7949300,0.0,0.0
2016-10-06,77.75,78.25,77.49,77.69,5267000,0.0,0.0
2016-10-07,77.75,77.91,77.4,77.61,4345700,0.0,0.0
2016-10-10,78.01,78.22,77.62,77.99,5342100,0.0,0.0
2016-10-11,77.74,77.97,76.72,77.61,5889600,0.0,0.0
2016-10-12,77.8,78.96,77.69,78.57,7002500,0.0,0.0
2016-10-13,78.33,79.38,78.22,79.04,6308400,0.0,0.0
2016-10-14,79.32,79.87,79.01,79.76,6705800,0.0,0.0
2016-10-17,79.68,79.8,77.82,77.84,7381700,0.0,0.0
2016-10-18,78.42,78.6,77.77,78.32,4988700,0.0,0.0
2016-10-19,78.5,78.6,77.38,77.61,6502800,0.0,0.0
2016-10-20,77.93,78.97,77.85,78.8,7583500,0.425,0.0
2016-10-21,78.48,79.05,78.43,78.9,4599500,0.0,0.0
2016-10-24,79.11,79.96,79.11,79.43,4541900,0.0,0.0
2016-10-25,79.25,79.62,78.79,78.9,3803700,0.0,0.0
2016-10-26,78.96,79.12,78.54,79.05,3313500,0.0,0.0
2016-10-27,79.18,79.37,78.45,78.7,3570600,0.0,0.0
2016-10-28,77.04,77.17,74.51,75.25,17206700,0.0,0.0
2016-10-31,75.26,76.29,75.01,75.91,7425600,0.0,0.0
2016-11-01,76.13,76.45,75.12,75.33,6212400,0.0,0.0
2016-11-02,75.44,76.04,74.78,75.78,6132100,0.0,0.0
2016-11-03,76.13,76.63,73.34,73.63,12603900,0.0,0.0
2016-11-04,73.8,74.8,73.65,74.3,8227400,0.0,0.0
2016-11-07,75.25,75.68,74.62,75.27,8457000,0.0,0.0
2016-11-08,62.92,67.69,62.55,66.37,50234400,0.0,0.0
2016-11-09,67.0,69.61,66.98,69.11,20300100,0.0,0.0
2016-11-10,69.53,70.14,69.11,69.76,12664100,0.0,0.0
2016-11-11,69.59,69.69,67.44,67.78,9565800,0.0,0.0
2016-11-14,67.2,69.09,67.2,68.6,10521900,0.0,0.0
2016-11-15,68.29,68.38,67.04,67.74,10465200,0.0,0.0
2016-11-16,67.8,68.06,67.25,67.3,7551100,0.0,0.0
2016-11-17,67.11,67.46,66.91,67.04,8305400,0.0,0.0
2016-11-18,66.82,67.3,66.5,66.83,7498500,0.0,0.0
2016-11-21,66.83,67.23,66.24,66.98,8025600,0.0,0.0
2016-11-22,65.83,66.89,65.74,66.43,12425200,0.0,0.0
2016-11-23,66.24,66.82,65.77,66.5,6572900,0.0,0.0
2016-11-25,66.81,67.06,66.39,66.85,3529200,0.0,0.0
2016-11-28,66.55,67.7,66.49,67.5,8625100,0.0,0.0
2016-11-29,68.5,68.67,67.7,68.49,8649600,0.0,0.0
2016-11-30,68.77,69.84,68.53,69.41,12781800,0.0,0.0
2016-12-01,69.16,69.62,68.86,69.29,7316300,0.0,0.0
2016-12-02,69.62,70.69,68.92,70.06,11911300,0.0,0.0
2016-12-05,70.02,70.66,69.4,70.4,9173900,0.0,0.0
2016-12-06,70.95,72.01,70.64,71.69,9800700,0.0,0.0
2016-12-07,71.53,72.76,70.85,72.69,10532900,0.0,0.0
2016-12-08,72.69,72.72,69.86,70.51,16110200,0.0,0.0
2016-12-09,71.2,72.7,71.08,72.33,6730100,0.0,0.0
2016-12-12,71.73,72.69,71.54,71.97,6619800,0.0,0.0
2016-12-13,71.95,72.49,71.07,72.35,8152500,0.0,0.0
2016-12-14,72.48,73.23,70.88,71.27,7278800,0.0,0.0
2016-12-15,70.41,71.53,68.7,70.67,10621500,0.0,0.0
2016-12-16,70.99,71.94,70.96,71.82,11546800,0.0,0.0
2016-12-19,71.56,72.41,71.55,72.15,6936100,0.0,0.0
2016-12-20,72.19,73.33,71.91,72.07,6109100,0.0,0.0
2016-12-21,71.79,72.38,71.35,72.08,5808100,0.0,0.0
2016-12-22,71.8,71.99,70.86,71.12,5850400,0.0,0.0
2016-12-23,71.12,71.58,71.03,71.44,2754200,0.0,0.0
2016-12-27,71.26,71.96,71.22,71.57,2947700,0.0,0.0
2016-12-28,71.58,71.64,70.99,71.35,3390700,0.0,0.0
2016-12-29,71.21,71.73,71.14,71.31,3580000,0.0,0.0
2016-12-30,71.27,71.59,70.82,71.23,4326100,0.0,0.0
2017-01-03,71.83,72.62,71.28,72.53,5922800,0.0,0.0
2017-01-04,72.52,72.59,71.71,71.99,7101800,0.0,0.0
2017-01-05,72.08,73.58,71.13,73.49,8805400,0.0,0.0
2017-01-06,73.49,74.43,73.06,74.2,7087100,0.0,0.0
2017-01-09,74.2,74.36,73.26,73.75,6847600,0.0,0.0
2017-01-10,73.77,74.82,73.58,74.62,7053300,0.0,0.0
2017-01-11,74.22,75.02,73.77,74.71,6404200,0.0,0.0
2017-01-12,74.85,75.11,74.36,74.56,5774300,0.0,0.0
2017-01-13,74.65,74.84,73.79,74.0,4809200,0.0,0.0
2017-01-17,73.98,75.81,73.94,75.75,7292700,0.0,0.0
2017-01-18,76.27,76.47,75.1,75.41,5263100,0.0,0.0
2017-01-19,75.07,75.7,74.31,75.1,5220700,0.0,0.0
2017-01-20,75.64,75.76,73.84,74.07,8004100,0.5,0.0
2017-01-23,74.01,74.4,73.58,73.78,6305900,0.0,0.0
2017-01-24,73.88,74.6,73.67,74.27,4743700,0.0,0.0
2017-01-25,74.39,74.65,72.12,72.19,10652200,0.0,0.0
2017-01-26,71.81,73.03,71.23,72.04,7627500,0.0,0.0
2017-01-27,72.49,72.55,69.95,70.61,10924400,0.0,0.0
2017-01-30,70.34,71.76,70.22,71.45,7488500,0.0,0.0
2017-01-31,71.33,72.01,71.3,71.57,6435200,0.0,0.0
2017-02-01,71.42,71.83,70.55,70.81,6463100,0.0,0.0
2017-02-02,69.33,69.33,67.25,67.93,18840200,0.0,0.0
2017-02-03,68.42,69.4,68.36,68.53,11937000,0.0,0.0
2017-02-06,68.65,69.76,68.59,69.08,9559500,0.0,0.0
2017-02-07,69.13,69.68,68.56,69.34,5739900,0.0,0.0
2017-02-08,69.21,70.06,69.13,69.95,6788500,0.0,0.0
2017-02-09,69.95,70.65,68.3,70.21,13944000,0.0,0.0
2017-02-10,70.32,71.85,69.88,71.31,9367000,0.0,0.0
2017-02-13,71.72,71.95,71.15,71.47,5645800,0.0,0.0
2017-02-14,71.52,71.7,70.89,71.44,5507600,0.0,0.0
2017-02-15,71.63,72.21,71.59,72.11,5626300,0.0,0.0
2017-02-16,72.2,72.83,71.98,72.15,4957500,0.0,0.0
2017-02-17,72.15,72.64,72.03,72.37,6215700,0.0,0.0
2017-02-21,72.3,73.0,71.86,72.43,6281000,0.0,0.0
2017-02-22,72.42,73.08,72.15,72.79,5003400,0.0,0.0
2017-02-23,72.85,73.95,72.66,73.43,6403500,0.0,0.0
2017-02-24,73.4,74.24,73.23,73.99,5189200,0.0,0.0
2017-02-27,74.06,74.34,73.84,73.93,4696200,0.0,0.0
2017-02-28,73.38,73.68,72.81,73.18,7274900,0.0,0.0
2017-03-01,73.65,73.9,73.23,73.28,4977500,0.0,0.0
2017-03-02,73.1,74.07,73.02,73.88,5781200,0.0,0.0
2017-03-03,74.03,74.18,73.14,73.58,5640600,0.0,0.0
2017-03-06,73.42,73.82,73.2,73.42,4463900,0.0,0.0
2017-03-07,73.09,73.56,72.99,73.38,6314200,0.0,0.0
2017-03-08,73.32,74.03,73.13,73.59,5810400,0.0,0.0
2017-03-09,73.61,73.93,73.04,73.28,5394400,0.0,0.0
2017-03-10,73.56,73.62,72.86,73.01,6004400,0.0,0.0
2017-03-13,73.01,73.19,72.62,73.05,6276800,0.0,0.0
2017-03-14,73.05,73.19,72.12,72.55,5546200,0.0,0.0
2017-03-15,72.44,72.85,71.45,72.4,7925500,0.0,0.0
2017-03-16,72.33,72.63,71.95,72.25,6241100,0.0,0.0
2017-03-17,72.31,72.33,71.36,71.63,19734800,0.0,0.0
2017-03-20,71.62,71.84,71.33,71.58,5075800,0.0,0.0
2017-03-21,71.64,71.75,71.09,71.39,6201300,0.0,0.0
2017-03-22,71.51,71.62,70.76,71.25,5640700,0.0,0.0
2017-03-23,71.25,71.5,70.81,71.11,9320900,0.0,0.0
2017-03-24,71.06,71.43,70.84,71.28,3878600,0.0,0.0
2017-03-27,70.95,71.7,70.85,71.3,4983500,0.0,0.0
2017-03-28,71.19,71.7,71.09,71.39,5470000,0.0,0.0
2017-03-29,71.29,71.61,71.16,71.52,3138200,0.0,0.0
2017-03-30,71.42,71.84,71.23,71.6,3834600,0.0,0.0
2017-03-31,70.47,71.39,70.44,71.29,7996100,0.0,0.0
2017-04-03,71.18,71.33,70.58,70.88,7374100,0.0,0.0
2017-04-04,70.84,71.03,70.5,70.71,5641000,0.0,0.0
2017-04-05,70.67,70.72,69.7,69.95,13351900,0.0,0.0
2017-04-06,70.09,70.12,69.56,69.93,6331000,0.0,0.0
2017-04-07,69.97,70.12,69.53,70.0,5208000,0.0,0.0
2017-04-10,70.0,70.7,69.89,70.66,4824300,0.0,0.0
2017-04-11,70.58,71.01,70.42,70.99,4866700,0.0,0.0
2017-04-12,70.69,70.97,70.6,70.8,4749800,0.0,0.0
2017-04-13,70.82,71.16,70.65,70.8,3532000,0.0,0.0
2017-04-17,70.86,71.51,70.84,71.5,4436100,0.0,0.0
2017-04-18,70.5,71.29,70.38,71.06,7024300,0.0,0.0
2017-04-19,71.34,71.37,70.91,71.13,4575600,0.5,0.0
2017-04-20,71.15,72.7,71.1,72.6,6715400,0.0,0.0
2017-04-21,72.42,72.66,72.17,72.46,6724300,0.0,0.0
2017-04-24,73.1,73.29,72.81,73.16,6394100,0.0,0.0
2017-04-25,74.4,75.32,73.74,75.1,8494300,0.0,0.0
2017-04-26,74.76,75.11,74.32,74.94,5996900,0.0,0.0
2017-04-27,75.58,75.77,74.97,75.67,6307300,0.0,0.0
2017-04-28,75.67,75.74,75.1,75.35,6618400,0.0,0.0
2017-05-01,75.35,75.68,74.82,74.91,7528700,0.0,0.0
2017-05-02,75.1,76.13,72.15,72.2,15690000,0.0,0.0
2017-05-03,72.3,73.33,72.26,72.84,6841500,0.0,0.0
2017-05-04,72.81,74.17,72.61,74.15,6076500,0.0,0.0
2017-05-05,74.4,74.5,73.66,74.09,3699200,0.0,0.0
2017-05-08,73.92,74.32,73.86,74.08,2846300,0.0,0.0
2017-05-09,74.03,74.47,73.96,74.12,3274300,0.0,0.0
2017-05-10,74.09,74.54,73.86,73.98,3011400,0.0,0.0
2017-05-11,73.88,75.36,73.69,75.2,6496000,0.0,0.0
2017-05-12,75.04,75.31,73.28,73.31,9046600,0.0,0.0
2017-05-15,73.34,73.98,73.31,73.55,7344700,0.0,0.0
2017-05-16,73.62,73.74,72.16,72.31,5252200,0.0,0.0
2017-05-17,70.39,70.95,69.65,69.76,13272700,0.0,0.0
2017-05-18,69.84,70.8,69.73,70.03,7530500,0.0,0.0
2017-05-19,70.16,70.37,69.65,69.75,5667200,0.0,0.0
2017-05-22,69.92,70.04,69.63,69.77,7775000,0.0,0.0
2017-05-23,70.06,71.13,69.78,70.62,7814300,0.0,0.0
2017-05-24,70.66,70.87,69.75,69.84,5488800,0.0,0.0
2017-05-25,70.03,70.09,69.18,69.41,5539200,0.0,0.0
2017-05-26,69.46,70.05,69.41,70.05,3613000,0.0,0.0
2017-05-30,69.84,70.36,69.83,70.16,5116600,0.0,0.0
2017-05-31,70.17,70.35,69.69,70.22,6857200,0.0,0.0
2017-06-01,70.23,71.55,70.09,71.55,4827300,0.0,0.0
2017-06-02,71.75,72.28,71.61,72.25,6454100,0.0,0.0
2017-06-05,72.2,72.25,71.51,72.01,6272300,0.0,0.0
2017-06-06,71.73,71.76,70.96,71.2,4880800,0.0,0.0
2017-06-07,71.33,71.63,70.72,71.43,5108500,0.0,0.0
2017-06-08,71.47,71.8,71.22,71.68,4096400,0.0,0.0
2017-06-09,71.85,72.88,71.44,72.85,5652600,0.0,0.0
2017-06-12,72.99,73.95,72.11,72.82,6339700,0.0,0.0
2017-06-13,72.79,73.11,72.19,72.98,5044300,0.0,0.0
2017-06-14,73.13,73.9,72.81,73.85,5075900,0.0,0.0
2017-06-15,73.74,73.94,72.8,73.2,4655800,0.0,0.0
2017-06-16,72.4,72.62,68.97,70.43,15507200,0.0,0.0
2017-06-19,70.65,71.38,69.95,71.38,5949700,0.0,0.0
2017-06-20,71.46,71.81,71.01,71.09,5729100,0.0,0.0
2017-06-21,71.26,72.27,71.06,71.43,4777400,0.0,0.0
2017-06-22,71.23,71.51,70.57,70.58,5369700,0.0,0.0
2017-06-23,70.7,71.23,70.31,70.75,21808600,0.0,0.0
2017-06-26,71.18,73.65,71.18,73.23,8655700,0.0,0.0
2017-06-27,73.33,74.17,73.07,73.56,8974300,0.0,0.0
2017-06-28,73.66,74.94,73.61,74.26,6693100,0.0,0.0
2017-06-29,74.62,75.08,72.7,73.36,6378800,0.0,0.0
2017-06-30,73.59,73.77,72.92,73.54,4425700,0.0,0.0
2017-07-03,73.82,74.34,73.54,73.68,2379800,0.0,0.0
2017-07-05,73.48,73.69,72.8,72.81,4695700,0.0,0.0
2017-07-06,72.94,73.05,71.89,71.94,4425500,0.0,0.0
2017-07-07,72.02,72.32,71.33,71.87,3442500,0.0,0.0
2017-07-10,71.87,72.07,71.08,71.42,4852700,0.0,0.0
2017-07-11,71.45,71.5,70.7,70.96,4656100,0.0,0.0
2017-07-12,71.19,71.68,70.69,70.79,4671800,0.0,0.0
2017-07-13,70.99,71.51,70.93,71.22,4885800,0.0,0.0
2017-07-14,71.23,71.54,70.98,71.22,4130300,0.0,0.0
2017-07-17,71.46,71.7,71.2,71.56,4642800,0.0,0.0
2017-07-18,71.52,71.64,70.82,71.29,4808500,0.0,0.0
2017-07-19,71.4,71.96,70.69,70.73,6929700,0.0,0.0
2017-07-20,70.94,71.38,70.35,70.98,6117500,0.5,0.0
2017-07-21,70.92,71.17,70.47,70.86,3429300,0.0,0.0
2017-07-24,70.77,71.15,70.53,70.92,2967300,0.0,0.0
2017-07-25,71.27,72.64,71.06,72.59,4683700,0.0,0.0
2017-07-26,72.64,72.64,70.86,72.02,6600300,0.0,0.0
2017-07-27,71.92,72.6,71.41,72.6,3751700,0.0,0.0
2017-07-28,72.59,73.55,72.52,73.36,3974400,0.0,0.0
2017-07-31,73.59,74.15,73.24,73.53,5058800,0.0,0.0
2017-08-01,73.5,73.87,73.09,73.32,4147700,0.0,0.0
2017-08-02,73.23,73.85,73.13,73.36,4534600,0.0,0.0
2017-08-03,73.02,73.42,72.24,72.3,5055200,0.0,0.0
2017-08-04,72.87,72.9,71.68,71.72,6059700,0.0,0.0
2017-08-07,71.75,72.93,71.74,72.78,4604000,0.0,0.0
2017-08-08,72.34,72.67,70.57,72.28,8639800,0.0,0.0
2017-08-09,72.15,73.12,71.81,73.07,4902200,0.0,0.0
2017-08-10,72.77,73.87,72.57,72.8,4612800,0.0,0.0
2017-08-11,72.63,73.42,72.63,73.05,2985500,0.0,0.0
2017-08-14,73.17,73.72,72.83,72.95,3800600,0.0,0.0
2017-08-15,73.1,73.29,72.59,72.77,3104200,0.0,0.0
2017-08-16,73.08,73.71,72.67,72.9,3573900,0.0,0.0
2017-08-17,72.74,73.39,72.55,72.57,4470500,0.0,0.0
2017-08-18,72.17,72.44,71.34,71.44,5005400,0.0,0.0
2017-08-21,71.47,71.68,71.31,71.42,3636900,0.0,0.0
2017-08-22,71.61,72.11,71.43,71.53,5409100,0.0,0.0
2017-08-23,71.29,71.64,70.92,71.39,3343300,0.0,0.0
2017-08-24,71.01,71.42,68.62,69.35,9495500,0.0,0.0
2017-08-25,69.52,70.17,69.3,69.31,6416500,0.0,0.0
2017-08-28,69.45,69.88,69.15,69.42,5068300,0.0,0.0
2017-08-29,69.39,70.21,68.99,70.0,4516200,0.0,0.0
2017-08-30,70.0,70.52,69.89,70.26,3607000,0.0,0.0
2017-08-31,70.37,71.55,70.36,71.14,5518700,0.0,0.0
2017-09-01,71.33,72.16,71.11,71.68,4653600,0.0,0.0
2017-09-05,71.39,72.63,71.32,72.39,4469000,0.0,0.0
2017-09-06,72.52,73.59,72.52,73.48,5106200,0.0,0.0
2017-09-07,73.57,74.15,73.18,73.97,5556100,0.0,0.0
2017-09-08,73.6,74.1,73.11,73.33,4252900,0.0,0.0
2017-09-11,73.59,73.59,72.98,73.33,3784300,0.0,0.0
2017-09-12,73.59,76.16,73.44,75.83,8048700,0.0,0.0
2017-09-13,75.71,76.99,75.55,76.43,6813800,0.0,0.0
2017-09-14,76.24,76.41,75.77,76.02,4583500,0.0,0.0
2017-09-15,75.62,76.68,74.95,76.51,7483200,0.0,0.0
2017-09-18,76.53,76.84,76.22,76.64,4333300,0.0,0.0
2017-09-19,77.04,77.27,76.26,76.44,4568200,0.0,0.0
2017-09-20,76.54,77.05,73.74,74.24,9944300,0.0,0.0
2017-09-21,74.19,74.25,72.84,73.19,5253400,0.0,0.0
2017-09-22,72.86,73.5,72.32,73.25,6534100,0.0,0.0
2017-09-25,73.43,75.08,73.25,74.85,5065300,0.0,0.0
2017-09-26,74.91,75.33,74.65,75.11,2785800,0.0,0.0
2017-09-27,75.17,75.43,74.33,74.94,3308400,0.0,0.0
2017-09-28,74.75,74.95,74.26,74.75,3442200,0.0,0.0
2017-09-29,74.87,75.14,74.34,74.81,4118100,0.0,0.0
2017-10-02,74.83,75.07,74.14,74.3,4688500,0.0,0.0
2017-10-03,74.07,74.8,74.07,74.43,6732600,0.0,0.0
2017-10-04,74.42,74.48,73.53,73.66,4356800,0.0,0.0
2017-10-05,73.68,74.46,73.64,74.42,6090800,0.0,0.0
2017-10-06,73.95,74.02,70.41,70.76,11795600,0.0,0.0
2017-10-09,70.88,71.03,67.85,68.35,13362400,0.0,0.0
2017-10-10,68.34,69.39,67.43,68.73,10715900,0.0,0.0
2017-10-11,68.73,68.96,67.87,67.98,7087400,0.0,0.0
2017-10-12,67.98,68.6,67.62,67.87,6176400,0.0,0.0
2017-10-13,68.17,68.26,66.71,66.78,6716300,0.0,0.0
2017-10-16,66.69,67.52,66.34,66.64,5916900,0.0,0.0
2017-10-17,66.61,67.07,66.34,66.81,6068700,0.0,0.0
2017-10-18,67.04,68.59,66.49,68.16,10479600,0.0,0.0
2017-10-19,68.31,69.18,68.26,68.65,8056700,0.0,0.0
2017-10-20,68.97,70.37,68.55,70.36,9144900,0.0,0.0
2017-10-23,70.4,70.82,70.18,70.29,7487100,0.5,0.0
2017-10-24,70.53,70.77,69.82,70.38,5940200,0.0,0.0
2017-10-25,70.82,70.95,68.96,69.94,6648700,0.0,0.0
2017-10-26,70.18,70.81,65.54,67.88,21982500,0.0,0.0
2017-10-27,68.42,69.44,63.11,63.88,32616300,0.0,0.0
2017-10-30,63.68,64.5,62.97,63.38,10400900,0.0,0.0
2017-10-31,63.3,64.21,63.3,63.46,7199300,0.0,0.0
2017-11-01,63.72,64.38,63.14,63.89,8433800,0.0,0.0
2017-11-02,64.02,64.74,63.99,64.24,5378500,0.0,0.0
2017-11-03,64.17,64.51,63.08,64.12,9901200,0.0,0.0
2017-11-06,63.18,64.65,61.53,61.85,14183100,0.0,0.0
2017-11-07,61.91,64.28,61.74,63.84,12134800,0.0,0.0
2017-11-08,63.81,63.97,63.34,63.88,8661700,0.0,0.0
2017-11-09,64.08,64.29,63.39,63.91,6992100,0.0,0.0
2017-11-10,64.47,66.21,64.07,65.73,10300000,0.0,0.0
2017-11-13,65.91,68.52,65.09,66.19,9874900,0.0,0.0
2017-11-14,65.88,66.15,64.73,65.22,5964000,0.0,0.0
2017-11-15,64.82,65.17,64.26,64.63,5333900,0.0,0.0
2017-11-16,64.91,65.79,64.4,65.06,6447600,0.0,0.0
2017-11-17,65.05,65.77,64.82,65.45,5382200,0.0,0.0
2017-11-20,65.35,65.74,64.6,65.17,8490300,0.0,0.0
2017-11-21,65.45,66.33,65.31,66.21,9609100,0.0,0.0
2017-11-22,66.1,66.73,65.93,66.19,5315400,0.0,0.0
2017-11-24,66.57,66.6,65.28,65.33,2992900,0.0,0.0
2017-11-27,65.39,65.69,65.01,65.19,6146300,0.0,0.0
2017-11-28,65.41,67.33,64.82,67.32,8348500,0.0,0.0
2017-11-29,67.37,69.15,67.36,67.96,7329900,0.0,0.0
2017-11-30,68.23,72.03,68.1,70.93,20281300,0.0,0.0
2017-12-01,70.02,70.92,68.18,69.56,10586500,0.0,0.0
2017-12-04,67.55,67.85,64.99,66.38,40464600,0.0,0.0
2017-12-05,66.59,66.81,65.28,65.75,15424000,0.0,0.0
2017-12-06,65.39,66.27,65.0,66.09,12371700,0.0,0.0
2017-12-07,65.86,66.05,64.37,65.83,12365800,0.0,0.0
2017-12-08,67.68,68.34,65.64,67.68,12510500,0.0,0.0
2017-12-11,67.51,68.15,67.19,67.67,6687000,0.0,0.0
2017-12-12,67.46,67.77,66.83,67.46,8233100,0.0,0.0
2017-12-13,67.38,67.5,65.74,66.32,9940400,0.0,0.0
2017-12-14,66.33,66.57,65.25,65.56,8214300,0.0,0.0
2017-12-15,66.05,68.22,65.52,67.67,14334100,0.0,0.0
2017-12-18,67.75,67.96,66.34,66.36,12709300,0.0,0.0
2017-12-19,66.34,67.58,66.3,66.96,11825600,0.0,0.0
2017-12-20,67.27,68.69,67.23,68.11,10571600,0.0,0.0
2017-12-21,68.07,70.25,67.96,69.11,10518500,0.0,0.0
2017-12-22,69.09,69.19,67.87,67.97,5282400,0.0,0.0
2017-12-26,68.06,68.52,67.37,68.22,4801700,0.0,0.0
2017-12-27,68.34,68.43,67.27,67.37,5248600,0.0,0.0
2017-12-28,67.47,67.81,67.1,67.64,4196600,0.0,0.0
2017-12-29,67.56,67.69,67.08,67.13,4757500,0.0,0.0
2018-01-02,67.65,68.55,67.47,68.08,5878300,0.0,0.0
2018-01-03,68.27,68.43,67.65,67.78,6139500,0.0,0.0
2018-01-04,69.62,70.99,69.15,69.57,13715500,0.0,0.0
2018-01-05,70.66,72.74,70.5,72.64,15338100,0.0,0.0
2018-01-08,72.52,72.95,71.44,72.01,9589200,0.0,0.0
2018-01-09,72.21,72.53,71.71,71.94,7778400,0.0,0.0
2018-01-10,71.45,71.88,70.93,71.71,8772200,0.0,0.0
2018-01-11,72.23,73.21,71.93,73.17,7158200,0.0,0.0
2018-01-12,73.08,73.78,72.7,72.95,7098200,0.0,0.0
2018-01-16,72.99,74.22,72.99,73.56,8437300,0.0,0.0
2018-01-17,73.71,74.05,73.09,73.61,7448700,0.0,0.0
2018-01-18,74.0,74.72,73.39,73.47,8065800,0.0,0.0
2018-01-19,73.69,74.11,73.25,73.95,7963600,0.0,0.0
2018-01-22,74.16,74.98,74.01,74.96,7016200,0.0,0.0
2018-01-23,74.98,75.19,74.26,74.95,5780600,0.5,0.0
2018-01-24,75.24,75.65,74.86,75.39,7308500,0.0,0.0
2018-01-25,75.75,76.39,75.24,76.01,6357400,0.0,0.0
2018-01-26,76.06,76.41,75.39,76.41,5883300,0.0,0.0
2018-01-29,76.4,78.15,76.17,77.92,8372900,0.0,0.0
2018-01-30,73.13,75.41,72.84,74.71,16517900,0.0,0.0
2018-01-31,75.1,75.72,72.71,73.32,12472400,0.0,0.0
2018-02-01,72.95,73.79,72.3,73.41,9150000,0.0,0.0
2018-02-02,73.01,73.18,70.42,71.23,10395600,0.0,0.0
2018-02-05,70.17,71.18,68.28,68.31,12199500,0.0,0.0
2018-02-06,67.55,69.55,66.87,68.96,11241200,0.0,0.0
2018-02-07,68.8,70.4,68.55,69.27,9611100,0.0,0.0
2018-02-08,68.95,70.19,65.69,65.73,11725200,0.0,0.0
2018-02-09,66.16,66.48,62.71,64.65,16718500,0.0,0.0
2018-02-12,65.3,65.82,64.75,65.1,8943800,0.0,0.0
2018-02-13,64.95,66.36,64.85,65.32,8796200,0.0,0.0
2018-02-14,64.9,65.42,64.81,65.02,6577000,0.0,0.0
2018-02-15,65.77,66.1,64.37,65.68,6770200,0.0,0.0
2018-02-16,65.56,67.28,65.52,66.99,6469900,0.0,0.0
2018-02-20,66.38,66.57,64.97,65.83,6415200,0.0,0.0
2018-02-21,65.77,66.06,64.03,64.06,10624800,0.0,0.0
2018-02-22,64.25,64.42,62.95,63.36,10061500,0.0,0.0
2018-02-23,63.83,64.08,62.82,63.51,5804800,0.0,0.0
2018-02-26,63.54,63.79,62.96,63.57,7837600,0.0,0.0
2018-02-27,64.57,64.9,63.47,63.59,7391900,0.0,0.0
2018-02-28,63.7,64.0,62.99,63.1,10799800,0.0,0.0
2018-03-01,63.08,63.85,62.2,62.56,9556400,0.0,0.0
2018-03-02,62.53,62.99,62.08,62.85,10613900,0.0,0.0
2018-03-05,62.89,63.92,62.42,63.64,7754200,0.0,0.0
2018-03-06,63.71,63.79,62.48,63.03,8838300,0.0,0.0
2018-03-07,62.39,63.25,62.0,62.9,6790100,0.0,0.0
2018-03-08,63.22,64.62,63.22,63.69,8374000,0.0,0.0
2018-03-09,64.07,64.63,63.57,64.54,5795600,0.0,0.0
2018-03-12,64.54,64.81,64.07,64.3,4752600,0.0,0.0
2018-03-13,64.54,64.6,63.43,63.59,7210600,0.0,0.0
2018-03-14,63.64,63.82,62.08,62.47,7622400,0.0,0.0
2018-03-15,62.64,62.96,61.18,61.36,9485300,0.0,0.0
2018-03-16,61.58,61.91,61.17,61.17,15281600,0.0,0.0
2018-03-19,61.23,61.38,58.99,59.28,8883200,0.0,0.0
2018-03-20,59.6,59.71,57.64,58.64,9700600,0.0,0.0
2018-03-21,58.66,58.92,58.14,58.16,7525700,0.0,0.0
2018-03-22,57.82,58.94,57.52,57.57,8590500,0.0,0.0
2018-03-23,57.77,58.19,56.63,56.7,6976900,0.0,0.0
2018-03-26,57.09,57.61,56.88,57.39,7496700,0.0,0.0
2018-03-27,57.51,57.64,56.03,56.46,7843700,0.0,0.0
2018-03-28,56.72,58.67,56.66,58.43,10253800,0.0,0.0
2018-03-29,58.41,59.07,57.15,57.96,8096400,0.0,0.0
2018-04-02,57.82,57.95,56.32,56.87,7863600,0.0,0.0
2018-04-03,57.37,58.44,56.96,58.31,7793800,0.0,0.0
2018-04-04,58.12,60.55,57.88,59.89,10281600,0.0,0.0
2018-04-05,60.09,60.71,59.82,60.24,5471500,0.0,0.0
2018-04-06,59.97,60.35,58.57,59.05,5114800,0.0,0.0
2018-04-09,59.29,60.12,58.48,58.99,6096500,0.0,0.0
2018-04-10,59.37,59.93,58.73,59.6,6417000,0.0,0.0
2018-04-11,59.52,59.91,58.61,58.76,7493700,0.0,0.0
2018-04-12,59.36,59.95,59.14,59.63,5500000,0.0,0.0
2018-04-13,59.84,60.0,58.39,59.1,5825200,0.0,0.0
2018-04-16,59.42,64.21,58.93,61.59,19008400,0.0,0.0
2018-04-17,62.34,62.78,60.78,62.53,11059100,0.0,0.0
2018-04-18,62.49,63.27,62.01,62.06,6047900,0.0,0.0
2018-04-19,62.1,62.28,60.67,61.36,6371800,0.0,0.0
2018-04-20,61.64,62.24,60.73,61.14,6169600,0.5,0.0
2018-04-23,61.5,61.9,60.98,61.66,6282800,0.0,0.0
2018-04-24,61.83,63.14,61.74,62.53,10204500,0.0,0.0
2018-04-25,62.2,63.93,62.13,63.59,7379300,0.0,0.0
2018-04-26,63.62,65.14,63.56,64.49,10664500,0.0,0.0
2018-04-27,64.61,66.73,64.41,65.67,7486500,0.0,0.0
2018-04-30,65.85,66.31,64.78,65.56,18378800,0.0,0.0
2018-05-01,65.0,65.48,63.84,63.84,9569900,0.0,0.0
2018-05-02,62.89,63.37,61.5,61.91,14322500,0.0,0.0
2018-05-03,61.76,61.8,58.44,58.46,17123400,0.0,0.0
2018-05-04,58.25,59.51,57.56,59.24,12251800,0.0,0.0
2018-05-07,59.26,59.38,57.64,57.97,11944900,0.0,0.0
2018-05-08,58.21,58.21,56.63,57.0,10412800,0.0,0.0
2018-05-09,57.17,58.55,56.94,57.47,9062300,0.0,0.0
2018-05-10,57.93,59.73,57.79,58.62,10115800,0.0,0.0
2018-05-11,58.87,61.6,57.18,60.47,15335100,0.0,0.0
2018-05-14,60.66,62.97,60.63,62.73,12415100,0.0,0.0
2018-05-15,62.41,62.73,61.47,61.81,6510100,0.0,0.0
2018-05-16,62.06,62.39,61.58,62.09,5965300,0.0,0.0
2018-05-17,62.02,62.24,61.51,61.74,6605200,0.0,0.0
2018-05-18,61.94,62.05,60.64,60.95,4734500,0.0,0.0
2018-05-21,61.12,61.65,60.78,61.49,4958900,0.0,0.0
2018-05-22,61.67,62.52,61.42,61.61,4183600,0.0,0.0
2018-05-23,61.38,61.79,60.89,61.56,5965400,0.0,0.0
2018-05-24,61.52,61.63,60.4,61.14,4706800,0.0,0.0
2018-05-25,61.14,62.46,60.97,61.99,5559800,0.0,0.0
2018-05-29,61.45,61.94,60.65,60.84,8248000,0.0,0.0
2018-05-30,61.08,61.99,60.8,61.95,6522900,0.0,0.0
2018-05-31,61.81,61.83,59.48,59.51,13403100,0.0,0.0
2018-06-01,59.94,60.28,59.56,60.15,5503000,0.0,0.0
2018-06-04,60.16,60.58,59.75,60.18,11423800,0.0,0.0
2018-06-05,60.01,60.39,58.83,59.46,8008800,0.0,0.0
2018-06-06,59.78,61.13,59.48,61.1,6529400,0.0,0.0
2018-06-07,61.14,61.63,60.7,61.04,5814300,0.0,0.0
2018-06-08,61.28,62.03,61.03,61.99,5473800,0.0,0.0
2018-06-11,62.06,63.59,61.77,62.85,8261800,0.0,0.0
2018-06-12,63.01,63.22,61.45,62.29,9915000,0.0,0.0
2018-06-13,63.84,65.37,63.17,64.23,13830700,0.0,0.0
2018-06-14,64.5,65.23,63.93,64.89,8630900,0.0,0.0
2018-06-15,64.72,65.95,64.63,65.8,13025200,0.0,0.0
2018-06-18,65.04,65.23,63.49,63.6,7482800,0.0,0.0
2018-06-19,63.58,66.97,63.37,66.44,11019600,0.0,0.0
2018-06-20,66.28,67.72,65.52,67.22,9279300,0.0,0.0
2018-06-21,67.53,68.46,66.48,66.73,6157500,0.0,0.0
2018-06-22,67.21,68.19,66.69,67.77,8784200,0.0,0.0
2018-06-25,67.31,67.8,66.09,67.06,6735000,0.0,0.0
2018-06-26,67.13,67.36,65.27,65.54,6579700,0.0,0.0
2018-06-27,65.5,66.12,65.0,65.77,6376400,0.0,0.0
2018-06-28,60.26,62.27,59.18,61.76,26157400,0.0,0.0
2018-06-29,61.85,61.95,60.4,60.41,10754700,0.0,0.0
2018-07-02,60.03,61.3,59.81,61.18,7449400,0.0,0.0
2018-07-03,61.4,61.4,60.35,60.55,3242900,0.0,0.0
2018-07-05,61.12,61.39,60.5,61.11,6678800,0.0,0.0
2018-07-06,60.99,62.65,60.72,62.41,7108200,0.0,0.0
2018-07-09,63.3,64.49,63.05,63.5,8026500,0.0,0.0
2018-07-10,64.22,64.56,63.57,64.07,6329800,0.0,0.0
2018-07-11,63.78,63.78,62.72,63.18,5926800,0.0,0.0
2018-07-12,63.78,66.04,63.06,63.83,14054100,0.0,0.0
2018-07-13,63.83,65.3,63.83,64.43,5592100,0.0,0.0
2018-07-16,64.47,64.57,63.94,64.07,4594100,0.0,0.0
2018-07-17,64.07,64.12,63.24,63.78,5312600,0.0,0.0
2018-07-18,63.7,64.18,63.43,63.75,5129500,0.0,0.0
2018-07-19,63.43,63.61,60.8,62.09,9621100,0.0,0.0
2018-07-20,61.73,61.94,61.08,61.27,6331200,0.0,0.0
2018-07-23,61.35,62.5,61.33,62.28,5456900,0.0,0.0
2018-07-24,62.25,62.63,61.78,62.04,6764600,0.5,0.0
2018-07-25,61.77,62.43,61.62,62.42,4586500,0.0,0.0
2018-07-26,62.66,63.13,62.58,62.76,4579200,0.0,0.0
2018-07-27,62.4,63.43,62.37,63.07,4545200,0.0,0.0
2018-07-30,63.05,63.94,63.0,63.79,4669300,0.0,0.0
2018-07-31,63.81,64.0,61.35,61.36,9351400,0.0,0.0
2018-08-01,61.49,61.95,60.28,60.63,9565900,0.0,0.0
2018-08-02,60.32,60.72,59.81,60.33,6806100,0.0,0.0
2018-08-03,60.46,61.71,60.26,61.38,4805500,0.0,0.0
2018-08-06,61.35,61.77,61.19,61.53,4738100,0.0,0.0
2018-08-07,61.88,62.45,61.45,61.91,5716400,0.0,0.0
2018-08-08,64.34,65.64,63.11,64.49,18507400,0.0,0.0
2018-08-09,64.49,65.54,64.31,64.86,9074000,0.0,0.0
2018-08-10,64.8,65.39,64.52,65.32,5918800,0.0,0.0
2018-08-13,65.51,66.36,64.86,65.74,6795300,0.0,0.0
2018-08-14,65.74,68.01,65.74,67.52,9902200,0.0,0.0
2018-08-15,67.2,67.89,66.48,67.77,6965600,0.0,0.0
2018-08-16,68.34,69.88,68.11,69.24,9037100,0.0,0.0
2018-08-17,69.09,70.23,68.84,69.7,7145900,0.0,0.0
2018-08-20,69.98,70.85,69.8,70.59,5873000,0.0,0.0
2018-08-21,70.29,70.57,69.35,69.71,5072600,0.0,0.0
2018-08-22,69.53,70.51,69.19,69.92,5259100,0.0,0.0
2018-08-23,69.73,69.91,69.24,69.66,4299600,0.0,0.0
2018-08-24,69.66,70.24,69.61,70.08,5499700,0.0,0.0
2018-08-27,70.19,71.04,70.15,70.91,4770800,0.0,0.0
2018-08-28,70.95,70.98,69.91,70.87,5535100,0.0,0.0
2018-08-29,70.81,70.87,70.2,70.43,3781100,0.0,0.0
2018-08-30,70.1,70.74,69.67,70.5,4036500,0.0,0.0
2018-08-31,70.44,71.24,70.29,71.17,5644700,0.0,0.0
2018-09-04,70.93,70.96,69.4,70.0,9709000,0.0,0.0
2018-09-05,69.9,71.16,68.89,70.84,14728800,0.0,0.0
2018-09-06,70.96,72.19,70.09,71.96,9470900,0.0,0.0
2018-09-07,71.79,73.24,71.73,73.11,9984600,0.0,0.0
2018-09-10,73.09,73.6,71.54,71.55,5329200,0.0,0.0
2018-09-11,70.86,71.84,70.55,71.64,4980800,0.0,0.0
2018-09-12,71.73,73.31,71.53,73.14,6154900,0.0,0.0
2018-09-13,73.76,74.26,72.74,72.91,6847600,0.0,0.0
2018-09-14,73.26,73.54,72.71,72.75,5019000,0.0,0.0
2018-09-17,72.68,73.97,72.61,73.88,8987800,0.0,0.0
2018-09-18,73.82,74.9,73.42,74.36,7718000,0.0,0.0
2018-09-19,74.55,75.62,74.24,74.69,7808600,0.0,0.0
2018-09-20,75.12,75.65,74.96,75.1,6736700,0.0,0.0
2018-09-21,75.17,75.61,74.33,75.29,12104700,0.0,0.0
2018-09-24,74.94,75.08,73.9,74.49,7129400,0.0,0.0
2018-09-25,74.11,74.64,73.13,73.42,8941600,0.0,0.0
2018-09-26,73.66,74.82,73.15,74.19,6001000,0.0,0.0
2018-09-27,74.23,75.14,74.12,74.5,8946000,0.0,0.0
2018-09-28,74.15,74.82,74.03,74.47,6317400,0.0,0.0
2018-10-01,74.78,76.21,74.68,75.2,6452800,0.0,0.0
2018-10-02,75.0,75.67,74.88,74.96,3929600,0.0,0.0
2018-10-03,75.36,76.12,74.92,75.58,4825100,0.0,0.0
2018-10-04,75.27,75.65,74.7,75.1,6577800,0.0,0.0
2018-10-05,74.94,75.38,74.2,74.42,4540800,0.0,0.0
2018-10-08,74.55,75.68,74.48,75.49,5256000,0.0,0.0
2018-10-09,75.45,75.57,74.55,75.19,3701700,0.0,0.0
2018-10-10,75.69,76.18,74.45,74.66,14047100,0.0,0.0
2018-10-11,72.55,72.91,68.68,69.24,17094600,0.0,0.0
2018-10-12,70.48,70.92,69.31,70.55,9479700,0.0,0.0
2018-10-15,70.16,70.92,69.07,69.11,7383700,0.0,0.0
2018-10-16,69.57,69.76,68.72,69.74,10207400,0.0,0.0
2018-10-17,69.96,70.79,69.76,70.34,7234000,0.0,0.0
2018-10-18,70.45,71.11,69.78,70.5,7315700,0.0,0.0
2018-10-19,70.37,71.53,69.95,70.17,7274700,0.0,0.0
2018-10-22,70.43,70.89,68.68,68.9,5390400,0.0,0.0
2018-10-23,67.88,69.45,67.1,69.01,5862800,0.5,0.0
2018-10-24,68.7,69.12,66.28,66.49,6936900,0.0,0.0
2018-10-25,66.75,67.75,66.25,67.31,9234600,0.0,0.0
2018-10-26,66.68,67.44,65.88,66.79,8538100,0.0,0.0
2018-10-29,67.78,68.12,66.18,67.19,6262100,0.0,0.0
2018-10-30,67.66,69.03,66.99,68.95,7205900,0.0,0.0
2018-10-31,69.32,69.87,68.07,68.95,7671300,0.0,0.0
2018-11-01,69.29,70.94,69.16,70.88,6424100,0.0,0.0
2018-11-02,71.29,71.35,68.83,69.62,5894700,0.0,0.0
2018-11-05,69.91,71.09,69.7,70.19,6413500,0.0,0.0
2018-11-06,70.96,74.38,70.72,74.2,12828500,0.0,0.0
2018-11-07,75.27,77.42,74.8,75.03,12356200,0.0,0.0
2018-11-08,74.67,76.29,74.53,76.25,7924300,0.0,0.0
2018-11-09,76.32,76.64,75.38,76.04,5761300,0.0,0.0
2018-11-12,76.04,77.24,75.68,76.52,5682500,0.0,0.0
2018-11-13,77.11,77.69,76.32,76.96,6657100,0.0,0.0
2018-11-14,77.25,78.25,75.59,76.12,8673300,0.0,0.0
2018-11-15,75.61,76.46,74.15,76.05,6859700,0.0,0.0
2018-11-16,75.8,76.62,75.5,75.56,6568400,0.0,0.0
2018-11-19,75.7,76.27,74.28,74.82,6155700,0.0,0.0
2018-11-20,73.44,74.09,71.72,71.93,10232600,0.0,0.0
2018-11-21,72.52,72.91,71.4,71.52,6889400,0.0,0.0
2018-11-23,71.24,72.27,70.81,71.61,2439700,0.0,0.0
2018-11-26,72.91,75.16,72.87,74.14,14719200,0.0,0.0
2018-11-27,74.29,75.8,73.39,75.72,11905200,0.0,0.0
2018-11-28,76.79,77.77,75.99,76.46,19884000,0.0,0.0
2018-11-29,76.86,76.97,75.92,76.2,10092000,0.0,0.0
2018-11-30,75.97,76.43,74.94,76.39,15921500,0.0,0.0
2018-12-03,76.39,76.84,75.4,75.74,16494800,0.0,0.0
2018-12-04,75.68,76.55,74.84,75.16,13333700,0.0,0.0
2018-12-06,74.2,74.35,70.38,72.93,15678500,0.0,0.0
2018-12-07,72.58,72.75,70.19,70.57,10556300,0.0,0.0
2018-12-10,70.59,70.69,68.11,69.86,10798500,0.0,0.0
2018-12-11,71.19,71.83,69.16,69.92,10488200,0.0,0.0
2018-12-12,70.87,72.08,70.61,70.96,10141800,0.0,0.0
2018-12-13,70.83,71.03,68.88,69.89,10693900,0.0,0.0
2018-12-14,69.29,69.95,68.21,68.47,10624700,0.0,0.0
2018-12-17,67.63,68.56,66.91,67.33,9481500,0.0,0.0
2018-12-18,67.98,68.02,65.46,66.26,9711800,0.0,0.0
2018-12-19,66.49,67.27,64.92,65.33,11042700,0.0,0.0
2018-12-20,64.87,65.38,62.76,63.32,12921400,0.0,0.0
2018-12-21,62.82,64.29,60.66,60.67,19254500,0.0,0.0
2018-12-24,60.52,61.38,59.83,59.93,6314200,0.0,0.0
2018-12-26,60.04,62.3,59.11,62.3,9480400,0.0,0.0
2018-12-27,61.6,62.14,59.83,62.14,8673300,0.0,0.0
2018-12-28,62.67,63.09,61.77,62.09,7627600,0.0,0.0
2018-12-31,62.33,62.94,61.67,62.41,7627200,0.0,0.0
2019-01-02,61.78,62.74,61.38,62.47,7322400,0.0,0.0
2019-01-03,62.15,62.77,61.57,62.13,7001800,0.0,0.0
2019-01-04,62.95,64.23,62.82,63.65,7214800,0.0,0.0
2019-01-07,64.19,66.06,63.55,65.35,8908100,0.0,0.0
2019-01-08,65.52,66.43,64.07,65.27,10335000,0.0,0.0
2019-01-09,65.31,65.42,62.21,62.9,14981000,0.0,0.0
2019-01-10,62.88,63.13,61.49,62.44,15503500,0.0,0.0
2019-01-11,62.08,62.69,61.3,62.68,11396300,0.0,0.0
2019-01-14,62.27,62.66,61.82,62.24,9276000,0.0,0.0
2019-01-15,61.61,61.74,60.14,60.71,15501500,0.0,0.0
2019-01-16,60.78,61.44,60.65,60.88,13551200,0.0,0.0
2019-01-17,60.93,61.05,60.26,60.36,12599200,0.0,0.0
2019-01-18,61.58,62.44,61.25,62.41,15600000,0.0,0.0
2019-01-22,62.28,62.65,61.53,61.84,8492600,0.0,0.0
2019-01-23,62.2,63.17,61.82,62.97,9101400,0.0,0.0
2019-01-24,62.86,62.99,61.96,62.37,7039900,0.5,0.0
2019-01-25,62.93,63.16,62.52,62.82,8625700,0.0,0.0
2019-01-28,62.49,62.63,61.02,62.61,8642000,0.0,0.0
2019-01-29,62.83,63.49,62.56,62.9,7293600,0.0,0.0
2019-01-30,63.62,63.98,63.12,63.31,7340600,0.0,0.0
2019-01-31,63.3,63.74,62.91,62.91,10883200,0.0,0.0
2019-02-01,61.9,63.08,60.35,62.6,16742500,0.0,0.0
2019-02-04,62.62,63.27,62.26,63.26,7151900,0.0,0.0
2019-02-05,63.57,63.71,62.76,63.03,6763900,0.0,0.0
2019-02-06,62.81,63.62,62.73,63.37,6494600,0.0,0.0
2019-02-07,63.32,63.47,62.34,63.1,6306600,0.0,0.0
2019-02-08,62.85,63.06,61.77,62.39,7754000,0.0,0.0
2019-02-11,62.72,63.09,62.39,62.48,9654800,0.0,0.0
2019-02-12,62.81,64.69,62.67,64.31,7868000,0.0,0.0
2019-02-13,64.62,65.42,64.43,65.06,9738200,0.0,0.0
2019-02-14,64.75,65.42,64.08,64.97,6988200,0.0,0.0
2019-02-15,65.51,67.06,65.12,66.73,10245400,0.0,0.0
2019-02-19,67.38,67.49,66.49,67.07,13091900,0.0,0.0
2019-02-20,61.11,62.57,60.75,61.64,43365600,0.0,0.0
2019-02-21,61.45,61.57,59.47,59.84,26490600,0.0,0.0
2019-02-22,59.64,59.84,58.71,59.46,20182900,0.0,0.0
2019-02-25,59.62,59.78,58.74,58.77,12853900,0.0,0.0
2019-02-26,58.79,59.1,58.15,58.24,12273600,0.0,0.0
2019-02-27,58.0,58.06,56.11,56.15,20986500,0.0,0.0
2019-02-28,56.18,56.42,55.24,55.5,17121000,0.0,0.0
2019-03-01,55.81,56.38,55.72,55.79,14432800,0.0,0.0
2019-03-04,56.02,56.19,53.55,53.71,17836000,0.0,0.0
2019-03-05,53.89,53.94,52.18,52.75,27776100,0.0,0.0
2019-03-06,52.54,52.8,51.83,51.83,15876800,0.0,0.0
2019-03-07,51.96,52.15,50.07,50.25,23030200,0.0,0.0
2019-03-08,49.97,50.96,49.84,50.8,21748300,0.0,0.0
2019-03-11,50.96,51.72,50.21,51.59,14770200,0.0,0.0
2019-03-12,51.85,52.72,51.56,52.45,16681400,0.0,0.0
2019-03-13,53.37,54.63,53.08,54.29,22936500,0.0,0.0
2019-03-14,54.66,55.1,53.43,53.63,15216100,0.0,0.0
2019-03-15,53.67,53.93,53.05,53.36,24262200,0.0,0.0
2019-03-18,53.37,54.63,53.32,54.39,12752900,0.0,0.0
2019-03-19,54.42,55.22,54.21,54.79,12367400,0.0,0.0
2019-03-20,54.53,54.61,53.56,53.9,11405800,0.0,0.0
2019-03-21,53.81,55.29,53.54,55.09,10452700,0.0,0.0
2019-03-22,54.81,54.98,53.67,53.79,10204200,0.0,0.0
2019-03-25,53.55,53.87,52.21,52.74,12968600,0.0,0.0
2019-03-26,53.15,53.91,52.86,53.16,11730900,0.0,0.0
2019-03-27,51.77,52.24,50.7,51.88,21327300,0.0,0.0
2019-03-28,52.0,52.4,51.11,51.21,11564900,0.0,0.0
2019-03-29,51.4,51.8,51.15,51.76,11361500,0.0,0.0
2019-04-01,51.98,52.15,51.3,52.01,10790100,0.0,0.0
2019-04-02,50.56,50.79,49.69,50.03,22104400,0.0,0.0
2019-04-03,50.31,50.93,50.21,50.67,17437400,0.0,0.0
2019-04-04,50.75,51.31,50.68,51.25,11058000,0.0,0.0
2019-04-05,51.45,52.02,51.36,51.88,10002100,0.0,0.0
2019-04-08,51.79,52.3,51.58,51.97,8374100,0.0,0.0
2019-04-09,51.92,52.14,51.3,51.56,9275800,0.0,0.0
2019-04-10,51.54,51.72,50.91,51.7,11853400,0.0,0.0
2019-04-11,51.81,52.18,50.36,50.57,11354700,0.0,0.0
2019-04-12,50.82,51.15,50.46,50.68,10024700,0.0,0.0
2019-04-15,51.56,52.4,51.35,52.04,17590400,0.0,0.0
2019-04-16,52.53,52.62,51.19,51.73,12943200,0.0,0.0
2019-04-17,51.81,51.97,49.91,50.43,22106000,0.0,0.0
2019-04-18,50.33,51.02,50.16,50.51,15930600,0.0,0.0
2019-04-22,50.8,51.12,50.56,50.8,9122500,0.5,0.0
2019-04-23,50.87,52.0,50.48,51.32,14102400,0.0,0.0
2019-04-24,51.35,51.46,50.93,51.29,9599200,0.0,0.0
2019-04-25,51.17,52.02,50.98,51.58,8503000,0.0,0.0
2019-04-26,51.58,51.96,51.29,51.87,9084500,0.0,0.0
2019-04-29,51.5,52.75,51.03,52.31,9731200,0.0,0.0
2019-04-30,52.93,53.19,51.79,52.69,13911200,0.0,0.0
2019-05-01,55.09,55.96,54.47,55.55,26243000,0.0,0.0
2019-05-02,55.43,55.59,53.85,54.97,14489700,0.0,0.0
2019-05-03,55.24,55.56,54.29,54.9,11035600,0.0,0.0
2019-05-06,54.23,54.86,53.69,54.84,10689500,0.0,0.0
2019-05-07,54.6,54.73,53.22,53.63,9586900,0.0,0.0
2019-05-08,53.64,54.38,53.18,54.01,8841200,0.0,0.0
2019-05-09,53.39,53.92,52.93,53.63,9255700,0.0,0.0
2019-05-10,53.58,53.89,52.56,53.45,9397100,0.0,0.0
2019-05-13,52.61,52.76,51.65,52.15,11183800,0.0,0.0
2019-05-14,52.18,52.55,51.3,51.33,10772900,0.0,0.0
2019-05-15,51.07,51.42,50.27,51.15,11618000,0.0,0.0
2019-05-16,51.26,51.56,50.53,50.68,11823600,0.0,0.0
2019-05-17,50.4,51.55,50.11,51.24,8046700,0.0,0.0
2019-05-20,51.21,51.94,51.06,51.36,8083900,0.0,0.0
2019-05-21,51.67,52.02,51.21,51.86,8163200,0.0,0.0
2019-05-22,51.77,52.15,51.18,52.04,7919800,0.0,0.0
2019-05-23,51.62,51.64,50.72,51.15,9388900,0.0,0.0
2019-05-24,51.24,51.52,50.96,51.42,5681200,0.0,0.0
2019-05-28,51.47,51.59,50.95,51.06,12493000,0.0,0.0
2019-05-29,50.83,51.31,50.5,50.89,9578200,0.0,0.0
2019-05-30,51.01,51.32,50.67,51.11,6789100,0.0,0.0
2019-05-31,50.65,51.08,50.43,50.74,8089300,0.0,0.0
2019-06-03,50.91,52.03,50.83,51.73,8920500,0.0,0.0
2019-06-04,52.74,54.02,52.57,52.92,12754300,0.0,0.0
2019-06-05,53.29,53.34,51.37,51.52,12128800,0.0,0.0
2019-06-06,51.49,52.92,51.37,52.43,10043000,0.0,0.0
2019-06-07,52.59,52.92,52.14,52.25,7826000,0.0,0.0
2019-06-10,52.64,53.81,52.61,53.32,8007800,0.0,0.0
2019-06-11,52.74,53.38,52.12,52.3,8774300,0.0,0.0
2019-06-12,52.18,52.35,51.39,51.99,9404900,0.0,0.0
2019-06-13,52.2,52.94,52.04,52.9,5250700,0.0,0.0
2019-06-14,52.95,52.98,52.37,52.49,4680700,0.0,0.0
2019-06-17,52.55,53.0,52.26,52.85,5008800,0.0,0.0
2019-06-18,53.13,53.62,52.85,52.96,7156800,0.0,0.0
2019-06-19,53.16,53.66,52.97,53.19,6212900,0.0,0.0
2019-06-20,53.19,53.37,51.63,52.2,13254500,0.0,0.0
2019-06-21,52.13,52.34,51.58,51.99,12482100,0.0,0.0
2019-06-24,52.04,52.08,51.12,51.49,9144900,0.0,0.0
2019-06-25,51.6,52.12,51.25,52.01,7865700,0.0,0.0
2019-06-26,52.07,52.45,51.63,52.03,6655200,0.0,0.0
2019-06-27,52.35,53.29,52.27,53.04,7476000,0.0,0.0
2019-06-28,53.13,53.53,52.66,52.8,9336900,0.0,0.0
2019-07-01,53.39,54.25,52.95,53.23,7991100,0.0,0.0
2019-07-02,53.17,53.3,52.44,53.1,4960200,0.0,0.0
2019-07-03,53.3,54.11,53.29,53.49,4117800,0.0,0.0
2019-07-05,53.53,54.37,53.4,53.85,4264200,0.0,0.0
2019-07-08,53.66,53.73,53.06,53.59,5936900,0.0,0.0
2019-07-09,53.34,53.65,52.96,53.13,5757900,0.0,0.0
2019-07-10,53.29,53.78,52.95,53.66,5059800,0.0,0.0
2019-07-11,57.53,58.26,55.73,56.17,29037100,0.0,0.0
2019-07-12,56.1,56.67,55.56,55.76,10089400,0.0,0.0
2019-07-15,55.97,56.0,55.27,55.66,5883400,0.0,0.0
2019-07-16,55.59,55.72,55.11,55.6,5063000,0.0,0.0
2019-07-17,55.55,55.59,54.27,54.48,7678600,0.0,0.0
2019-07-18,54.33,54.92,53.75,54.75,6066200,0.0,0.0
2019-07-19,54.94,55.06,54.2,54.2,5480900,0.0,0.0
2019-07-22,54.34,54.42,53.55,53.76,5717300,0.0,0.0
2019-07-23,53.69,54.65,53.34,54.52,6973400,0.0,0.0
2019-07-24,54.65,54.84,53.74,54.74,6774800,0.5,0.0
2019-07-25,54.44,54.65,53.82,54.2,5526200,0.0,0.0
2019-07-26,54.3,54.75,54.11,54.3,4753300,0.0,0.0
2019-07-29,54.23,55.26,54.21,55.0,4951600,0.0,0.0
2019-07-30,54.66,55.33,54.3,55.27,5016900,0.0,0.0
2019-07-31,55.34,55.34,54.16,54.62,8473100,0.0,0.0
2019-08-01,54.55,55.64,54.12,54.13,11847900,0.0,0.0
2019-08-02,54.19,54.59,53.78,54.47,6673300,0.0,0.0
2019-08-05,53.82,54.7,52.85,53.29,9492300,0.0,0.0
2019-08-06,53.38,53.48,51.82,52.88,12803400,0.0,0.0
2019-08-07,55.01,56.98,54.76,56.82,22891700,0.0,0.0
2019-08-08,57.41,58.19,57.19,57.72,14892100,0.0,0.0
2019-08-09,57.62,58.17,57.18,57.97,6694500,0.0,0.0
2019-08-12,57.73,57.94,57.25,57.44,5126700,0.0,0.0
2019-08-13,57.39,58.63,57.17,58.51,8243200,0.0,0.0
2019-08-14,58.0,58.16,57.15,57.25,10561400,0.0,0.0
2019-08-15,57.49,57.83,56.63,57.53,10751100,0.0,0.0
2019-08-16,57.96,59.2,57.8,58.93,9643600,0.0,0.0
2019-08-19,59.45,60.17,59.25,60.02,10072100,0.0,0.0
2019-08-20,59.87,60.49,59.71,60.18,8961400,0.0,0.0
2019-08-21,60.79,61.18,60.22,60.27,9595600,0.0,0.0
2019-08-22,60.53,60.78,59.73,60.66,6401900,0.0,0.0
2019-08-23,59.99,60.73,58.69,58.89,9353100,0.0,0.0
2019-08-26,59.44,59.63,58.93,59.4,4849400,0.0,0.0
2019-08-27,59.84,59.94,57.8,57.87,7700600,0.0,0.0
2019-08-28,57.74,58.25,57.31,58.15,7817200,0.0,0.0
2019-08-29,58.78,59.25,58.51,58.81,6784000,0.0,0.0
2019-08-30,59.31,59.78,58.91,59.56,6310300,0.0,0.0
2019-09-03,59.09,59.47,58.36,59.33,5379400,0.0,0.0
2019-09-04,59.82,60.42,59.64,60.28,5700600,0.0,0.0
2019-09-05,61.6,61.92,60.99,61.36,7892700,0.0,0.0
2019-09-06,61.34,61.56,60.62,60.84,7124800,0.0,0.0
2019-09-09,61.14,62.43,61.11,62.26,8623700,0.0,0.0
2019-09-10,62.33,62.69,61.4,62.18,10239200,0.0,0.0
2019-09-11,62.06,62.58,61.88,62.56,7314800,0.0,0.0
2019-09-12,63.49,63.79,62.22,62.47,8816700,0.0,0.0
2019-09-13,62.67,63.27,61.75,62.63,6184500,0.0,0.0
2019-09-16,61.89,62.42,61.77,62.01,4408700,0.0,0.0
2019-09-17,62.08,62.33,61.74,62.06,4652500,0.0,0.0
2019-09-18,61.81,62.12,61.34,61.85,4747100,0.0,0.0
2019-09-19,62.03,62.6,61.87,62.21,4543600,0.0,0.0
2019-09-20,62.75,63.24,62.58,62.86,10375300,0.0,0.0
2019-09-23,62.5,62.88,61.69,61.93,7360100,0.0,0.0
2019-09-24,62.13,62.76,61.27,61.52,6519500,0.0,0.0
2019-09-25,61.25,61.95,61.07,61.19,5207200,0.0,0.0
2019-09-26,61.28,61.38,59.59,60.21,7455800,0.0,0.0
2019-09-27,60.56,61.1,60.2,60.69,4938900,0.0,0.0
2019-09-30,60.72,62.02,60.39,61.66,6383400,0.0,0.0
2019-10-01,61.79,62.14,60.38,60.96,5996600,0.0,0.0
2019-10-02,60.59,60.71,59.6,60.13,6398400,0.0,0.0
2019-10-03,60.14,60.4,59.02,59.85,5800100,0.0,0.0
2019-10-04,59.78,60.93,59.76,60.85,4677400,0.0,0.0
2019-10-07,60.74,61.15,60.35,60.6,4465500,0.0,0.0
2019-10-08,60.11,60.24,58.8,59.03,6950500,0.0,0.0
2019-10-09,59.5,59.97,59.26,59.44,5214900,0.0,0.0
2019-10-10,59.54,61.1,59.49,60.75,6729200,0.0,0.0
2019-10-11,61.4,62.19,61.37,61.53,6278700,0.0,0.0
2019-10-14,61.37,61.84,61.03,61.58,2934800,0.0,0.0
2019-10-15,62.06,63.52,62.06,63.38,8209600,0.0,0.0
2019-10-16,63.55,64.32,63.31,63.95,7343500,0.0,0.0
2019-10-17,64.09,65.09,63.85,65.01,8402500,0.0,0.0
2019-10-18,64.84,64.97,64.26,64.68,6249500,0.0,0.0
2019-10-21,65.14,65.29,64.14,64.23,6820700,0.0,0.0
2019-10-22,64.41,65.42,64.26,65.07,6293100,0.0,0.0
2019-10-23,65.05,65.32,64.34,64.62,4683800,0.5,0.0
2019-10-24,64.62,64.91,63.51,63.87,5562300,0.0,0.0
2019-10-25,63.67,64.63,63.42,64.13,5068200,0.0,0.0
2019-10-28,64.47,65.55,64.37,64.9,7015500,0.0,0.0
2019-10-29,64.71,65.11,63.98,64.91,6505900,0.0,0.0
2019-10-30,65.16,66.32,64.87,66.05,8032000,0.0,0.0
2019-10-31,65.8,66.1,64.74,65.4,6138500,0.0,0.0
2019-11-01,65.86,66.58,65.71,66.24,6793300,0.0,0.0
2019-11-04,66.95,67.39,66.47,67.02,8822200,0.0,0.0
2019-11-05,67.23,67.62,66.13,66.31,15587500,0.0,0.0
2019-11-06,68.39,69.88,68.26,69.87,22382100,0.0,0.0
2019-11-07,70.86,71.01,70.12,70.71,11695900,0.0,0.0
2019-11-08,70.73,71.89,70.5,71.39,9245700,0.0,0.0
2019-11-11,70.9,71.66,70.5,70.66,5057600,0.0,0.0
2019-11-12,70.48,71.39,69.94,71.27,5030400,0.0,0.0
2019-11-13,70.76,72.19,70.64,71.73,5112000,0.0,0.0
2019-11-14,71.68,72.16,71.54,71.85,4032700,0.0,0.0
2019-11-15,72.24,73.28,71.89,73.18,8767100,0.0,0.0
2019-11-18,73.04,74.01,73.0,73.98,8463700,0.0,0.0
2019-11-19,74.15,74.34,73.35,74.22,6923900,0.0,0.0
2019-11-20,74.13,74.36,73.23,73.8,6958100,0.0,0.0
2019-11-21,73.75,74.15,73.05,73.82,4339000,0.0,0.0
2019-11-22,74.15,74.57,73.97,74.18,5402100,0.0,0.0
2019-11-25,74.37,75.88,74.37,75.44,8807100,0.0,0.0
2019-11-26,75.61,75.64,73.52,73.82,10128300,0.0,0.0
2019-11-27,73.98,74.43,73.51,73.92,7823800,0.0,0.0
2019-11-29,73.57,74.27,73.32,74.14,4463600,0.0,0.0
2019-12-02,74.1,74.78,73.89,74.42,5264500,0.0,0.0
2019-12-03,73.28,73.67,72.5,73.59,6381600,0.0,0.0
2019-12-04,74.13,74.31,73.78,73.88,4958400,0.0,0.0
2019-12-05,73.94,73.96,72.79,73.37,4900300,0.0,0.0
2019-12-06,73.96,74.62,73.88,74.23,5103400,0.0,0.0
2019-12-09,73.91,74.36,73.77,73.87,4812600,0.0,0.0
2019-12-10,73.88,73.93,71.55,72.09,10942900,0.0,0.0
2019-12-11,71.98,72.65,71.75,72.25,7192500,0.0,0.0
2019-12-12,72.53,73.42,72.28,73.15,4774400,0.0,0.0
2019-12-13,73.11,73.43,72.48,72.49,3902500,0.0,0.0
2019-12-16,73.14,73.89,72.83,73.29,5511800,0.0,0.0
2019-12-17,73.28,73.33,71.72,72.25,7901200,0.0,0.0
2019-12-18,71.85,72.5,71.56,72.18,7132700,0.0,0.0
2019-12-19,72.84,73.17,72.55,72.99,6583900,0.0,0.0
2019-12-20,73.88,73.88,73.0,73.47,8571700,0.0,0.0
2019-12-23,73.43,73.83,73.21,73.27,3882500,0.0,0.0
2019-12-24,73.42,73.66,73.25,73.4,1315400,0.0,0.0
2019-12-26,73.58,73.64,73.03,73.37,2801100,0.0,0.0
2019-12-27,73.4,73.49,72.93,73.29,3543500,0.0,0.0
2019-12-30,73.16,73.42,72.51,72.6,3450800,0.0,0.0
2019-12-31,72.46,73.26,72.32,73.18,4531900,0.0,0.0
2020-01-02,73.53,73.58,72.43,73.05,5022700,0.0,0.0
2020-01-03,72.13,72.95,71.98,72.47,4453000,0.0,0.0
2020-01-06,72.03,72.83,71.97,72.76,4620700,0.0,0.0
2020-01-07,72.51,72.57,71.57,72.48,6172300,0.0,0.0
2020-01-08,71.42,72.0,70.53,71.57,8311200,0.0,0.0
2020-01-09,71.91,72.17,71.58,71.77,5426200,0.0,0.0
2020-01-10,72.21,72.26,70.75,71.03,5198600,0.0,0.0
2020-01-13,71.21,71.9,70.56,71.67,6654600,0.0,0.0
2020-01-14,71.45,72.83,71.44,72.73,6484200,0.0,0.0
2020-01-15,72.88,74.49,72.83,74.14,8102800,0.0,0.0
2020-01-16,74.5,75.03,74.15,74.91,6902300,0.0,0.0
2020-01-17,74.97,75.3,74.7,74.88,5500400,0.0,0.0
2020-01-21,74.86,74.87,73.24,73.48,8662800,0.0,0.0
2020-01-22,73.54,74.0,73.3,73.4,4201400,0.5,0.0
2020-01-23,73.15,73.27,71.88,72.92,8602500,0.0,0.0
2020-01-24,73.03,73.04,69.59,70.84,10126000,0.0,0.0
2020-01-27,69.32,70.62,68.78,70.38,6403300,0.0,0.0
2020-01-28,70.66,71.54,70.53,71.22,5039100,0.0,0.0
2020-01-29,71.51,71.51,69.87,69.96,6285200,0.0,0.0
2020-01-30,69.51,69.63,67.81,69.13,8430500,0.0,0.0
2020-01-31,68.77,68.77,66.84,67.26,9869700,0.0,0.0
2020-02-03,67.83,68.04,66.24,66.37,7696000,0.0,0.0
2020-02-04,66.75,67.89,66.74,67.32,7525100,0.0,0.0
2020-02-05,68.21,70.19,67.99,69.95,6609800,0.0,0.0
2020-02-06,70.41,71.0,69.83,70.25,6514400,0.0,0.0
2020-02-07,70.46,71.49,70.41,70.97,6611300,0.0,0.0
2020-02-10,70.96,72.72,70.67,72.64,8760200,0.0,0.0
2020-02-11,73.2,73.51,72.82,73.24,7933600,0.0,0.0
2020-02-12,74.06,74.63,72.04,73.14,13500800,0.0,0.0
2020-02-13,72.84,73.49,71.34,71.4,8553900,0.0,0.0
2020-02-14,71.38,71.43,69.69,70.78,7655100,0.0,0.0
2020-02-18,70.6,71.4,70.31,71.4,4844000,0.0,0.0
2020-02-19,71.71,71.96,71.07,71.18,4831600,0.0,0.0
2020-02-20,70.91,71.63,69.97,71.34,5719300,0.0,0.0
2020-02-21,70.96,71.2,70.42,70.92,5186200,0.0,0.0
2020-02-24,68.85,69.36,67.16,67.36,9637600,0.0,0.0
2020-02-25,67.67,67.8,63.56,63.8,15062300,0.0,0.0
2020-02-26,64.11,64.66,62.03,62.13,16872600,0.0,0.0
2020-02-27,60.99,60.99,58.84,58.84,22051600,0.0,0.0
2020-02-28,56.81,58.85,56.63,58.69,23729500,0.0,0.0
2020-03-02,60.17,63.54,59.36,63.5,15909500,0.0,0.0
2020-03-03,64.03,65.11,60.85,62.02,14989700,0.0,0.0
2020-03-04,66.05,66.42,64.29,65.49,14690700,0.0,0.0
2020-03-05,63.41,64.9,63.1,63.83,8581800,0.0,0.0
2020-03-06,62.05,64.55,61.68,63.62,11683300,0.0,0.0
2020-03-09,59.25,62.63,59.11,60.79,13484500,0.0,0.0
2020-03-10,62.24,62.83,58.57,62.08,13274300,0.0,0.0
2020-03-11,60.71,62.48,59.48,60.8,12099100,0.0,0.0
2020-03-12,56.66,57.5,53.06,54.15,16856700,0.0,0.0
2020-03-13,56.98,59.3,54.01,59.15,15473500,0.0,0.0
2020-03-16,53.23,56.42,51.78,51.87,13566000,0.0,0.0
2020-03-17,53.18,58.76,52.2,57.52,15473700,0.0,0.0
2020-03-18,53.9,59.15,52.62,56.71,17953700,0.0,0.0
2020-03-19,56.33,58.62,53.69,54.92,16247100,0.0,0.0
2020-03-20,55.35,56.31,53.09,54.25,15682300,0.0,0.0
2020-03-23,53.41,54.51,51.61,52.65,16336800,0.0,0.0
2020-03-24,54.67,55.18,52.42,53.9,19331500,0.0,0.0
2020-03-25,53.95,57.05,52.27,53.19,19601500,0.0,0.0
2020-03-26,53.2,57.96,51.85,57.83,23189500,0.0,0.0
2020-03-27,56.28,59.28,55.36,58.11,15034000,0.0,0.0
2020-03-30,58.43,59.9,57.3,59.18,12939200,0.0,0.0
2020-03-31,58.69,59.34,57.7,58.84,11018700,0.0,0.0
2020-04-01,57.27,58.38,56.73,57.86,11474400,0.0,0.0
2020-04-02,56.3,56.51,53.62,54.95,16796400,0.0,0.0
2020-04-03,54.76,56.13,53.9,55.26,8793000,0.0,0.0
2020-04-06,57.29,57.44,55.32,55.75,11833800,0.0,0.0
2020-04-07,57.42,58.03,55.69,56.4,12324100,0.0,0.0
2020-04-08,56.85,59.32,56.38,58.92,8559800,0.0,0.0
2020-04-09,59.03,60.94,58.83,59.97,9169400,0.0,0.0
2020-04-13,60.0,60.75,57.64,58.47,9990300,0.0,0.0
2020-04-14,59.38,61.16,59.17,61.05,8254200,0.0,0.0
2020-04-15,60.15,60.42,58.96,60.06,9272800,0.0,0.0
2020-04-16,60.34,62.37,59.93,62.04,11098600,0.0,0.0
2020-04-17,63.48,63.72,61.83,62.83,8006300,0.0,0.0
2020-04-20,62.23,63.16,61.64,61.82,8217900,0.0,0.0
2020-04-21,61.0,61.2,59.47,59.75,8569700,0.0,0.0
2020-04-22,60.79,60.99,60.08,60.35,5742200,0.5,0.0
2020-04-23,60.89,62.23,60.86,61.28,6053400,0.0,0.0
2020-04-24,61.34,62.7,60.98,62.31,6098000,0.0,0.0
2020-04-27,62.98,63.83,62.81,63.5,6728200,0.0,0.0
2020-04-28,65.0,65.0,62.78,63.24,7346600,0.0,0.0
2020-04-29,63.52,64.05,62.52,62.61,7689300,0.0,0.0
2020-04-30,62.35,62.68,61.41,61.55,7358000,0.0,0.0
2020-05-01,60.79,60.8,59.27,59.7,7715800,0.0,0.0
2020-05-04,59.16,60.13,58.94,59.95,6372000,0.0,0.0
2020-05-05,60.63,61.61,60.35,61.21,7846500,0.0,0.0
2020-05-06,63.43,63.49,60.26,60.41,16386000,0.0,0.0
2020-05-07,61.36,61.79,60.85,61.45,9783700,0.0,0.0
2020-05-08,62.16,63.23,61.76,63.12,7322600,0.0,0.0
2020-05-11,62.71,64.08,62.68,63.84,6912100,0.0,0.0
2020-05-12,64.2,64.57,63.05,63.35,10781900,0.0,0.0
2020-05-13,63.28,63.5,60.76,61.15,10931400,0.0,0.0
2020-05-14,62.31,62.41,60.34,62.31,8854900,0.0,0.0
2020-05-15,61.77,63.3,61.71,63.19,10420600,0.0,0.0
2020-05-18,64.47,64.86,63.67,63.73,6820300,0.0,0.0
2020-05-19,63.3,64.18,62.87,63.61,5061100,0.0,0.0
2020-05-20,64.1,64.33,62.99,63.22,7046500,0.0,0.0
2020-05-21,62.95,63.93,62.73,63.34,5484100,0.0,0.0
2020-05-22,63.42,63.49,62.89,63.33,3495900,0.0,0.0
2020-05-26,64.47,65.6,64.33,64.64,7974400,0.0,0.0
2020-05-27,64.97,66.0,63.85,65.97,7118400,0.0,0.0
2020-05-28,66.7,67.73,66.41,66.56,6599500,0.0,0.0
2020-05-29,66.39,66.7,64.62,65.57,8979300,0.0,0.0
2020-06-01,65.44,65.96,65.01,65.64,5187000,0.0,0.0
2020-06-02,65.64,67.31,65.41,66.84,5463700,0.0,0.0
2020-06-03,67.14,67.68,66.24,66.85,6102400,0.0,0.0
2020-06-04,66.29,66.72,65.95,66.53,5468900,0.0,0.0
2020-06-05,67.28,69.19,67.13,68.35,8596200,0.0,0.0
