Date,Open,High,Low,Close,Volume,Dividends,Stock Splits
1994-01-28,4.28,4.58,4.23,4.41,719200,0.0,0
1994-01-31,4.38,4.41,4.3,4.35,86900,0.0,0
1994-02-01,4.33,4.35,4.3,4.33,56900,0.0,0
1994-02-02,4.33,4.38,4.33,4.33,43600,0.0,0
1994-02-03,4.33,4.38,4.33,4.38,42900,0.0,0
1994-02-04,4.33,4.38,4.3,4.3,56500,0.0,0
1994-02-07,4.3,4.38,4.3,4.35,40900,0.0,0
1994-02-08,4.38,4.53,4.38,4.48,205400,0.0,0
1994-02-09,4.51,4.63,4.51,4.53,76900,0.0,0
1994-02-10,4.53,4.69,4.53,4.69,42500,0.0,0
1994-02-11,4.66,4.86,4.66,4.79,49400,0.0,0
1994-02-14,4.74,4.99,4.74,4.86,97400,0.0,0
1994-02-15,4.84,4.89,4.71,4.71,62100,0.0,0
1994-02-16,4.71,4.81,4.71,4.76,26700,0.0,0
1994-02-17,4.81,4.91,4.81,4.91,8900,0.0,0
1994-02-18,4.91,4.97,4.89,4.94,27900,0.0,0
1994-02-22,4.89,4.91,4.84,4.84,25000,0.0,0
1994-02-23,4.89,4.89,4.74,4.76,48100,0.0,0
1994-02-24,4.74,4.86,4.69,4.74,48500,0.0,0
1994-02-25,4.69,4.69,4.63,4.66,36000,0.0,0
1994-02-28,4.71,4.71,4.58,4.61,14500,0.0,0
1994-03-01,4.61,4.74,4.58,4.69,74900,0.0,0
1994-03-02,4.74,4.84,4.69,4.79,21700,0.0,0
1994-03-03,4.79,4.79,4.69,4.69,8600,0.0,0
1994-03-04,4.74,4.74,4.63,4.69,5000,0.0,0
1994-03-07,4.63,4.71,4.63,4.66,13200,0.0,0
1994-03-08,4.63,4.63,4.53,4.61,9800,0.0,0
1994-03-09,4.61,4.61,4.58,4.58,38700,0.0,0
1994-03-10,4.56,4.58,4.53,4.58,28800,0.0,0
1994-03-11,4.51,4.51,4.48,4.48,5800,0.0,0
1994-03-14,4.48,4.84,4.48,4.74,59900,0.0,0
1994-03-15,4.79,4.79,4.66,4.66,4400,0.0,0
1994-03-16,4.69,4.79,4.69,4.76,10800,0.0,0
1994-03-17,4.74,4.79,4.74,4.79,18900,0.0,0
1994-03-18,4.81,4.81,4.74,4.74,7400,0.0,0
1994-03-21,4.74,4.74,4.71,4.74,4100,0.0,0
1994-03-22,4.71,4.81,4.71,4.74,33600,0.0,0
1994-03-23,4.76,4.79,4.74,4.76,1900,0.0,0
1994-03-24,4.79,4.89,4.79,4.89,18400,0.0,0
1994-03-25,4.84,4.89,4.84,4.84,5300,0.0,0
1994-03-28,4.81,4.81,4.74,4.79,11500,0.0,0
1994-03-29,4.86,4.86,4.74,4.74,4200,0.0,0
1994-03-30,4.71,4.71,4.69,4.71,20600,0.0,0
1994-03-31,4.69,4.71,4.69,4.71,14200,0.0,0
1994-04-04,4.69,4.71,4.63,4.63,29900,0.0,0
1994-04-05,4.69,4.71,4.63,4.71,1500,0.0,0
1994-04-06,4.71,4.71,4.69,4.71,5100,0.0,0
1994-04-07,4.74,4.79,4.74,4.76,3800,0.0,0
1994-04-08,4.79,4.79,4.71,4.76,9900,0.0,0
1994-04-11,4.76,4.79,4.76,4.79,900,0.0,0
1994-04-12,4.74,4.74,4.74,4.74,1600,0.0,0
1994-04-13,4.79,4.79,4.74,4.74,7100,0.0,0
1994-04-14,4.76,4.76,4.74,4.76,1300,0.0,0
1994-04-15,4.76,4.84,4.74,4.84,10800,0.0,0
1994-04-18,4.79,4.81,4.76,4.76,9900,0.0,0
1994-04-19,4.74,4.76,4.71,4.71,40200,0.0,0
1994-04-20,4.71,4.71,4.66,4.66,22400,0.0,0
1994-04-21,4.71,4.76,4.71,4.76,4400,0.0,0
1994-04-22,4.74,4.89,4.71,4.89,72100,0.0,0
1994-04-25,4.94,4.97,4.89,4.89,19200,0.0,0
1994-04-26,4.92,4.94,4.92,4.94,1100,0.26,0
1994-04-28,4.94,5.05,4.94,5.02,4000,0.0,0
1994-04-29,5.02,5.07,5.02,5.02,6200,0.0,0
1994-05-02,5.07,5.07,5.02,5.07,5700,0.0,0
1994-05-03,5.05,5.1,5.05,5.05,2900,0.0,0
1994-05-04,5.07,5.1,4.97,5.1,10600,0.0,0
1994-05-05,5.15,5.3,5.15,5.25,19800,0.0,0
1994-05-06,5.2,5.2,5.17,5.2,8600,0.0,0
1994-05-09,5.23,5.23,5.17,5.17,10900,0.0,0
1994-05-10,5.23,5.25,5.17,5.23,19000,0.0,0
1994-05-11,5.23,5.3,5.23,5.28,5000,0.0,0
1994-05-12,5.3,5.3,5.25,5.25,10100,0.0,0
1994-05-13,5.25,5.3,5.25,5.3,9000,0.0,0
1994-05-16,5.28,5.3,5.28,5.28,4100,0.0,0
1994-05-17,5.3,5.3,5.28,5.3,4400,0.0,0
1994-05-18,5.3,5.3,5.2,5.2,35400,0.0,0
1994-05-19,5.23,5.23,5.2,5.2,22900,0.0,0
1994-05-20,5.23,5.23,5.2,5.2,2500,0.0,0
1994-05-23,5.15,5.15,5.05,5.05,18200,0.0,0
1994-05-24,5.02,5.02,4.94,4.97,32100,0.0,0
1994-05-25,4.99,5.07,4.99,5.07,14900,0.0,0
1994-05-26,5.1,5.15,5.1,5.15,15300,0.0,0
1994-05-27,5.15,5.15,5.1,5.12,2700,0.0,0
1994-05-31,5.12,5.15,5.1,5.15,15600,0.0,0
1994-06-01,5.15,5.15,5.12,5.15,4000,0.0,0
1994-06-02,5.12,5.15,5.12,5.15,10500,0.0,0
1994-06-03,5.15,5.15,5.12,5.12,14500,0.0,0
1994-06-06,5.15,5.15,5.05,5.12,21900,0.0,0
1994-06-07,5.07,5.12,5.07,5.12,15600,0.0,0
1994-06-08,5.1,5.12,5.1,5.12,5500,0.0,0
1994-06-09,5.1,5.15,5.07,5.15,10600,0.0,0
1994-06-10,5.2,5.23,5.15,5.15,13800,0.0,0
1994-06-13,5.15,5.2,5.15,5.2,7800,0.0,0
1994-06-14,5.17,5.25,5.17,5.2,5100,0.0,0
1994-06-15,5.23,5.28,5.15,5.28,16200,0.0,0
1994-06-16,5.33,5.46,5.33,5.41,4100,0.0,0
1994-06-17,5.35,5.38,5.35,5.38,7100,0.0,0
1994-06-20,5.35,5.43,5.35,5.43,900,0.0,0
1994-06-21,5.38,5.48,5.38,5.48,5400,0.0,0
1994-06-22,5.43,5.56,5.43,5.48,4200,0.0,0
1994-06-23,5.51,5.51,5.43,5.43,70900,0.0,0
1994-06-24,5.43,5.48,5.35,5.35,13100,0.0,0
1994-06-27,5.35,5.41,5.35,5.38,18000,0.0,0
1994-06-28,5.35,5.35,5.35,5.35,1900,0.0,0
1994-06-29,5.3,5.3,5.25,5.25,20900,0.0,0
1994-06-30,5.2,5.23,5.07,5.15,32200,0.0,0
1994-07-01,5.15,5.15,5.15,5.15,800,0.0,0
1994-07-05,5.15,5.15,5.15,5.15,1300,0.0,0
1994-07-06,5.15,5.15,5.1,5.12,26500,0.0,0
1994-07-07,5.12,5.12,5.1,5.1,12500,0.0,0
1994-07-08,5.1,5.15,5.1,5.1,10600,0.0,0
1994-07-11,5.1,5.1,5.02,5.02,3100,0.0,0
1994-07-12,5.05,5.1,5.05,5.1,8000,0.0,0
1994-07-13,5.1,5.28,5.1,5.28,3900,0.0,0
1994-07-14,5.23,5.35,5.17,5.35,6800,0.0,0
1994-07-15,5.41,5.53,5.38,5.48,6500,0.0,0
1994-07-18,5.52,5.55,5.5,5.5,2000,0.45,0
1994-07-19,5.45,5.52,5.45,5.47,2100,0.0,0
1994-07-20,5.45,5.45,5.37,5.42,6100,0.0,0
1994-07-21,5.37,5.39,5.32,5.39,2100,0.0,0
1994-07-22,5.39,5.39,5.34,5.39,1700,0.0,0
1994-07-25,5.39,5.39,5.39,5.39,400,0.0,0
1994-07-26,5.39,5.45,5.34,5.34,4400,0.0,0
1994-07-27,5.32,5.32,5.24,5.29,4800,0.0,0
1994-07-28,5.24,5.24,5.18,5.21,11400,0.0,0
1994-07-29,5.21,5.21,5.08,5.13,9200,0.0,0
1994-08-01,5.18,5.26,5.16,5.21,4400,0.0,0
1994-08-02,5.16,5.21,5.16,5.18,900,0.0,0
1994-08-03,5.24,5.26,5.18,5.24,4900,0.0,0
1994-08-04,5.18,5.26,5.18,5.26,4600,0.0,0
1994-08-05,5.32,5.39,5.29,5.34,4100,0.0,0
1994-08-08,5.29,5.34,5.29,5.34,2700,0.0,0
1994-08-09,5.34,5.37,5.29,5.29,1700,0.0,0
1994-08-10,5.29,5.37,5.29,5.29,14200,0.0,0
1994-08-11,5.32,5.32,5.32,5.32,300,0.0,0
1994-08-12,5.37,5.39,5.37,5.39,2100,0.0,0
1994-08-15,5.37,5.37,5.21,5.24,9800,0.0,0
1994-08-16,5.18,5.26,5.18,5.26,15600,0.0,0
1994-08-17,5.32,5.34,5.26,5.29,19300,0.0,0
1994-08-18,5.26,5.29,5.13,5.21,29200,0.0,0
1994-08-19,5.08,5.21,5.05,5.13,764300,0.0,0
1994-08-22,5.13,5.13,5.08,5.08,48900,0.0,0
1994-08-23,5.05,5.13,5.05,5.11,72900,0.0,0
1994-08-24,5.13,5.18,5.13,5.13,58500,0.0,0
1994-08-25,5.16,5.18,5.13,5.18,64900,0.0,0
1994-08-26,5.21,5.32,5.21,5.24,36900,0.0,0
1994-08-29,5.21,5.24,5.18,5.24,20400,0.0,0
1994-08-30,5.24,5.24,5.21,5.24,6000,0.0,0
1994-08-31,5.18,5.24,5.08,5.13,16800,0.0,0
1994-09-01,5.11,5.21,5.11,5.13,18800,0.0,0
1994-09-02,5.08,5.16,5.08,5.13,26200,0.0,0
1994-09-06,5.13,5.18,5.13,5.13,8100,0.0,0
1994-09-07,5.16,5.18,5.13,5.13,5000,0.0,0
1994-09-08,5.16,5.16,5.08,5.11,9200,0.0,0
1994-09-09,5.11,5.21,5.11,5.21,68400,0.0,0
1994-09-12,5.21,5.21,5.16,5.18,7800,0.0,0
1994-09-13,5.21,5.21,5.18,5.21,33200,0.0,0
1994-09-14,5.24,5.24,5.16,5.18,42900,0.0,0
1994-09-15,5.21,5.21,5.18,5.21,52400,0.0,0
1994-09-16,5.18,5.21,5.18,5.21,4800,0.0,0
1994-09-19,5.24,5.24,5.18,5.21,11200,0.0,0
1994-09-20,5.21,5.21,5.16,5.18,8100,0.0,0
1994-09-21,5.18,5.18,5.16,5.16,36200,0.0,0
1994-09-22,5.18,5.18,5.11,5.16,11100,0.0,0
1994-09-23,5.16,5.16,5.13,5.16,17500,0.0,0
1994-09-26,5.13,5.16,5.13,5.16,5400,0.0,0
1994-09-27,5.16,5.16,5.13,5.13,1800,0.0,0
1994-09-28,5.16,5.18,5.13,5.16,5200,0.0,0
1994-09-29,5.16,5.16,5.13,5.16,14600,0.0,0
1994-09-30,5.18,5.18,5.13,5.16,3700,0.0,0
1994-10-03,5.21,5.21,5.11,5.13,10600,0.0,0
1994-10-04,5.18,5.18,5.13,5.13,18100,0.0,0
1994-10-05,5.13,5.13,5.08,5.11,80400,0.0,0
1994-10-06,5.11,5.11,5.03,5.05,64900,0.0,0
1994-10-07,5.03,5.03,5.0,5.0,25400,0.0,0
1994-10-10,4.95,5.0,4.95,5.0,5300,0.0,0
1994-10-11,5.0,5.03,5.0,5.03,24900,0.0,0
1994-10-12,5.03,5.03,5.0,5.0,2600,0.0,0
1994-10-13,5.0,5.32,5.0,5.32,39500,0.0,0
1994-10-14,5.32,5.42,5.21,5.34,50900,0.0,0
1994-10-17,5.34,5.37,5.34,5.34,9300,0.0,0
1994-10-18,5.38,5.38,5.28,5.38,46400,0.45,0
1994-10-19,5.36,5.38,5.33,5.38,3000,0.0,0
1994-10-20,5.38,5.38,5.33,5.33,1600,0.0,0
1994-10-21,5.3,5.33,5.28,5.3,1300,0.0,0
1994-10-24,5.33,5.38,5.3,5.33,4900,0.0,0
1994-10-25,5.33,5.33,5.3,5.3,1300,0.0,0
1994-10-26,5.28,5.33,5.28,5.28,6800,0.0,0
1994-10-27,5.33,5.36,5.3,5.33,18000,0.0,0
1994-10-28,5.33,5.33,5.3,5.33,5600,0.0,0
1994-10-31,5.33,5.33,5.25,5.3,17500,0.0,0
1994-11-01,5.3,5.33,5.3,5.33,2800,0.0,0
1994-11-02,5.33,5.33,5.3,5.3,7400,0.0,0
1994-11-03,5.33,5.33,5.3,5.3,23500,0.0,0
1994-11-04,5.3,5.33,5.28,5.28,5400,0.0,0
1994-11-07,5.28,5.28,5.14,5.14,11800,0.0,0
1994-11-08,5.17,5.25,5.17,5.22,16500,0.0,0
1994-11-09,5.28,5.3,5.28,5.3,3800,0.0,0
1994-11-10,5.33,5.33,5.22,5.28,7600,0.0,0
1994-11-11,5.3,5.36,5.3,5.36,9800,0.0,0
1994-11-14,5.3,5.33,5.28,5.28,2500,0.0,0
1994-11-15,5.3,5.3,5.25,5.28,5300,0.0,0
1994-11-16,5.22,5.25,5.22,5.25,6400,0.0,0
1994-11-17,5.25,5.28,5.14,5.14,27700,0.0,0
1994-11-18,5.12,5.22,5.12,5.22,58900,0.0,0
1994-11-21,5.22,5.25,5.2,5.25,2300,0.0,0
1994-11-22,5.25,5.25,5.25,5.25,11300,0.0,0
1994-11-23,5.22,5.25,5.22,5.22,23000,0.0,0
1994-11-25,5.25,5.25,5.22,5.25,1200,0.0,0
1994-11-28,5.22,5.28,5.22,5.22,8800,0.0,0
1994-11-29,5.22,5.25,5.22,5.25,600,0.0,0
1994-11-30,5.22,5.22,5.2,5.22,12900,0.0,0
1994-12-01,5.22,5.3,5.2,5.25,18500,0.0,0
1994-12-02,5.22,5.22,5.12,5.2,53900,0.0,0
1994-12-05,5.17,5.28,5.14,5.25,32800,0.0,0
1994-12-06,5.25,5.3,5.22,5.22,14900,0.0,0
1994-12-07,5.22,5.28,5.12,5.12,27300,0.0,0
1994-12-08,5.12,5.12,5.01,5.04,7500,0.0,0
1994-12-09,5.04,5.06,5.01,5.04,6500,0.0,0
1994-12-12,5.04,5.04,4.96,5.01,11700,0.0,0
1994-12-13,5.04,5.04,4.98,5.01,51400,0.0,0
1994-12-14,4.98,5.06,4.96,4.96,9000,0.0,0
1994-12-15,4.98,5.09,4.98,5.09,77000,0.0,0
1994-12-16,5.14,5.25,5.14,5.22,8000,0.0,0
1994-12-19,5.22,5.22,5.22,5.22,1500,0.0,0
1994-12-20,5.25,5.3,5.22,5.22,14200,0.0,0
1994-12-21,5.28,5.28,5.22,5.22,9500,0.0,0
1994-12-22,5.25,5.36,5.25,5.36,5300,0.0,0
1994-12-23,5.36,5.36,5.36,5.36,1400,0.0,0
1994-12-27,5.38,5.46,5.38,5.41,3600,0.0,0
1994-12-28,5.38,5.41,5.36,5.36,2400,0.0,0
1994-12-29,5.36,5.41,5.36,5.38,34400,0.0,0
1994-12-30,5.38,5.7,5.38,5.7,26000,0.0,0
1995-01-03,5.7,5.73,5.65,5.7,7900,0.0,0
1995-01-04,5.65,5.68,5.65,5.68,1100,0.0,0
1995-01-05,5.68,5.68,5.65,5.65,4800,0.0,0
1995-01-06,5.65,5.7,5.62,5.62,12300,0.0,0
1995-01-09,5.62,5.65,5.54,5.54,25900,0.0,0
1995-01-10,5.54,5.54,5.52,5.52,1900,0.0,0
1995-01-11,5.54,5.54,5.49,5.52,4000,0.0,0
1995-01-12,5.54,5.54,5.44,5.49,45000,0.0,0
1995-01-13,5.49,5.49,5.44,5.46,13500,0.0,0
1995-01-16,5.46,5.49,5.46,5.46,16700,0.0,0
1995-01-17,5.49,5.49,5.46,5.49,6700,0.5,0
1995-01-18,5.49,5.49,5.46,5.46,19600,0.0,0
1995-01-19,5.46,5.49,5.44,5.46,12500,0.0,0
1995-01-20,5.44,5.46,5.44,5.44,8300,0.0,0
1995-01-23,5.41,5.41,5.38,5.41,6700,0.0,0
1995-01-24,5.41,5.41,5.36,5.38,43700,0.0,0
1995-01-25,5.36,5.44,5.36,5.44,14400,0.0,0
1995-01-26,5.44,5.46,5.41,5.46,11100,0.0,0
1995-01-27,5.46,5.46,5.41,5.44,15500,0.0,0
1995-01-30,5.41,5.46,5.41,5.46,6600,0.0,0
1995-01-31,5.46,5.49,5.46,5.49,6300,0.0,0
1995-02-01,5.49,5.49,5.36,5.38,81200,0.0,0
1995-02-02,5.41,5.44,5.41,5.44,3500,0.0,0
1995-02-03,5.46,5.49,5.41,5.44,8400,0.0,0
1995-02-06,5.44,5.49,5.44,5.49,6500,0.0,0
1995-02-07,5.49,5.49,5.44,5.46,10200,0.0,0
1995-02-08,5.49,5.49,5.41,5.44,44100,0.0,0
1995-02-09,5.44,5.46,5.44,5.44,4800,0.0,0
1995-02-10,5.46,5.65,5.46,5.65,44200,0.0,0
1995-02-13,5.71,5.82,5.71,5.82,4100,0.0,0
1995-02-14,5.84,5.84,5.76,5.79,6000,0.0,0
1995-02-15,5.84,5.84,5.74,5.82,7600,0.0,0
1995-02-16,5.82,5.82,5.71,5.71,7500,0.0,0
1995-02-17,5.68,5.71,5.68,5.68,2100,0.0,0
1995-02-21,5.68,5.68,5.68,5.68,800,0.0,0
1995-02-22,5.71,5.71,5.68,5.68,4100,0.0,0
1995-02-23,5.68,5.68,5.63,5.63,3400,0.0,0
1995-02-24,5.65,5.65,5.63,5.63,600,0.0,0
1995-02-27,5.68,5.74,5.68,5.68,24600,0.0,0
1995-02-28,5.71,5.71,5.57,5.6,76200,0.0,0
1995-03-01,5.55,5.55,5.46,5.49,5500,0.0,0
1995-03-02,5.49,5.49,5.46,5.49,60400,0.0,0
1995-03-03,5.44,5.46,5.44,5.46,6000,0.0,0
1995-03-06,5.46,5.55,5.44,5.52,18500,0.0,0
1995-03-07,5.52,5.55,5.52,5.55,2200,0.0,0
1995-03-08,5.55,5.57,5.55,5.57,15200,0.0,0
1995-03-09,5.57,5.57,5.57,5.57,7300,0.0,0
1995-03-10,5.6,5.6,5.57,5.6,3000,0.0,0
1995-03-13,5.57,5.6,5.49,5.55,6600,0.0,0
1995-03-14,5.49,5.52,5.49,5.49,5900,0.0,0
1995-03-15,5.49,5.49,5.44,5.46,2900,0.0,0
1995-03-16,5.46,5.49,5.44,5.49,2700,0.0,0
1995-03-17,5.46,5.49,5.46,5.49,2100,0.0,0
1995-03-20,5.49,5.49,5.46,5.49,21900,0.0,0
1995-03-21,5.46,5.49,5.46,5.46,3500,0.0,0
1995-03-22,5.49,5.49,5.44,5.49,3100,0.0,0
1995-03-23,5.46,5.49,5.46,5.49,12300,0.0,0
1995-03-24,5.49,5.49,5.46,5.49,44100,0.0,0
1995-03-27,5.52,5.6,5.52,5.6,33500,0.0,0
1995-03-28,5.6,5.63,5.6,5.63,6200,0.0,0
1995-03-29,5.63,5.65,5.63,5.65,2900,0.0,0
1995-03-30,5.65,5.65,5.63,5.65,4100,0.0,0
1995-03-31,5.65,5.65,5.6,5.6,2500,0.0,0
1995-04-03,5.71,5.74,5.71,5.74,37600,0.0,0
1995-04-04,5.74,5.74,5.68,5.74,3700,0.0,0
1995-04-05,5.74,5.74,5.74,5.74,900,0.0,0
1995-04-06,5.71,5.71,5.65,5.71,7100,0.0,0
1995-04-07,5.71,5.71,5.57,5.6,9700,0.0,0
1995-04-10,5.6,5.6,5.55,5.55,4600,0.0,0
1995-04-11,5.57,5.63,5.57,5.63,3900,0.0,0
1995-04-12,5.63,5.65,5.6,5.65,6300,0.0,0
1995-04-13,5.65,5.68,5.65,5.68,4500,0.0,0
1995-04-17,5.71,5.79,5.71,5.79,22500,0.5,0
1995-04-18,5.79,5.79,5.74,5.76,8000,0.0,0
1995-04-19,5.76,5.76,5.76,5.76,500,0.0,0
1995-04-20,5.76,5.76,5.71,5.74,39800,0.0,0
1995-04-21,5.74,5.74,5.71,5.74,5100,0.0,0
1995-04-24,5.79,5.79,5.65,5.65,14500,0.0,0
1995-04-25,5.65,5.65,5.46,5.57,25100,0.0,0
1995-04-26,5.54,5.6,5.54,5.6,8100,0.0,0
1995-04-27,5.54,5.54,5.49,5.52,38800,0.0,0
1995-04-28,5.54,5.54,5.52,5.54,7900,0.0,0
1995-05-01,5.54,5.6,5.54,5.6,47700,0.0,0
1995-05-02,5.57,5.6,5.57,5.6,9300,0.0,0
1995-05-03,5.57,5.6,5.52,5.6,17800,0.0,0
1995-05-04,5.6,5.63,5.6,5.63,28400,0.0,0
1995-05-05,5.6,5.6,5.57,5.57,119800,0.0,0
1995-05-08,5.54,5.6,5.54,5.6,103600,0.0,0
1995-05-09,5.6,5.79,5.6,5.76,73900,0.0,0
1995-05-10,5.79,5.85,5.79,5.79,6400,0.0,0
1995-05-11,5.85,5.85,5.82,5.82,4900,0.0,0
1995-05-12,5.82,5.82,5.82,5.82,2200,0.0,0
1995-05-15,5.85,5.85,5.76,5.76,23000,0.0,0
1995-05-16,5.76,5.79,5.76,5.79,30900,0.0,0
1995-05-17,5.76,5.79,5.63,5.74,634500,0.0,0
1995-05-18,5.74,5.76,5.65,5.65,28700,0.0,0
1995-05-19,5.65,5.71,5.63,5.68,14700,0.0,0
1995-05-22,5.68,5.68,5.63,5.65,9200,0.0,0
1995-05-23,5.63,5.63,5.54,5.57,15000,0.0,0
1995-05-24,5.6,5.6,5.54,5.57,16800,0.0,0
1995-05-25,5.54,5.63,5.54,5.63,6900,0.0,0
1995-05-26,5.63,5.63,5.54,5.54,26800,0.0,0
1995-05-30,5.54,5.6,5.54,5.6,2700,0.0,0
1995-05-31,5.54,5.57,5.54,5.57,2900,0.0,0
1995-06-01,5.52,5.57,5.52,5.52,19800,0.0,0
1995-06-02,5.54,5.54,5.52,5.54,6400,0.0,0
1995-06-05,5.54,5.54,5.52,5.54,7600,0.0,0
1995-06-06,5.54,5.6,5.54,5.6,5100,0.0,0
1995-06-07,5.6,5.63,5.6,5.63,3000,0.0,0
1995-06-08,5.6,5.63,5.6,5.63,18700,0.0,0
1995-06-09,5.6,5.63,5.6,5.63,3600,0.0,0
1995-06-12,5.6,5.63,5.6,5.63,11400,0.0,0
1995-06-13,5.63,5.65,5.6,5.63,11200,0.0,0
1995-06-14,5.65,5.65,5.63,5.65,4500,0.0,0
1995-06-15,5.65,5.65,5.63,5.65,5000,0.0,0
1995-06-16,5.65,5.68,5.63,5.68,42700,0.0,0
1995-06-19,5.71,5.71,5.65,5.65,19200,0.0,0
1995-06-20,5.68,5.68,5.65,5.68,1600,0.0,0
1995-06-21,5.68,5.71,5.68,5.71,4700,0.0,0
1995-06-22,5.71,5.71,5.63,5.65,17600,0.0,0
1995-06-23,5.6,5.65,5.6,5.65,19800,0.0,0
1995-06-26,5.68,5.68,5.6,5.63,19100,0.0,0
1995-06-27,5.68,5.68,5.65,5.68,8600,0.5,0
1995-06-28,5.68,5.68,5.65,5.68,7900,0.0,0
1995-06-29,5.68,5.68,5.63,5.65,15100,0.0,0
1995-06-30,5.63,5.65,5.6,5.65,25500,0.0,0
1995-07-03,5.65,5.65,5.65,5.65,5400,0.0,0
1995-07-05,5.65,5.65,5.63,5.63,30800,0.0,0
1995-07-06,5.63,5.65,5.63,5.65,33200,0.0,0
1995-07-07,5.65,5.68,5.63,5.68,26700,0.0,0
1995-07-10,5.71,5.74,5.68,5.68,56400,0.0,0
1995-07-11,5.65,5.71,5.63,5.71,61700,0.0,0
1995-07-12,5.68,5.71,5.6,5.63,102700,0.0,0
1995-07-13,5.6,5.65,5.6,5.63,42100,0.0,0
1995-07-14,5.63,5.68,5.63,5.68,9400,0.0,0
1995-07-17,5.68,5.68,5.65,5.65,13800,0.0,0
1995-07-18,5.65,5.71,5.65,5.71,65700,0.0,0
1995-07-19,5.71,5.71,5.68,5.68,28300,0.0,0
1995-07-20,5.65,5.68,5.65,5.65,6000,0.0,0
1995-07-21,5.68,5.68,5.63,5.65,3800,0.0,0
1995-07-24,5.65,5.71,5.65,5.65,18800,0.0,0
1995-07-25,5.65,5.71,5.65,5.65,4300,0.0,0
1995-07-26,5.65,5.71,5.65,5.71,12700,0.0,0
1995-07-27,5.71,5.71,5.65,5.68,7100,0.0,0
1995-07-28,5.68,5.68,5.65,5.68,32200,0.0,0
1995-07-31,5.68,5.68,5.63,5.65,67400,0.0,0
1995-08-01,5.65,5.65,5.63,5.65,30600,0.0,0
1995-08-02,5.65,5.65,5.63,5.65,23500,0.0,0
1995-08-03,5.65,5.68,5.63,5.68,6100,0.0,0
1995-08-04,5.65,5.68,5.65,5.65,29000,0.0,0
1995-08-07,5.68,5.71,5.63,5.68,8900,0.0,0
1995-08-08,5.65,5.77,5.65,5.74,22100,0.0,0
1995-08-09,5.77,5.77,5.68,5.74,3000,0.0,0
1995-08-10,5.77,5.85,5.77,5.85,89400,0.0,0
1995-08-11,5.8,5.94,5.77,5.94,19100,0.0,0
1995-08-14,5.94,5.94,5.8,5.8,29700,0.0,0
1995-08-15,5.82,5.88,5.8,5.82,12100,0.0,0
1995-08-16,5.82,5.88,5.8,5.8,3600,0.0,0
1995-08-17,5.74,5.82,5.74,5.82,3200,0.0,0
1995-08-18,5.8,5.82,5.8,5.8,2900,0.0,0
1995-08-21,5.82,5.85,5.8,5.85,14000,0.0,0
1995-08-22,5.88,5.94,5.82,5.88,15200,0.0,0
1995-08-23,5.88,5.97,5.88,5.91,12800,0.0,0
1995-08-24,5.88,5.94,5.82,5.82,30300,0.0,0
1995-08-25,5.88,5.88,5.85,5.88,1400,0.0,0
1995-08-28,5.88,5.88,5.82,5.82,2600,0.0,0
1995-08-29,5.82,5.82,5.8,5.8,3300,0.0,0
1995-08-30,5.77,5.82,5.77,5.8,56300,0.0,0
1995-08-31,5.82,5.82,5.8,5.8,2100,0.0,0
1995-09-01,5.85,5.91,5.82,5.91,6300,0.0,0
1995-09-05,5.91,5.91,5.85,5.88,2800,0.0,0
1995-09-06,5.88,5.94,5.88,5.94,13800,0.0,0
1995-09-07,5.91,5.91,5.85,5.88,16900,0.0,0
1995-09-08,5.85,5.85,5.65,5.77,129100,0.0,0
1995-09-11,5.74,5.82,5.74,5.77,13700,0.0,0
1995-09-12,5.77,5.8,5.74,5.77,25500,0.0,0
1995-09-13,5.74,5.77,5.74,5.74,87900,0.0,0
1995-09-14,5.77,5.77,5.71,5.74,26800,0.0,0
1995-09-15,5.71,5.74,5.71,5.74,6600,0.0,0
1995-09-18,5.71,5.74,5.71,5.74,24800,0.0,0
1995-09-19,5.74,5.74,5.68,5.71,18700,0.0,0
1995-09-20,5.71,5.71,5.68,5.68,10000,0.0,0
1995-09-21,5.68,5.68,5.63,5.65,39200,0.0,0
1995-09-22,5.63,5.63,5.48,5.48,37800,0.0,0
1995-09-25,5.51,5.57,5.51,5.57,19100,0.0,0
1995-09-26,5.54,5.57,5.54,5.54,2200,0.0,0
1995-09-27,5.54,5.54,5.54,5.54,1200,0.0,0
1995-09-28,5.57,5.6,5.54,5.6,32700,0.0,0
1995-09-29,5.6,5.6,5.57,5.6,11200,0.0,0
1995-10-02,5.57,5.6,5.57,5.6,52300,0.0,0
1995-10-03,5.57,5.6,5.54,5.54,22900,0.0,0
1995-10-04,5.6,5.63,5.51,5.54,42000,0.0,0
1995-10-05,5.51,5.54,5.51,5.54,60800,0.0,0
1995-10-06,5.51,5.51,5.46,5.48,10600,0.0,0
1995-10-09,5.48,5.48,5.46,5.46,11900,0.0,0
1995-10-10,5.4,5.51,5.37,5.51,6500,0.0,0
1995-10-11,5.54,5.54,5.48,5.51,7300,0.0,0
1995-10-12,5.57,5.65,5.54,5.63,37700,0.0,0
1995-10-13,5.6,5.63,5.6,5.63,31200,0.0,0
1995-10-16,5.65,5.65,5.6,5.63,43700,0.0,0
1995-10-17,5.65,5.68,5.65,5.65,6800,0.0,0
1995-10-18,5.68,5.68,5.63,5.65,59900,0.0,0
1995-10-19,5.65,5.68,5.6,5.63,51600,0.0,0
1995-10-20,5.6,5.63,5.51,5.51,60500,0.5,0
1995-10-23,5.48,5.66,5.48,5.57,61200,0.0,0
1995-10-24,5.63,5.63,5.51,5.54,41500,0.0,0
1995-10-25,5.54,5.54,5.51,5.51,41800,0.0,0
1995-10-26,5.51,5.54,5.19,5.31,325300,0.0,0
1995-10-27,5.28,5.31,5.22,5.28,74100,0.0,0
1995-10-30,5.28,5.31,5.25,5.31,26000,0.0,0
1995-10-31,5.31,5.31,5.28,5.31,84600,0.0,0
1995-11-01,5.31,5.31,5.25,5.31,17000,0.0,0
1995-11-02,5.31,5.31,5.22,5.22,69900,0.0,0
1995-11-03,5.22,5.28,5.22,5.22,49600,0.0,0
1995-11-06,5.25,5.31,5.22,5.22,182600,0.0,0
1995-11-07,5.22,5.28,5.22,5.25,23100,0.0,0
1995-11-08,5.25,5.25,5.22,5.25,17700,0.0,0
1995-11-09,5.25,5.25,5.22,5.25,11700,0.0,0
1995-11-10,5.25,5.25,5.22,5.25,18300,0.0,0
1995-11-13,5.22,5.22,5.11,5.14,61400,0.0,0
1995-11-14,5.14,5.14,4.99,5.08,58300,0.0,0
1995-11-15,5.08,5.08,5.02,5.02,100400,0.0,0
1995-11-16,5.05,5.14,5.05,5.14,43900,0.0,0
1995-11-17,5.16,5.28,5.16,5.28,16000,0.0,0
1995-11-20,5.28,5.28,5.22,5.25,9200,0.0,0
1995-11-21,5.25,5.25,5.14,5.19,35600,0.0,0
1995-11-22,5.14,5.16,5.11,5.16,61400,0.0,0
1995-11-24,5.19,5.22,5.19,5.19,1100,0.0,0
1995-11-27,5.22,5.22,5.19,5.22,21700,0.0,0
1995-11-28,5.22,5.22,5.19,5.22,11000,0.0,0
1995-11-29,5.22,5.22,5.19,5.19,8500,0.0,0
1995-11-30,5.22,5.25,5.22,5.22,12800,0.0,0
1995-12-01,5.25,5.28,5.22,5.28,14200,0.0,0
1995-12-04,5.28,5.48,5.28,5.48,27600,0.0,0
1995-12-05,5.51,5.57,5.51,5.51,18100,0.0,0
1995-12-06,5.57,5.57,5.42,5.45,34700,0.0,0
1995-12-07,5.4,5.42,5.31,5.31,35200,0.0,0
1995-12-08,5.31,5.45,5.31,5.42,114900,0.0,0
1995-12-11,5.42,5.45,5.4,5.42,17900,0.0,0
1995-12-12,5.45,5.45,5.42,5.45,20400,0.0,0
1995-12-13,5.45,5.51,5.42,5.51,76100,0.0,0
1995-12-14,5.54,5.71,5.54,5.71,22300,0.0,0
1995-12-15,5.74,5.74,5.63,5.63,6800,0.0,0
1995-12-18,5.68,5.68,5.63,5.68,7800,0.0,0
1995-12-19,5.68,5.77,5.66,5.77,16700,0.0,0
1995-12-20,5.74,5.77,5.68,5.68,34600,0.0,0
1995-12-21,5.66,5.74,5.66,5.74,6000,0.0,0
1995-12-22,5.74,5.8,5.71,5.8,7500,0.0,0
1995-12-26,5.8,5.8,5.71,5.77,9700,0.0,0
1995-12-27,5.77,5.83,5.71,5.83,4600,0.0,0
1995-12-28,5.74,5.8,5.74,5.74,45300,0.0,0
1995-12-29,5.74,5.74,5.63,5.71,22200,0.0,0
1996-01-02,5.68,5.77,5.68,5.77,9500,0.0,0
1996-01-03,5.8,5.8,5.74,5.77,23300,0.0,0
1996-01-04,5.77,5.77,5.71,5.71,5700,0.0,0
1996-01-05,5.74,5.77,5.74,5.77,4800,0.0,0
1996-01-08,5.74,5.77,5.74,5.77,4000,0.0,0
1996-01-09,5.77,5.77,5.74,5.77,14000,0.0,0
1996-01-10,5.74,5.8,5.74,5.8,2900,0.0,0
1996-01-11,5.8,5.83,5.8,5.8,2200,0.0,0
1996-01-12,5.8,5.86,5.77,5.86,3000,0.0,0
1996-01-15,5.86,5.89,5.83,5.83,71000,0.0,0
1996-01-16,5.83,5.86,5.8,5.83,5200,0.0,0
1996-01-17,5.83,5.89,5.83,5.86,67000,0.0,0
1996-01-18,5.86,5.86,5.83,5.86,15400,0.0,0
1996-01-19,5.89,5.89,5.8,5.83,55000,0.0,0
1996-01-22,5.83,5.83,5.77,5.83,14200,0.51,0
1996-01-23,5.83,5.83,5.71,5.77,34000,0.0,0
1996-01-24,5.77,5.8,5.74,5.8,9700,0.0,0
1996-01-25,5.77,5.77,5.65,5.65,16200,0.0,0
1996-01-26,5.65,5.83,5.65,5.83,39500,0.0,0
1996-01-29,5.83,5.86,5.74,5.8,98100,0.0,0
1996-01-30,5.8,5.8,5.77,5.8,97400,0.0,0
1996-01-31,5.77,5.89,5.77,5.89,92700,0.0,0
1996-02-01,5.89,5.92,5.86,5.89,45200,0.0,0
1996-02-02,5.86,5.98,5.86,5.95,60900,0.0,0
1996-02-05,5.95,6.01,5.95,6.01,63800,0.0,0
1996-02-06,6.04,6.04,6.01,6.01,10700,0.0,0
1996-02-07,6.01,6.04,5.98,6.04,28900,0.0,0
1996-02-08,6.04,6.1,6.01,6.1,16800,0.0,0
1996-02-09,6.1,6.18,6.1,6.18,11700,0.0,0
1996-02-12,6.24,6.3,6.21,6.21,12000,0.0,0
1996-02-13,6.27,6.33,6.21,6.27,11000,0.0,0
1996-02-14,6.24,6.27,6.21,6.24,25900,0.0,0
1996-02-15,6.21,6.24,6.18,6.21,23100,0.0,0
1996-02-16,6.21,6.24,6.15,6.18,74700,0.0,0
1996-02-20,6.13,6.15,6.01,6.01,21500,0.0,0
1996-02-21,6.01,6.07,6.01,6.04,56400,0.0,0
1996-02-22,6.07,6.07,6.07,6.07,3200,0.0,0
1996-02-23,6.04,6.07,5.89,5.89,175800,0.0,0
1996-02-26,5.89,6.01,5.89,6.01,14600,0.0,0
1996-02-27,5.98,6.01,5.98,6.01,12400,0.0,0
1996-02-28,6.01,6.04,6.01,6.01,6300,0.0,0
1996-02-29,6.01,6.01,5.92,5.92,15500,0.0,0
1996-03-01,5.92,6.01,5.92,6.01,13200,0.0,0
1996-03-04,6.01,6.01,5.98,5.98,22500,0.0,0
1996-03-05,6.01,6.1,5.98,6.1,22900,0.0,0
1996-03-06,6.07,6.24,6.07,6.24,12000,0.0,0
1996-03-07,6.24,6.24,6.18,6.21,10500,0.0,0
1996-03-08,6.18,6.21,6.07,6.07,26600,0.0,0
1996-03-11,6.07,6.1,6.01,6.01,9700,0.0,0
1996-03-12,5.95,6.04,5.92,6.04,29500,0.0,0
1996-03-13,6.07,6.13,6.07,6.13,7700,0.0,0
1996-03-14,6.13,6.18,6.13,6.13,4800,0.0,0
1996-03-15,6.13,6.18,6.13,6.13,18600,0.0,0
1996-03-18,6.13,6.18,6.13,6.15,3500,0.0,0
1996-03-19,6.18,6.24,6.15,6.18,19000,0.0,0
1996-03-20,6.15,6.18,6.13,6.18,4800,0.0,0
1996-03-21,6.15,6.15,6.13,6.13,12700,0.0,0
1996-03-22,6.07,6.1,6.04,6.1,12300,0.0,0
1996-03-25,6.1,6.1,6.07,6.1,2300,0.0,0
1996-03-26,6.1,6.13,6.04,6.04,9300,0.0,0
1996-03-27,6.04,6.04,6.01,6.01,3400,0.0,0
1996-03-28,6.04,6.04,6.01,6.04,5800,0.0,0
1996-03-29,6.04,6.07,6.01,6.07,20800,0.0,0
1996-04-01,6.01,6.07,5.95,5.95,63900,0.0,0
1996-04-02,6.01,6.04,5.98,6.04,28700,0.0,0
1996-04-03,6.07,6.1,6.04,6.07,5300,0.0,0
1996-04-04,6.1,6.1,6.04,6.07,5800,0.0,0
1996-04-08,6.01,6.04,5.98,6.01,8600,0.0,0
1996-04-09,6.01,6.01,5.95,5.95,8200,0.0,0
1996-04-10,5.92,5.92,5.89,5.92,22800,0.0,0
1996-04-11,5.89,5.92,5.89,5.92,12000,0.0,0
1996-04-12,5.92,6.01,5.92,6.01,9900,0.0,0
1996-04-15,5.98,6.01,5.98,6.01,5500,0.0,0
1996-04-16,6.01,6.04,5.98,6.01,13300,0.0,0
1996-04-17,6.01,6.07,6.01,6.07,6600,0.0,0
1996-04-18,6.01,6.15,6.01,6.15,12400,0.0,0
1996-04-19,6.16,6.25,6.13,6.25,16400,0.51,0
1996-04-22,6.22,6.28,6.22,6.25,7500,0.0,0
1996-04-23,6.25,6.34,6.19,6.34,14100,0.0,0
1996-04-24,6.31,6.34,6.31,6.31,8400,0.0,0
1996-04-25,6.28,6.4,6.25,6.4,16100,0.0,0
1996-04-26,6.37,6.37,6.31,6.31,11600,0.0,0
1996-04-29,6.28,6.34,6.28,6.34,4200,0.0,0
1996-04-30,6.28,6.37,6.28,6.34,15000,0.0,0
1996-05-01,6.34,6.4,6.34,6.34,7800,0.0,0
1996-05-02,6.31,6.37,6.31,6.31,9800,0.0,0
1996-05-03,6.31,6.31,6.25,6.28,8100,0.0,0
1996-05-06,6.31,6.31,6.28,6.31,7600,0.0,0
1996-05-07,6.31,6.34,6.31,6.31,3700,0.0,0
1996-05-08,6.34,6.34,6.31,6.31,5500,0.0,0
1996-05-09,6.31,6.34,6.28,6.31,8800,0.0,0
1996-05-10,6.34,6.37,6.31,6.34,7000,0.0,0
1996-05-13,6.34,6.37,6.31,6.34,9000,0.0,0
1996-05-14,6.34,6.34,6.31,6.31,3700,0.0,0
1996-05-15,6.31,6.34,6.31,6.31,21400,0.0,0
1996-05-16,6.31,6.34,6.28,6.31,36800,0.0,0
1996-05-17,6.28,6.31,6.28,6.31,4600,0.0,0
1996-05-20,6.28,6.31,6.28,6.28,3900,0.0,0
1996-05-21,6.28,6.31,6.28,6.31,5600,0.0,0
1996-05-22,6.31,6.31,6.28,6.31,500,0.0,0
1996-05-23,6.31,6.31,6.25,6.25,21700,0.0,0
1996-05-24,6.28,6.28,6.25,6.28,3500,0.0,0
1996-05-28,6.25,6.25,6.22,6.22,3400,0.0,0
1996-05-29,6.25,6.25,6.19,6.19,7000,0.0,0
1996-05-30,6.22,6.22,6.07,6.07,62400,0.0,0
1996-05-31,6.07,6.1,6.04,6.07,20000,0.0,0
1996-06-03,6.07,6.07,6.04,6.07,1400,0.0,0
1996-06-04,6.04,6.07,6.04,6.07,13000,0.0,0
1996-06-05,6.07,6.16,6.07,6.16,6600,0.0,0
1996-06-06,6.16,6.19,6.1,6.19,4400,0.0,0
1996-06-07,6.16,6.19,6.16,6.16,2500,0.0,0
1996-06-10,6.19,6.19,6.13,6.16,6600,0.0,0
1996-06-11,6.13,6.22,6.13,6.19,7600,0.0,0
1996-06-12,6.22,6.31,6.22,6.31,11300,0.0,0
1996-06-13,6.31,6.31,6.28,6.31,10400,0.0,0
1996-06-14,6.31,6.34,6.28,6.31,8300,0.0,0
1996-06-17,6.31,6.34,6.28,6.31,6600,0.0,0
1996-06-18,6.28,6.31,6.28,6.31,8300,0.0,0
1996-06-19,6.31,6.31,6.28,6.28,6800,0.0,0
1996-06-20,6.25,6.25,6.19,6.19,8500,0.0,0
1996-06-21,6.22,6.22,6.19,6.22,4700,0.0,0
1996-06-24,6.19,6.22,6.19,6.22,19400,0.0,0
1996-06-25,6.19,6.22,6.19,6.19,4500,0.0,0
1996-06-26,6.19,6.19,6.13,6.13,12700,0.0,0
1996-06-27,6.1,6.13,6.1,6.1,12600,0.0,0
1996-06-28,6.1,6.13,6.07,6.1,17000,0.0,0
1996-07-01,6.13,6.16,6.1,6.16,2600,0.0,0
1996-07-02,6.13,6.16,6.13,6.13,4500,0.0,0
1996-07-03,6.13,6.16,6.13,6.16,13600,0.0,0
1996-07-05,6.16,6.16,6.13,6.16,900,0.0,0
1996-07-08,6.16,6.19,6.13,6.16,4300,0.0,0
1996-07-09,6.19,6.19,6.13,6.16,6700,0.0,0
1996-07-10,6.16,6.19,6.16,6.19,2600,0.0,0
1996-07-11,6.16,6.22,6.16,6.22,8000,0.0,0
1996-07-12,6.19,6.22,6.19,6.22,1900,0.0,0
1996-07-15,6.22,6.22,6.19,6.19,11000,0.0,0
1996-07-16,6.19,6.19,6.13,6.16,20400,0.0,0
1996-07-17,6.19,6.19,6.16,6.19,1700,0.0,0
1996-07-18,6.16,6.19,6.16,6.16,3200,0.0,0
1996-07-19,6.19,6.19,6.16,6.19,2100,0.0,0
1996-07-22,6.22,6.22,6.19,6.22,358700,0.51,0
1996-07-23,6.19,6.22,6.19,6.22,12400,0.0,0
1996-07-24,6.19,6.19,6.16,6.16,8900,0.0,0
1996-07-25,6.22,6.22,6.19,6.22,3200,0.0,0
1996-07-26,6.22,6.22,6.19,6.19,1200,0.0,0
1996-07-29,6.22,6.25,6.19,6.25,16300,0.0,0
1996-07-30,6.19,6.22,6.16,6.22,13200,0.0,0
1996-07-31,6.22,6.22,6.19,6.22,5800,0.0,0
1996-08-01,6.22,6.22,6.13,6.22,10000,0.0,0
1996-08-02,6.19,6.22,6.16,6.19,24700,0.0,0
1996-08-05,6.19,6.19,6.1,6.13,14500,0.0,0
1996-08-06,6.13,6.13,6.1,6.13,10200,0.0,0
1996-08-07,6.13,6.13,6.07,6.07,10000,0.0,0
1996-08-08,6.01,6.1,5.97,6.1,18600,0.0,0
1996-08-09,6.1,6.1,6.07,6.1,5300,0.0,0
1996-08-12,6.1,6.1,6.04,6.04,7000,0.0,0
1996-08-13,6.07,6.07,5.94,5.94,58200,0.0,0
1996-08-14,5.94,5.97,5.94,5.97,10700,0.0,0
1996-08-15,5.94,5.97,5.85,5.85,64900,0.0,0
1996-08-16,5.88,5.88,5.82,5.85,15000,0.0,0
1996-08-19,5.85,5.91,5.85,5.88,35100,0.0,0
1996-08-20,5.88,5.88,5.85,5.85,16300,0.0,0
1996-08-21,5.88,5.88,5.85,5.88,8600,0.0,0
1996-08-22,5.88,5.88,5.85,5.85,44600,0.0,0
1996-08-23,5.88,5.88,5.85,5.85,9400,0.0,0
1996-08-26,5.88,5.88,5.85,5.88,7100,0.0,0
1996-08-27,5.88,5.88,5.85,5.88,22300,0.0,0
1996-08-28,5.85,5.91,5.85,5.91,46400,0.0,0
1996-08-29,5.91,5.97,5.91,5.91,7800,0.0,0
1996-08-30,5.91,5.94,5.88,5.94,9800,0.0,0
1996-09-03,5.91,5.94,5.91,5.94,5600,0.0,0
1996-09-04,5.91,5.94,5.91,5.94,8000,0.0,0
1996-09-05,5.91,5.97,5.91,5.91,16000,0.0,0
1996-09-06,5.94,5.94,5.94,5.94,12100,0.0,0
1996-09-09,5.94,5.94,5.88,5.91,55400,0.0,0
1996-09-10,5.88,5.94,5.88,5.94,66500,0.0,0
1996-09-11,5.94,5.94,5.94,5.94,7200,0.0,0
1996-09-12,5.94,5.94,5.88,5.94,11600,0.0,0
1996-09-13,5.94,5.94,5.85,5.91,93200,0.0,0
1996-09-16,5.91,6.01,5.91,6.01,33900,0.0,0
1996-09-17,6.01,6.13,5.97,6.1,45600,0.0,0
1996-09-18,6.07,6.07,5.91,5.91,36200,0.0,0
1996-09-19,5.94,6.04,5.94,6.01,13700,0.0,0
1996-09-20,6.01,6.07,5.97,5.97,31600,0.0,0
1996-09-23,6.01,6.01,5.94,5.97,3000,0.0,0
1996-09-24,6.01,6.01,5.97,6.01,10200,0.0,0
1996-09-25,6.07,6.07,5.97,6.01,19900,0.0,0
1996-09-26,6.01,6.04,5.97,6.04,9400,0.0,0
1996-09-27,6.04,6.07,6.01,6.04,11400,0.0,0
1996-09-30,6.04,6.16,6.01,6.16,11700,0.0,0
1996-10-01,6.16,6.16,6.1,6.13,12000,0.0,0
1996-10-02,6.07,6.07,6.04,6.07,15100,0.0,0
1996-10-03,6.07,6.1,6.07,6.1,7800,0.0,0
1996-10-04,6.1,6.22,6.07,6.22,11100,0.0,0
1996-10-07,6.16,6.22,6.16,6.16,7900,0.0,0
1996-10-08,6.16,6.22,6.16,6.22,14600,0.0,0
1996-10-09,6.19,6.22,6.19,6.19,5400,0.0,0
1996-10-10,6.19,6.22,6.19,6.22,10500,0.0,0
1996-10-11,6.22,6.25,6.19,6.25,78000,0.0,0
1996-10-14,6.25,6.37,6.25,6.37,7300,0.0,0
1996-10-15,6.37,6.37,6.34,6.37,8600,0.0,0
1996-10-16,6.34,6.43,6.34,6.43,20000,0.0,0
1996-10-17,6.43,6.47,6.4,6.47,17700,0.0,0
1996-10-18,6.47,6.56,6.47,6.5,24900,0.0,0
1996-10-21,6.5,6.5,6.47,6.47,13700,0.0,0
1996-10-22,6.44,6.47,6.37,6.37,29400,0.51,0
1996-10-23,6.37,6.37,6.31,6.34,8600,0.0,0
1996-10-24,6.31,6.31,6.25,6.31,2312200,0.0,0
1996-10-25,6.31,6.34,6.28,6.34,7100,0.0,0
1996-10-28,6.34,6.37,6.31,6.34,3800,0.0,0
1996-10-29,6.37,6.37,6.28,6.31,25300,0.0,0
1996-10-30,6.34,6.34,6.19,6.19,66800,0.0,0
1996-10-31,6.19,6.34,6.16,6.34,45900,0.0,0
1996-11-01,6.34,6.34,6.28,6.31,39500,0.0,0
1996-11-04,6.31,6.31,6.28,6.31,16600,0.0,0
1996-11-05,6.28,6.34,6.28,6.34,23900,0.0,0
1996-11-06,6.31,6.37,6.31,6.37,18700,0.0,0
1996-11-07,6.44,6.5,6.44,6.47,17700,0.0,0
1996-11-08,6.44,6.44,6.37,6.41,24400,0.0,0
1996-11-11,6.41,6.41,6.31,6.34,31200,0.0,0
1996-11-12,6.34,6.37,6.31,6.37,10100,0.0,0
1996-11-13,6.37,6.37,6.34,6.37,46100,0.0,0
1996-11-14,6.37,6.41,6.34,6.41,41700,0.0,0
1996-11-15,6.41,6.44,6.37,6.44,27800,0.0,0
1996-11-18,6.44,6.44,6.41,6.44,8200,0.0,0
1996-11-19,6.41,6.5,6.41,6.47,12200,0.0,0
1996-11-20,6.53,6.59,6.44,6.47,16700,0.0,0
1996-11-21,6.47,6.47,6.37,6.37,37000,0.0,0
1996-11-22,6.41,6.41,6.37,6.41,61500,0.0,0
1996-11-25,6.34,6.37,6.34,6.37,56300,0.0,0
1996-11-26,6.37,6.37,6.34,6.34,13100,0.0,0
1996-11-27,6.37,6.37,6.34,6.37,10600,0.0,0
1996-11-29,6.37,6.41,6.34,6.37,17600,0.0,0
1996-12-02,6.34,6.41,6.34,6.41,49000,0.0,0
1996-12-03,6.41,6.44,6.34,6.37,48800,0.0,0
1996-12-04,6.37,6.44,6.34,6.41,18500,0.0,0
1996-12-05,6.44,6.47,6.41,6.41,12600,0.0,0
1996-12-06,6.41,6.47,6.34,6.44,56200,0.0,0
1996-12-09,6.44,6.62,6.44,6.56,17700,0.0,0
1996-12-10,6.59,6.84,6.59,6.78,47400,0.0,0
1996-12-11,6.72,6.81,6.72,6.81,20400,0.0,0
1996-12-12,6.81,6.91,6.78,6.81,68600,0.0,0
1996-12-13,6.75,6.81,6.75,6.81,38500,0.0,0
1996-12-16,6.81,6.81,6.75,6.78,5100,0.0,0
1996-12-17,6.78,6.81,6.75,6.78,9700,0.0,0
1996-12-18,6.81,6.81,6.75,6.78,6000,0.0,0
1996-12-19,6.78,6.81,6.75,6.78,7200,0.0,0
1996-12-20,6.81,6.81,6.78,6.78,36100,0.0,0
1996-12-23,6.78,6.81,6.78,6.81,65800,0.0,0
1996-12-24,6.81,6.84,6.81,6.84,3100,0.0,0
1996-12-26,6.87,6.94,6.81,6.94,40600,0.0,0
1996-12-27,7.0,7.09,7.0,7.09,14700,0.0,0
1996-12-30,7.09,7.19,7.06,7.12,17900,0.0,0
1996-12-31,7.15,7.22,7.12,7.22,31900,0.0,0
1997-01-02,7.15,7.19,7.03,7.06,43800,0.0,0
1997-01-03,7.03,7.03,6.94,6.97,51200,0.0,0
1997-01-06,7.0,7.03,6.94,6.94,22500,0.0,0
1997-01-07,6.91,6.97,6.91,6.97,11400,0.0,0
1997-01-08,7.0,7.0,6.91,6.97,22100,0.0,0
1997-01-09,6.97,6.97,6.94,6.97,7200,0.0,0
1997-01-10,6.91,6.97,6.91,6.97,24500,0.0,0
1997-01-13,6.97,7.03,6.97,7.03,16500,0.0,0
1997-01-14,7.06,7.12,7.03,7.12,30000,0.0,0
1997-01-15,7.09,7.12,7.06,7.09,9000,0.0,0
1997-01-16,7.12,7.12,7.09,7.12,3200,0.0,0
1997-01-17,7.12,7.12,7.09,7.12,8300,0.0,0
1997-01-20,7.12,7.12,7.09,7.12,64700,0.0,0
1997-01-21,7.12,7.25,7.12,7.25,13700,0.0,0
1997-01-22,7.29,7.35,7.29,7.32,15200,0.535,0
1997-01-23,7.32,7.35,7.29,7.29,28200,0.0,0
1997-01-24,7.29,7.32,7.19,7.19,29600,0.0,0
1997-01-27,7.13,7.19,7.1,7.1,22500,0.0,0
1997-01-28,7.13,7.19,7.13,7.16,25200,0.0,0
1997-01-29,7.19,7.32,7.16,7.29,10600,0.0,0
1997-01-30,7.29,7.35,7.26,7.35,7000,0.0,0
1997-01-31,7.45,7.45,7.35,7.42,16000,0.0,0
1997-02-03,7.45,7.51,7.38,7.42,17800,0.0,0
1997-02-04,7.38,7.48,7.38,7.45,18700,0.0,0
1997-02-05,7.42,7.45,7.29,7.29,7500,0.0,0
1997-02-06,7.32,7.35,7.29,7.35,6800,0.0,0
1997-02-07,7.42,7.51,7.38,7.45,41700,0.0,0
1997-02-10,7.42,7.54,7.42,7.54,27000,0.0,0
1997-02-11,7.51,7.51,7.42,7.42,66300,0.0,0
1997-02-12,7.45,7.58,7.45,7.51,38000,0.0,0
1997-02-13,7.51,7.51,7.38,7.42,25600,0.0,0
1997-02-14,7.42,7.48,7.42,7.45,17100,0.0,0
1997-02-18,7.45,7.48,7.42,7.48,4300,0.0,0
1997-02-19,7.54,7.54,7.48,7.51,12900,0.0,0
1997-02-20,7.51,7.54,7.48,7.51,6400,0.0,0
1997-02-21,7.51,7.51,7.38,7.38,17400,0.0,0
1997-02-24,7.42,7.48,7.42,7.48,12700,0.0,0
1997-02-25,7.51,7.51,7.48,7.51,26500,0.0,0
1997-02-26,7.48,7.51,7.38,7.38,43900,0.0,0
1997-02-27,7.45,7.45,7.42,7.42,14700,0.0,0
1997-02-28,7.45,7.45,7.38,7.38,11000,0.0,0
1997-03-03,7.38,7.48,7.35,7.48,30100,0.0,0
1997-03-04,7.42,7.51,7.42,7.48,24500,0.0,0
1997-03-05,7.45,7.51,7.38,7.38,8500,0.0,0
1997-03-06,7.38,7.42,7.19,7.19,30000,0.0,0
1997-03-07,7.23,7.32,7.19,7.32,31800,0.0,0
1997-03-10,7.23,7.32,7.23,7.32,30100,0.0,0
1997-03-11,7.32,7.42,7.32,7.32,583300,0.0,0
1997-03-12,7.38,7.38,7.32,7.32,73800,0.0,0
1997-03-13,7.32,7.38,7.32,7.32,85400,0.0,0
1997-03-14,7.32,7.46,7.32,7.46,48500,0.0,0
1997-03-17,7.45,7.45,7.38,7.45,48800,0.0,0
1997-03-18,7.45,7.45,7.35,7.42,48700,0.0,0
1997-03-19,7.38,7.38,7.35,7.35,17200,0.0,0
1997-03-20,7.38,7.38,7.35,7.35,22500,0.0,0
1997-03-21,7.38,7.42,7.32,7.35,34700,0.0,0
1997-03-24,7.32,7.32,7.23,7.29,66900,0.0,0
1997-03-25,7.32,7.35,7.23,7.26,10300,0.0,0
1997-03-26,7.26,7.32,7.23,7.32,26500,0.0,0
1997-03-27,7.32,7.32,7.26,7.29,13500,0.0,0
1997-03-31,7.26,7.29,7.1,7.13,56600,0.0,0
1997-04-01,7.13,7.13,7.0,7.0,51000,0.0,0
1997-04-02,7.03,7.1,6.97,7.1,18600,0.0,0
1997-04-03,7.1,7.1,6.97,7.07,8100,0.0,0
1997-04-04,7.0,7.26,6.97,7.19,13000,0.0,0
1997-04-07,7.16,7.19,7.16,7.19,29200,0.0,0
1997-04-08,7.16,7.16,7.1,7.1,6100,0.0,0
1997-04-09,7.13,7.13,7.1,7.13,10200,0.0,0
1997-04-10,7.13,7.19,7.1,7.16,10400,0.0,0
1997-04-11,7.13,7.19,7.13,7.19,12600,0.0,0
1997-04-14,7.23,7.23,7.13,7.13,8500,0.0,0
1997-04-15,7.13,7.16,7.07,7.13,10200,0.0,0
1997-04-16,7.1,7.13,7.07,7.07,18100,0.0,0
1997-04-17,7.07,7.07,6.94,6.94,42200,0.0,0
1997-04-18,6.94,6.97,6.88,6.94,29000,0.0,0
1997-04-21,6.85,6.95,6.85,6.92,26300,0.535,0
1997-04-22,6.85,6.85,6.49,6.75,153600,0.0,0
1997-04-23,6.79,6.79,6.72,6.75,73300,0.0,0
1997-04-24,6.75,6.75,6.69,6.72,29900,0.0,0
1997-04-25,6.72,6.75,6.69,6.69,17900,0.0,0
1997-04-28,6.72,6.75,6.69,6.72,24500,0.0,0
1997-04-29,6.69,6.75,6.69,6.75,31200,0.0,0
1997-04-30,6.72,6.75,6.72,6.72,42100,0.0,0
1997-05-01,6.75,6.79,6.72,6.75,54600,0.0,0
1997-05-02,6.75,6.75,6.72,6.75,23400,0.0,0
1997-05-05,6.75,6.75,6.69,6.72,120000,0.0,0
1997-05-06,6.72,6.72,6.69,6.72,164000,0.0,0
1997-05-07,6.75,6.75,6.72,6.75,75100,0.0,0
1997-05-08,6.75,6.75,6.72,6.75,19000,0.0,0
1997-05-09,6.75,6.79,6.75,6.79,28500,0.0,0
1997-05-12,6.75,6.85,6.72,6.85,40700,0.0,0
1997-05-13,6.92,6.95,6.88,6.88,15100,0.0,0
1997-05-14,6.88,6.95,6.82,6.95,10700,0.0,0
1997-05-15,6.95,7.08,6.95,7.08,8800,0.0,0
1997-05-16,7.08,7.08,6.92,6.92,6500,0.0,0
1997-05-19,6.85,6.92,6.85,6.92,10500,0.0,0
1997-05-20,6.92,6.92,6.88,6.92,28100,0.0,0
1997-05-21,6.85,6.92,6.85,6.92,34300,0.0,0
1997-05-22,6.92,6.92,6.88,6.88,16100,0.0,0
1997-05-23,6.88,6.92,6.85,6.85,17100,0.0,0
1997-05-27,6.92,6.92,6.82,6.85,16500,0.0,0
1997-05-28,6.88,6.92,6.85,6.88,21800,0.0,0
1997-05-29,6.85,6.88,6.85,6.85,8400,0.0,0
1997-05-30,6.82,6.92,6.82,6.92,60400,0.0,0
1997-06-02,6.95,6.95,6.88,6.88,34000,0.0,0
1997-06-03,6.92,6.92,6.85,6.88,6400,0.0,0
1997-06-04,6.88,6.98,6.88,6.98,11700,0.0,0
1997-06-05,7.05,7.05,6.92,6.98,14500,0.0,0
1997-06-06,6.95,6.95,6.88,6.95,15200,0.0,0
1997-06-09,6.95,7.05,6.95,6.98,12800,0.0,0
1997-06-10,6.98,7.01,6.92,6.95,28700,0.0,0
1997-06-11,6.98,6.98,6.88,6.92,15700,0.0,0
1997-06-12,6.95,7.14,6.95,7.14,66700,0.0,0
1997-06-13,7.21,7.27,7.18,7.24,27200,0.0,0
1997-06-16,7.27,7.34,7.24,7.31,8200,0.0,0
1997-06-17,7.27,7.37,7.27,7.34,14400,0.0,0
1997-06-18,7.37,7.37,7.21,7.31,11800,0.0,0
1997-06-19,7.34,7.4,7.31,7.4,98700,0.0,0
1997-06-20,7.4,7.44,7.4,7.4,48700,0.0,0
1997-06-23,7.4,7.44,7.4,7.4,11200,0.0,0
1997-06-24,7.4,7.47,7.4,7.47,20200,0.0,0
1997-06-25,7.42,7.5,7.4,7.4,22400,0.0,0
1997-06-26,7.4,7.47,7.37,7.4,33100,0.0,0
1997-06-27,7.4,7.4,7.24,7.34,47000,0.0,0
1997-06-30,7.34,7.37,7.21,7.29,30900,0.0,0
1997-07-01,7.27,7.42,7.24,7.4,20500,0.0,0
1997-07-02,7.42,7.42,7.27,7.37,15400,0.0,0
1997-07-03,7.4,7.4,7.31,7.37,10200,0.0,0
1997-07-07,7.4,7.4,7.27,7.34,10600,0.0,0
1997-07-08,7.34,7.35,7.32,7.35,11500,0.0,0
1997-07-09,7.34,7.35,7.32,7.34,9400,0.0,0
1997-07-10,7.34,7.35,7.24,7.27,19100,0.0,0
1997-07-11,7.26,7.31,7.26,7.29,14700,0.0,0
1997-07-14,7.31,7.37,7.31,7.37,23600,0.0,0
1997-07-15,7.35,7.37,7.29,7.34,9600,0.0,0
1997-07-16,7.37,7.4,7.37,7.4,14700,0.0,0
1997-07-17,7.4,7.44,7.37,7.44,25500,0.0,0
1997-07-18,7.4,7.47,7.37,7.45,13500,0.0,0
1997-07-21,7.42,7.42,7.34,7.34,54800,0.0,0
1997-07-22,7.45,7.45,7.3,7.38,23900,0.535,0
1997-07-23,7.35,7.41,7.35,7.4,11000,0.0,0
1997-07-24,7.4,7.45,7.38,7.43,18900,0.0,0
1997-07-25,7.41,7.45,7.33,7.33,24300,0.0,0
1997-07-28,7.33,7.33,7.2,7.21,21700,0.0,0
1997-07-29,7.21,7.28,7.21,7.28,29700,0.0,0
1997-07-30,7.25,7.3,7.25,7.26,33200,0.0,0
1997-07-31,7.28,7.31,7.26,7.3,48600,0.0,0
1997-08-01,7.33,7.33,7.3,7.3,9800,0.0,0
1997-08-04,7.31,7.31,7.21,7.23,16000,0.0,0
1997-08-05,7.21,7.4,7.21,7.4,19100,0.0,0
1997-08-06,7.41,7.45,7.28,7.28,50900,0.0,0
1997-08-07,7.35,7.4,7.33,7.38,16700,0.0,0
1997-08-08,7.4,7.4,7.31,7.38,14600,0.0,0
1997-08-11,7.35,7.38,7.35,7.36,4900,0.0,0
1997-08-12,7.38,7.4,7.36,7.4,13000,0.0,0
1997-08-13,7.38,7.4,7.3,7.33,18000,0.0,0
1997-08-14,7.31,7.33,7.21,7.25,25800,0.0,0
1997-08-15,7.28,7.31,7.23,7.26,8800,0.0,0
1997-08-18,7.3,7.35,7.28,7.3,38800,0.0,0
1997-08-19,7.3,7.3,7.25,7.28,29100,0.0,0
1997-08-20,7.28,7.3,7.26,7.28,30800,0.0,0
1997-08-21,7.28,7.3,7.26,7.28,7500,0.0,0
1997-08-22,7.28,7.3,7.26,7.28,17800,0.0,0
1997-08-25,7.28,7.3,7.26,7.26,13600,0.0,0
1997-08-26,7.28,7.28,7.17,7.17,9800,0.0,0
1997-08-27,7.07,7.18,7.05,7.15,26400,0.0,0
1997-08-28,7.15,7.18,7.15,7.18,18000,0.0,0
1997-08-29,7.21,7.26,7.2,7.26,19400,0.0,0
1997-09-02,7.28,7.41,7.28,7.4,24200,0.0,0
1997-09-03,7.4,7.48,7.35,7.36,103100,0.0,0
1997-09-04,7.43,7.58,7.41,7.55,38600,0.0,0
1997-09-05,7.55,7.6,7.41,7.53,16500,0.0,0
1997-09-08,7.53,7.55,7.5,7.55,5300,0.0,0
1997-09-09,7.55,7.58,7.51,7.53,7400,0.0,0
1997-09-10,7.46,7.53,7.46,7.5,6700,0.0,0
1997-09-11,7.48,7.5,7.45,7.5,5500,0.0,0
1997-09-12,7.46,7.63,7.41,7.63,58600,0.0,0
1997-09-15,7.61,7.61,7.55,7.56,21400,0.0,0
1997-09-16,7.53,7.56,7.41,7.53,35100,0.0,0
1997-09-17,7.55,7.61,7.51,7.6,12600,0.0,0
1997-09-18,7.6,7.78,7.6,7.76,74000,0.0,0
1997-09-19,7.69,7.84,7.68,7.81,31200,0.0,0
1997-09-22,7.83,7.86,7.81,7.81,32900,0.0,0
1997-09-23,7.84,7.99,7.84,7.99,20800,0.0,0
1997-09-24,7.99,8.08,7.94,8.03,12300,0.0,0
1997-09-25,7.99,8.01,7.74,7.91,20900,0.0,0
1997-09-26,7.94,8.01,7.91,7.99,17300,0.0,0
1997-09-29,7.98,7.99,7.89,7.91,10400,0.0,0
1997-09-30,7.96,8.01,7.73,7.86,41600,0.0,0
1997-10-01,7.86,7.91,7.81,7.91,927600,0.0,0
1997-10-02,7.89,7.96,7.88,7.94,111300,0.0,0
1997-10-03,7.94,7.94,7.78,7.78,43400,0.0,0
1997-10-06,7.74,7.91,7.74,7.88,33200,0.0,0
1997-10-07,7.91,7.91,7.76,7.78,32500,0.0,0
1997-10-08,7.78,7.79,7.69,7.79,32500,0.0,0
1997-10-09,7.76,7.76,7.66,7.68,21700,0.0,0
1997-10-10,7.68,7.83,7.66,7.76,44600,0.0,0
1997-10-13,7.71,7.81,7.66,7.74,31300,0.0,0
1997-10-14,7.74,7.81,7.71,7.73,36400,0.0,0
1997-10-15,7.58,7.68,7.58,7.68,30800,0.0,0
1997-10-16,7.68,7.73,7.68,7.69,28200,0.0,0
1997-10-17,7.68,7.68,7.56,7.66,39300,0.0,0
1997-10-20,7.69,7.69,7.55,7.63,31000,0.0,0
1997-10-21,7.63,7.69,7.55,7.58,71200,0.0,0
1997-10-22,7.69,7.74,7.69,7.71,56400,0.535,0
1997-10-23,7.64,7.64,7.35,7.52,55500,0.0,0
1997-10-24,7.52,7.55,7.47,7.52,23800,0.0,0
1997-10-27,7.49,7.5,7.18,7.28,41600,0.0,0
1997-10-28,7.28,7.54,7.22,7.42,98000,0.0,0
1997-10-29,7.42,7.52,7.42,7.52,46100,0.0,0
1997-10-30,7.45,7.55,7.42,7.5,35600,0.0,0
1997-10-31,7.49,7.62,7.49,7.62,26500,0.0,0
1997-11-03,7.69,7.82,7.69,7.74,53800,0.0,0
1997-11-04,7.76,7.77,7.69,7.72,33100,0.0,0
1997-11-05,7.71,7.71,7.62,7.62,15800,0.0,0
1997-11-06,7.66,7.66,7.37,7.54,57500,0.0,0
1997-11-07,7.47,7.52,7.45,7.5,31100,0.0,0
1997-11-10,7.49,7.54,7.49,7.49,25300,0.0,0
1997-11-11,7.52,7.55,7.49,7.5,44300,0.0,0
1997-11-12,7.5,7.54,7.34,7.34,57300,0.0,0
1997-11-13,7.35,7.39,7.27,7.35,38900,0.0,0
1997-11-14,7.39,7.39,7.32,7.37,25800,0.0,0
1997-11-17,7.37,7.44,7.37,7.4,47000,0.0,0
1997-11-18,7.39,7.49,7.39,7.45,30100,0.0,0
1997-11-19,7.47,7.47,7.39,7.42,62500,0.0,0
1997-11-20,7.42,7.44,7.42,7.44,39800,0.0,0
1997-11-21,7.44,7.49,7.42,7.44,30800,0.0,0
1997-11-24,7.5,7.54,7.42,7.49,27000,0.0,0
1997-11-25,7.45,7.55,7.42,7.42,64600,0.0,0
1997-11-26,7.44,7.47,7.42,7.45,86600,0.0,0
1997-11-28,7.45,7.45,7.44,7.45,26600,0.0,0
1997-12-01,7.44,7.5,7.44,7.47,63500,0.0,0
1997-12-02,7.45,7.45,7.39,7.42,149100,0.0,0
1997-12-03,7.42,7.49,7.42,7.47,71400,0.0,0
1997-12-04,7.45,7.66,7.45,7.64,71600,0.0,0
1997-12-05,7.61,7.81,7.59,7.81,62400,0.0,0
1997-12-08,7.82,7.88,7.82,7.82,111600,0.0,0
1997-12-09,7.79,7.84,7.69,7.69,82500,0.0,0
1997-12-10,7.69,7.69,7.57,7.67,36700,0.0,0
1997-12-11,7.61,7.67,7.52,7.59,69700,0.0,0
1997-12-12,7.57,7.67,7.57,7.61,29900,0.0,0
1997-12-15,7.49,7.62,7.47,7.62,69200,0.0,0
1997-12-16,7.66,7.74,7.54,7.55,44900,0.0,0
1997-12-17,7.57,7.76,7.57,7.66,69500,0.0,0
1997-12-18,7.66,7.66,7.54,7.61,52800,0.0,0
1997-12-19,7.62,7.62,7.45,7.57,49300,0.0,0
1997-12-22,7.55,7.59,7.39,7.59,50000,0.0,0
1997-12-23,7.59,7.61,7.49,7.61,29200,0.0,0
1997-12-24,7.61,7.66,7.59,7.66,14600,0.0,0
1997-12-26,7.69,7.69,7.61,7.64,7200,0.0,0
1997-12-29,7.62,7.72,7.62,7.66,20700,0.0,0
1997-12-30,7.62,7.82,7.62,7.82,50000,0.0,0
1997-12-31,7.82,7.82,7.71,7.71,83000,0.0,0
1998-01-02,7.74,7.84,7.74,7.82,30500,0.0,0
1998-01-05,7.86,7.96,7.86,7.94,71000,0.0,0
1998-01-06,7.94,7.98,7.89,7.96,50400,0.0,0
1998-01-07,7.98,8.03,7.94,7.98,37300,0.0,0
1998-01-08,7.99,7.99,7.94,7.98,23000,0.0,0
1998-01-09,7.96,7.96,7.91,7.93,34100,0.0,0
1998-01-12,7.88,7.93,7.82,7.91,34800,0.0,0
1998-01-13,7.94,7.98,7.89,7.93,25100,0.0,0
1998-01-14,7.91,8.01,7.91,7.99,24800,0.0,0
1998-01-15,7.99,8.03,7.98,8.03,105700,0.0,0
1998-01-16,8.03,8.04,7.99,8.04,59100,0.0,0
1998-01-20,8.04,8.06,8.01,8.03,85900,0.0,0
1998-01-21,8.02,8.11,7.99,8.06,35200,0.55,0
1998-01-22,8.04,8.04,8.01,8.04,36500,0.0,0
1998-01-23,8.06,8.07,7.99,8.01,34200,0.0,0
1998-01-26,7.99,8.02,7.83,7.92,43900,0.0,0
1998-01-27,7.92,7.95,7.85,7.92,42400,0.0,0
1998-01-28,7.95,7.97,7.92,7.94,54400,0.0,0
1998-01-29,7.95,8.07,7.94,7.94,29100,0.0,0
1998-01-30,7.99,8.04,7.94,7.95,28100,0.0,0
1998-02-02,8.02,8.02,7.95,7.97,43500,0.0,0
1998-02-03,7.99,8.02,7.95,7.99,20300,0.0,0
1998-02-04,7.97,7.99,7.94,7.95,22200,0.0,0
1998-02-05,7.95,7.99,7.95,7.95,29600,0.0,0
1998-02-06,7.97,7.97,7.9,7.95,38500,0.0,0
1998-02-09,7.94,7.95,7.92,7.95,31900,0.0,0
1998-02-10,7.92,7.97,7.87,7.87,51500,0.0,0
1998-02-11,7.92,7.97,7.9,7.95,34600,0.0,0
1998-02-12,7.95,7.95,7.82,7.87,77800,0.0,0
1998-02-13,7.83,7.83,7.73,7.82,53400,0.0,0
1998-02-17,7.83,7.83,7.59,7.65,57500,0.0,0
1998-02-18,7.68,7.77,7.66,7.75,38200,0.0,0
1998-02-19,7.71,7.77,7.68,7.71,36600,0.0,0
1998-02-20,7.7,7.75,7.66,7.66,31000,0.0,0
1998-02-23,7.7,7.7,7.66,7.68,44400,0.0,0
1998-02-24,7.73,7.8,7.7,7.8,40000,0.0,0
1998-02-25,7.82,7.89,7.82,7.87,36400,0.0,0
1998-02-26,7.83,7.94,7.83,7.87,23200,0.0,0
1998-02-27,7.83,7.89,7.78,7.78,30400,0.0,0
1998-03-02,7.8,7.8,7.65,7.71,33500,0.0,0
1998-03-03,7.75,7.78,7.7,7.77,36600,0.0,0
1998-03-04,7.73,7.75,7.7,7.73,32900,0.0,0
1998-03-05,7.68,7.75,7.68,7.75,29500,0.0,0
1998-03-06,7.71,7.77,7.71,7.77,57900,0.0,0
1998-03-09,7.71,7.73,7.7,7.73,12200,0.0,0
1998-03-10,7.73,7.75,7.68,7.7,34300,0.0,0
1998-03-11,7.7,7.75,7.7,7.73,30800,0.0,0
1998-03-12,7.71,7.78,7.7,7.73,68100,0.0,0
1998-03-13,7.73,7.77,7.73,7.75,17000,0.0,0
1998-03-16,7.73,7.75,7.71,7.71,29900,0.0,0
1998-03-17,7.71,7.77,7.66,7.7,25900,0.0,0
1998-03-18,7.65,7.7,7.56,7.59,122700,0.0,0
1998-03-19,7.61,7.65,7.58,7.61,16000,0.0,0
1998-03-20,7.63,7.66,7.61,7.65,33100,0.0,0
1998-03-23,7.63,7.71,7.58,7.61,80100,0.0,0
1998-03-24,7.63,7.7,7.59,7.68,40700,0.0,0
1998-03-25,7.68,7.7,7.63,7.7,33400,0.0,0
1998-03-26,7.7,7.77,7.68,7.77,49700,0.0,0
1998-03-27,7.77,7.77,7.68,7.73,44200,0.0,0
1998-03-30,7.71,7.77,7.71,7.77,36400,0.0,0
1998-03-31,7.77,7.77,7.7,7.75,72500,0.0,0
1998-04-01,7.73,7.77,7.71,7.77,26300,0.0,0
1998-04-02,7.77,7.94,7.77,7.92,52300,0.0,0
1998-04-03,7.94,7.99,7.92,7.95,24100,0.0,0
1998-04-06,7.92,7.99,7.92,7.92,56000,0.0,0
1998-04-07,7.92,7.95,7.9,7.94,34100,0.0,0
1998-04-08,7.92,7.95,7.8,7.8,21000,0.0,0
1998-04-09,7.8,7.8,7.73,7.75,37500,0.0,0
1998-04-13,7.77,7.78,7.71,7.75,29800,0.0,0
1998-04-14,7.8,7.8,7.42,7.66,48000,0.0,0
1998-04-15,7.66,7.75,7.66,7.73,38900,0.0,0
1998-04-16,7.73,7.77,7.71,7.73,40100,0.0,0
1998-04-17,7.77,7.8,7.73,7.78,21200,0.0,0
1998-04-20,7.77,7.83,7.77,7.82,28700,0.0,0
1998-04-21,7.8,7.92,7.8,7.81,50900,0.55,0
1998-04-22,7.74,7.74,7.5,7.52,122900,0.0,0
1998-04-23,7.52,7.64,7.5,7.57,82300,0.0,0
1998-04-24,7.55,7.6,7.55,7.59,29500,0.0,0
1998-04-27,7.57,7.59,7.5,7.53,45600,0.0,0
1998-04-28,7.52,7.53,7.43,7.45,65000,0.0,0
1998-04-29,7.48,7.53,7.45,7.46,53500,0.0,0
1998-04-30,7.46,7.5,7.46,7.46,44000,0.0,0
1998-05-01,7.48,7.64,7.46,7.64,51300,0.0,0
1998-05-04,7.62,7.66,7.6,7.6,36000,0.0,0
1998-05-05,7.64,7.64,7.52,7.55,40200,0.0,0
1998-05-06,7.57,7.64,7.55,7.59,69600,0.0,0
1998-05-07,7.59,7.67,7.59,7.66,70600,0.0,0
1998-05-08,7.66,7.76,7.66,7.73,29400,0.0,0
1998-05-11,7.76,7.83,7.74,7.8,46800,0.0,0
1998-05-12,7.78,7.8,7.74,7.76,23900,0.0,0
1998-05-13,7.78,7.81,7.74,7.74,24900,0.0,0
1998-05-14,7.76,7.78,7.74,7.74,23700,0.0,0
1998-05-15,7.74,7.76,7.71,7.71,25900,0.0,0
1998-05-18,7.73,7.76,7.62,7.64,35400,0.0,0
1998-05-19,7.67,7.69,7.64,7.64,13200,0.0,0
1998-05-20,7.66,7.67,7.62,7.62,7600,0.0,0
1998-05-21,7.64,7.71,7.6,7.67,13900,0.0,0
1998-05-22,7.71,7.73,7.57,7.71,31200,0.0,0
1998-05-26,7.71,7.78,7.46,7.46,174800,0.0,0
1998-05-27,7.48,7.57,7.46,7.57,23700,0.0,0
1998-05-28,7.57,7.57,7.53,7.55,15500,0.0,0
1998-05-29,7.52,7.57,7.52,7.55,19600,0.0,0
1998-06-01,7.53,7.55,7.52,7.55,18800,0.0,0
1998-06-02,7.55,7.55,7.5,7.52,18900,0.0,0
1998-06-03,7.52,7.53,7.48,7.5,14800,0.0,0
1998-06-04,7.5,7.5,7.46,7.48,22100,0.0,0
1998-06-05,7.46,7.5,7.18,7.29,101000,0.0,0
1998-06-08,7.31,7.5,7.29,7.48,48100,0.0,0
1998-06-09,7.5,7.5,7.38,7.48,41500,0.0,0
1998-06-10,7.45,7.45,7.36,7.41,38500,0.0,0
1998-06-11,7.41,7.43,7.38,7.41,29500,0.0,0
1998-06-12,7.41,7.41,7.32,7.32,22900,0.0,0
1998-06-15,7.34,7.34,7.24,7.29,36000,0.0,0
1998-06-16,7.29,7.38,7.29,7.36,22000,0.0,0
1998-06-17,7.38,7.46,7.34,7.41,52600,0.0,0
1998-06-18,7.38,7.39,7.34,7.36,18200,0.0,0
1998-06-19,7.39,7.45,7.32,7.34,37800,0.0,0
1998-06-22,7.36,7.38,7.34,7.34,41900,0.0,0
1998-06-23,7.36,7.43,7.29,7.31,153400,0.0,0
1998-06-24,7.31,7.38,7.31,7.36,298700,0.0,0
1998-06-25,7.34,7.36,7.27,7.29,78800,0.0,0
1998-06-26,7.25,7.32,7.25,7.29,19800,0.0,0
1998-06-29,7.32,7.36,7.27,7.32,43100,0.0,0
1998-06-30,7.32,7.39,7.29,7.38,52500,0.0,0
1998-07-01,7.41,7.46,7.36,7.45,87000,0.0,0
1998-07-02,7.5,7.53,7.43,7.43,33000,0.0,0
1998-07-06,7.45,7.5,7.41,7.5,54800,0.0,0
1998-07-07,7.46,7.83,7.46,7.73,93000,0.0,0
1998-07-08,7.74,7.78,7.67,7.74,34700,0.0,0
1998-07-09,7.74,7.85,7.69,7.8,120300,0.0,0
1998-07-10,7.78,7.78,7.66,7.67,20300,0.0,0
1998-07-13,7.67,7.71,7.53,7.53,100300,0.0,0
1998-07-14,7.57,7.59,7.55,7.57,157800,0.0,0
1998-07-15,7.6,7.6,7.57,7.59,16100,0.0,0
1998-07-16,7.6,7.64,7.5,7.64,39900,0.0,0
1998-07-17,7.64,7.64,7.52,7.59,13900,0.0,0
1998-07-20,7.57,7.57,7.52,7.55,24600,0.0,0
1998-07-21,7.55,7.57,7.45,7.53,27000,0.0,0
1998-07-22,7.57,7.57,7.46,7.49,32700,0.55,0
1998-07-23,7.53,7.57,7.44,7.55,48300,0.0,0
1998-07-24,7.57,7.66,7.57,7.6,61200,0.0,0
1998-07-27,7.6,7.62,7.57,7.6,31800,0.0,0
1998-07-28,7.6,7.62,7.57,7.58,28000,0.0,0
1998-07-29,7.58,7.62,7.57,7.58,37200,0.0,0
1998-07-30,7.62,7.62,7.55,7.58,39800,0.0,0
1998-07-31,7.57,7.6,7.55,7.55,20800,0.0,0
1998-08-03,7.62,7.62,7.48,7.49,43100,0.0,0
1998-08-04,7.49,7.51,7.46,7.46,45800,0.0,0
1998-08-05,7.46,7.58,7.44,7.48,54100,0.0,0
1998-08-06,7.48,7.48,7.33,7.42,23300,0.0,0
1998-08-07,7.35,7.57,7.35,7.42,41300,0.0,0
1998-08-10,7.37,7.46,7.33,7.4,15100,0.0,0
1998-08-11,7.33,7.33,7.3,7.32,22300,0.0,0
1998-08-12,7.3,7.4,7.3,7.33,27200,0.0,0
1998-08-13,7.3,7.42,7.3,7.4,31900,0.0,0
1998-08-14,7.48,7.55,7.46,7.49,36700,0.0,0
1998-08-17,7.53,7.53,7.46,7.48,18700,0.0,0
1998-08-18,7.44,7.51,7.44,7.51,22700,0.0,0
1998-08-19,7.53,7.53,7.35,7.35,24800,0.0,0
1998-08-20,7.37,7.4,7.28,7.28,37300,0.0,0
1998-08-21,7.35,7.35,7.26,7.26,37000,0.0,0
1998-08-24,7.33,7.33,7.28,7.33,10200,0.0,0
1998-08-25,7.37,7.37,7.3,7.3,32300,0.0,0
1998-08-26,7.32,7.32,7.14,7.15,86400,0.0,0
1998-08-27,7.23,7.23,7.03,7.03,40700,0.0,0
1998-08-28,7.03,7.03,6.73,6.9,48600,0.0,0
1998-08-31,6.94,6.98,6.58,6.58,195600,0.0,0
1998-09-01,6.58,6.74,6.56,6.73,133400,0.0,0
1998-09-02,6.73,7.15,6.67,6.96,39300,0.0,0
1998-09-03,6.92,6.98,6.89,6.89,33800,0.0,0
1998-09-04,6.92,6.94,6.8,6.85,33100,0.0,0
1998-09-08,6.85,6.98,6.85,6.98,17600,0.0,0
1998-09-09,7.05,7.06,6.92,6.92,11000,0.0,0
1998-09-10,6.87,6.87,6.64,6.69,14400,0.0,0
1998-09-11,6.65,6.71,6.58,6.67,18200,0.0,0
1998-09-14,6.74,7.05,6.71,6.99,44500,0.0,0
1998-09-15,6.96,6.96,6.8,6.89,23200,0.0,0
1998-09-16,6.9,7.01,6.85,7.01,20600,0.0,0
1998-09-17,6.94,7.15,6.85,7.14,38100,0.0,0
1998-09-18,7.19,7.33,7.1,7.3,30800,0.0,0
1998-09-21,7.32,7.33,7.24,7.33,19200,0.0,0
1998-09-22,7.37,7.48,7.37,7.48,24600,0.0,0
1998-09-23,7.48,7.69,7.48,7.64,29200,0.0,0
1998-09-24,7.71,7.8,7.49,7.53,52300,0.0,0
1998-09-25,7.46,7.46,7.23,7.35,36500,0.0,0
1998-09-28,7.37,7.4,7.26,7.28,22400,0.0,0
1998-09-29,7.3,7.33,7.26,7.26,17900,0.0,0
1998-09-30,7.26,7.4,7.26,7.4,11800,0.0,0
1998-10-01,7.4,7.42,7.26,7.32,16600,0.0,0
1998-10-02,7.3,7.39,7.26,7.33,20600,0.0,0
1998-10-05,7.4,7.44,7.21,7.24,21600,0.0,0
1998-10-06,7.24,7.24,6.99,7.05,21200,0.0,0
1998-10-07,7.01,7.05,6.69,6.74,28100,0.0,0
1998-10-08,6.73,6.73,6.51,6.58,31900,0.0,0
1998-10-09,6.58,6.87,6.58,6.87,37000,0.0,0
1998-10-12,6.92,7.08,6.9,7.05,34800,0.0,0
1998-10-13,7.08,7.1,6.98,7.08,61200,0.0,0
1998-10-14,7.08,7.14,7.08,7.14,51500,0.0,0
1998-10-15,7.08,7.15,7.08,7.12,23700,0.0,0
1998-10-16,7.14,7.21,7.14,7.17,27600,0.0,0
1998-10-19,7.21,7.37,7.21,7.35,23400,0.0,0
1998-10-20,7.28,7.28,7.06,7.14,72900,0.0,0
1998-10-21,7.17,7.17,6.99,7.11,59300,0.55,0
1998-10-22,7.08,7.17,7.02,7.13,35300,0.0,0
1998-10-23,7.19,7.26,7.17,7.19,45300,0.0,0
1998-10-26,7.19,7.22,7.13,7.22,28600,0.0,0
1998-10-27,7.28,7.35,7.17,7.19,151100,0.0,0
1998-10-28,7.15,7.15,7.04,7.1,27600,0.0,0
1998-10-29,7.13,7.21,7.1,7.15,57600,0.0,0
1998-10-30,7.17,7.24,7.13,7.17,88000,0.0,0
1998-11-02,7.19,7.21,7.02,7.1,75200,0.0,0
1998-11-03,7.13,7.15,7.0,7.1,34200,0.0,0
1998-11-04,7.13,7.17,7.08,7.15,36300,0.0,0
1998-11-05,7.11,7.17,7.1,7.13,25700,0.0,0
1998-11-06,7.19,7.24,7.17,7.21,16500,0.0,0
1998-11-09,7.21,7.24,7.13,7.13,32100,0.0,0
1998-11-10,7.13,7.13,7.02,7.08,26500,0.0,0
1998-11-11,7.11,7.17,7.08,7.1,21600,0.0,0
1998-11-12,7.1,7.1,6.99,7.06,32800,0.0,0
1998-11-13,7.02,7.17,6.99,7.13,14500,0.0,0
1998-11-16,7.13,7.22,7.13,7.19,108800,0.0,0
1998-11-17,7.19,7.21,7.04,7.04,34300,0.0,0
1998-11-18,7.1,7.19,7.06,7.19,40600,0.0,0
1998-11-19,7.22,7.22,7.11,7.15,15200,0.0,0
1998-11-20,7.13,7.15,7.13,7.15,29800,0.0,0
1998-11-23,7.17,7.19,7.13,7.15,27800,0.0,0
1998-11-24,7.17,7.17,7.1,7.1,42400,0.0,0
1998-11-25,7.15,7.17,6.99,7.02,33700,0.0,0
1998-11-27,7.1,7.13,7.02,7.1,12300,0.0,0
1998-11-30,7.02,7.17,6.99,7.13,29000,0.0,0
1998-12-01,7.08,7.11,6.88,6.93,92100,0.0,0
1998-12-02,6.93,6.99,6.88,6.93,28000,0.0,0
1998-12-03,6.91,6.93,6.88,6.88,27000,0.0,0
1998-12-04,6.88,6.93,6.88,6.93,23000,0.0,0
1998-12-07,6.97,6.97,6.88,6.93,36500,0.0,0
1998-12-08,6.93,6.93,6.84,6.88,25600,0.0,0
1998-12-09,6.86,6.88,6.77,6.84,50700,0.0,0
1998-12-10,6.88,6.91,6.8,6.88,34400,0.0,0
1998-12-11,6.88,6.88,6.77,6.77,28200,0.0,0
1998-12-14,6.75,6.84,6.75,6.8,33300,0.0,0
1998-12-15,6.8,6.82,6.77,6.8,36600,0.0,0
1998-12-16,6.84,6.91,6.77,6.82,31300,0.0,0
1998-12-17,6.79,6.8,6.73,6.77,24200,0.0,0
1998-12-18,6.73,6.82,6.73,6.8,121000,0.0,0
1998-12-21,6.8,6.86,6.77,6.84,30600,0.0,0
1998-12-22,6.84,6.84,6.77,6.8,27600,0.0,0
1998-12-23,6.8,6.88,6.8,6.84,37200,0.0,0
1998-12-24,6.82,6.84,6.82,6.84,12500,0.0,0
1998-12-28,6.86,6.89,6.66,6.71,165100,0.0,0
1998-12-29,6.68,6.73,6.64,6.66,55500,0.0,0
1998-12-30,6.66,6.73,6.64,6.69,93600,0.0,0
1998-12-31,6.69,6.73,6.62,6.64,104600,0.0,0
1999-01-04,6.64,6.69,6.62,6.68,43000,0.0,0
1999-01-05,6.69,6.71,6.66,6.69,27300,0.0,0
1999-01-06,6.71,6.77,6.69,6.71,168000,0.0,0
1999-01-07,6.73,6.73,6.68,6.73,34600,0.0,0
1999-01-08,6.73,6.79,6.69,6.71,59100,0.0,0
1999-01-11,6.75,6.8,6.69,6.77,90800,0.0,0
1999-01-12,6.79,6.8,6.73,6.8,78700,0.0,0
1999-01-13,6.75,7.0,6.75,6.91,56100,0.0,0
1999-01-14,6.91,6.97,6.86,6.93,50100,0.0,0
1999-01-15,6.91,6.91,6.86,6.91,27000,0.0,0
1999-01-19,6.95,6.99,6.88,6.99,48800,0.0,0
1999-01-20,7.01,7.01,6.9,6.95,41100,0.575,0
1999-01-21,6.97,6.97,6.9,6.93,35300,0.0,0
1999-01-22,6.95,6.99,6.93,6.95,42500,0.0,0
1999-01-25,6.97,7.07,6.97,7.05,26200,0.0,0
1999-01-26,7.07,7.08,6.93,6.93,27900,0.0,0
1999-01-27,6.93,7.07,6.93,7.03,46400,0.0,0
1999-01-28,7.03,7.05,6.93,6.95,18800,0.0,0
1999-01-29,6.99,6.99,6.92,6.95,21200,0.0,0
1999-02-01,7.01,7.01,6.9,6.93,32000,0.0,0
1999-02-02,6.92,6.97,6.9,6.93,24200,0.0,0
1999-02-03,7.01,7.08,6.86,6.9,50600,0.0,0
1999-02-04,6.9,6.9,6.82,6.86,35600,0.0,0
1999-02-05,6.88,6.9,6.82,6.84,50300,0.0,0
1999-02-08,6.9,6.9,6.78,6.8,20500,0.0,0
1999-02-09,6.82,6.82,6.78,6.82,40000,0.0,0
1999-02-10,6.82,6.84,6.75,6.75,41600,0.0,0
1999-02-11,6.77,6.82,6.71,6.73,26500,0.0,0
1999-02-12,6.75,6.75,6.6,6.69,29300,0.0,0
1999-02-16,6.73,6.73,6.65,6.65,42700,0.0,0
1999-02-17,6.69,6.71,6.67,6.67,19000,0.0,0
1999-02-18,6.73,6.75,6.67,6.71,29300,0.0,0
1999-02-19,6.71,6.71,6.63,6.67,27400,0.0,0
1999-02-22,6.65,6.86,6.65,6.82,67500,0.0,0
1999-02-23,6.82,6.82,6.75,6.8,16700,0.0,0
1999-02-24,6.8,6.8,6.75,6.78,29800,0.0,0
1999-02-25,6.78,6.78,6.73,6.75,41300,0.0,0
1999-02-26,6.77,6.77,6.63,6.67,31000,0.0,0
1999-03-01,6.67,6.82,6.63,6.78,75900,0.0,0
1999-03-02,6.77,6.84,6.77,6.84,23300,0.0,0
1999-03-03,6.9,6.9,6.82,6.82,29400,0.0,0
1999-03-04,6.9,6.9,6.77,6.84,45300,0.0,0
1999-03-05,6.92,6.95,6.9,6.95,12900,0.0,0
1999-03-08,7.03,7.08,6.93,6.99,38100,0.0,0
1999-03-09,7.07,7.23,6.97,7.16,43500,0.0,0
1999-03-10,7.16,7.2,7.05,7.18,22300,0.0,0
1999-03-11,7.2,7.2,7.01,7.03,10600,0.0,0
1999-03-12,7.03,7.03,6.88,6.95,15700,0.0,0
1999-03-15,6.99,7.05,6.82,6.88,14300,0.0,0
1999-03-16,6.88,6.88,6.65,6.67,48100,0.0,0
1999-03-17,6.6,6.75,6.6,6.71,34900,0.0,0
1999-03-18,6.73,6.73,6.56,6.58,29000,0.0,0
1999-03-19,6.58,6.71,6.58,6.65,22900,0.0,0
1999-03-22,6.71,6.71,6.58,6.62,181200,0.0,0
1999-03-23,6.63,6.63,6.41,6.47,54400,0.0,0
1999-03-24,6.45,6.45,6.3,6.35,79900,0.0,0
1999-03-25,6.37,6.37,6.35,6.35,16500,0.0,0
1999-03-26,6.37,6.65,6.3,6.3,55100,0.0,0
1999-03-29,6.3,6.32,6.26,6.3,61100,0.0,0
1999-03-30,6.35,6.65,6.35,6.5,25200,0.0,0
1999-03-31,6.56,6.69,6.41,6.41,47400,0.0,0
1999-04-01,6.48,6.56,6.35,6.56,18700,0.0,0
1999-04-05,6.6,6.67,6.56,6.56,22500,0.0,0
1999-04-06,6.63,6.71,6.56,6.58,8600,0.0,0
1999-04-07,6.54,6.65,6.52,6.62,24500,0.0,0
1999-04-08,6.63,6.65,6.56,6.63,40500,0.0,0
1999-04-09,6.62,6.75,6.6,6.75,29100,0.0,0
1999-04-12,6.75,7.05,6.67,7.05,46500,0.0,0
1999-04-13,6.9,7.16,6.86,7.08,53200,0.0,0
1999-04-14,7.12,7.23,7.07,7.12,53300,0.0,0
1999-04-15,7.16,7.23,7.07,7.23,49500,0.0,0
1999-04-16,7.2,7.42,7.18,7.35,53100,0.0,0
1999-04-19,7.35,7.5,7.33,7.38,64100,0.0,0
1999-04-20,7.38,7.44,7.29,7.44,41600,0.0,0
1999-04-21,7.41,7.41,7.29,7.35,49800,0.575,0
1999-04-22,7.37,7.52,7.37,7.52,57900,0.0,0
1999-04-23,7.56,7.6,7.41,7.46,41700,0.0,0
1999-04-26,7.46,7.5,7.39,7.39,17200,0.0,0
1999-04-27,7.41,7.5,7.39,7.44,11100,0.0,0
1999-04-28,7.48,7.52,7.39,7.48,37300,0.0,0
1999-04-29,7.56,7.56,7.21,7.29,76700,0.0,0
1999-04-30,7.33,7.41,7.29,7.31,46100,0.0,0
1999-05-03,7.37,7.44,7.33,7.35,27200,0.0,0
1999-05-04,7.33,7.41,7.08,7.18,50400,0.0,0
1999-05-05,7.16,7.16,6.83,6.87,57700,0.0,0
1999-05-06,6.94,7.1,6.93,7.1,61800,0.0,0
1999-05-07,7.08,7.35,7.08,7.35,25900,0.0,0
1999-05-10,7.41,7.41,7.27,7.35,28100,0.0,0
1999-05-11,7.35,7.41,7.14,7.18,44100,0.0,0
1999-05-12,7.25,7.37,7.08,7.12,62100,0.0,0
1999-05-13,7.33,7.37,7.14,7.23,65100,0.0,0
1999-05-14,7.23,7.33,7.18,7.23,13100,0.0,0
1999-05-17,7.25,7.33,7.21,7.29,18000,0.0,0
1999-05-18,7.25,7.33,7.21,7.23,69900,0.0,0
1999-05-19,7.27,7.35,7.25,7.25,55500,0.0,0
1999-05-20,7.31,7.33,7.25,7.27,39900,0.0,0
1999-05-21,7.31,7.33,7.23,7.27,14700,0.0,0
1999-05-24,7.29,7.31,7.19,7.19,18300,0.0,0
1999-05-25,7.18,7.18,7.06,7.08,18900,0.0,0
1999-05-26,7.12,7.18,7.06,7.14,18000,0.0,0
1999-05-27,7.18,7.18,7.06,7.06,29900,0.0,0
1999-05-28,7.06,7.06,6.98,6.98,18500,0.0,0
1999-06-01,7.0,7.0,6.85,6.85,27100,0.0,0
1999-06-02,6.85,6.87,6.75,6.77,23100,0.0,0
1999-06-03,6.93,7.02,6.79,6.81,44400,0.0,0
1999-06-04,6.85,6.85,6.79,6.85,88100,0.0,0
1999-06-07,6.93,7.06,6.83,6.98,17300,0.0,0
1999-06-08,7.02,7.12,6.96,7.04,20100,0.0,0
1999-06-09,7.06,7.1,7.0,7.02,30600,0.0,0
1999-06-10,7.06,7.12,7.04,7.08,19300,0.0,0
1999-06-11,7.12,7.14,7.02,7.06,17700,0.0,0
1999-06-14,7.1,7.1,7.02,7.06,6600,0.0,0
1999-06-15,7.1,7.18,7.04,7.04,19400,0.0,0
1999-06-16,7.1,7.12,7.02,7.12,27000,0.0,0
1999-06-17,7.12,7.12,6.81,6.83,82800,0.0,0
1999-06-18,6.83,6.91,6.75,6.83,144400,0.0,0
1999-06-21,6.87,6.98,6.87,6.93,76100,0.0,0
1999-06-22,6.93,6.93,6.83,6.83,38400,0.0,0
1999-06-23,6.79,6.89,6.79,6.83,164300,0.0,0
1999-06-24,6.83,6.93,6.81,6.91,23800,0.0,0
1999-06-25,6.93,7.0,6.91,6.91,36200,0.0,0
1999-06-28,6.91,7.08,6.91,7.08,42000,0.0,0
1999-06-29,7.06,7.19,7.06,7.16,29000,0.0,0
1999-06-30,7.18,7.21,7.1,7.1,25500,0.0,0
1999-07-01,7.1,7.1,6.83,6.93,54600,0.0,0
1999-07-02,6.96,6.96,6.89,6.93,10900,0.0,0
1999-07-06,6.89,6.96,6.89,6.91,17900,0.0,0
1999-07-07,6.94,6.98,6.79,6.98,30100,0.0,0
1999-07-08,6.94,7.0,6.87,7.0,15400,0.0,0
1999-07-09,6.91,7.02,6.91,7.02,15900,0.0,0
1999-07-12,6.98,7.04,6.98,7.02,12100,0.0,0
1999-07-13,6.98,6.98,6.87,6.98,26200,0.0,0
1999-07-14,6.91,6.94,6.87,6.94,23800,0.0,0
1999-07-15,6.91,6.98,6.87,6.98,48000,0.0,0
1999-07-16,6.93,7.02,6.91,7.02,20900,0.0,0
1999-07-19,6.94,6.98,6.89,6.98,62700,0.0,0
1999-07-20,6.93,6.98,6.85,6.98,66900,0.0,0
1999-07-21,6.89,7.01,6.89,6.93,33600,0.575,0
1999-07-22,6.97,6.99,6.85,6.89,37800,0.0,0
1999-07-23,6.85,6.91,6.81,6.83,15800,0.0,0
1999-07-26,6.77,6.81,6.75,6.79,16700,0.0,0
1999-07-27,6.81,6.83,6.73,6.79,19600,0.0,0
1999-07-28,6.83,6.83,6.73,6.79,25700,0.0,0
1999-07-29,6.73,6.75,6.61,6.73,51800,0.0,0
1999-07-30,6.77,6.89,6.77,6.89,26700,0.0,0
1999-08-02,6.97,7.01,6.93,6.95,33000,0.0,0
1999-08-03,6.89,6.95,6.87,6.95,10700,0.0,0
1999-08-04,6.87,6.87,6.63,6.67,89900,0.0,0
1999-08-05,6.63,6.81,6.61,6.81,37100,0.0,0
1999-08-06,6.81,6.83,6.69,6.75,204800,0.0,0
1999-08-09,6.73,6.73,6.67,6.69,43900,0.0,0
1999-08-10,6.71,6.71,6.67,6.67,27600,0.0,0
1999-08-11,6.69,6.71,6.67,6.69,19600,0.0,0
1999-08-12,6.67,6.73,6.67,6.71,54900,0.0,0
1999-08-13,6.71,6.73,6.71,6.73,13600,0.0,0
1999-08-16,6.73,6.73,6.71,6.73,53800,0.0,0
1999-08-17,6.71,6.73,6.71,6.73,36300,0.0,0
1999-08-18,6.71,6.73,6.71,6.73,13500,0.0,0
1999-08-19,6.73,6.89,6.73,6.73,18800,0.0,0
1999-08-20,6.75,6.87,6.73,6.85,38100,0.0,0
1999-08-23,6.81,6.83,6.73,6.79,42400,0.0,0
1999-08-24,6.77,6.81,6.75,6.75,18400,0.0,0
1999-08-25,6.75,6.87,6.73,6.81,33000,0.0,0
1999-08-26,6.85,6.87,6.81,6.83,17100,0.0,0
1999-08-27,6.83,6.85,6.77,6.77,17000,0.0,0
1999-08-30,6.79,6.87,6.77,6.87,69200,0.0,0
1999-08-31,6.85,6.87,6.77,6.87,71700,0.0,0
1999-09-01,6.87,6.93,6.83,6.85,71800,0.0,0
1999-09-02,6.85,6.99,6.79,6.97,40000,0.0,0
1999-09-03,7.01,7.13,6.99,7.11,87600,0.0,0
1999-09-07,7.07,7.14,7.07,7.11,50500,0.0,0
1999-09-08,7.11,7.18,7.09,7.11,60900,0.0,0
1999-09-09,7.11,7.16,7.11,7.13,39500,0.0,0
1999-09-10,7.13,7.2,7.13,7.16,44400,0.0,0
1999-09-13,7.16,7.16,7.09,7.11,22000,0.0,0
1999-09-14,7.11,7.13,7.09,7.11,46800,0.0,0
1999-09-15,7.11,7.14,7.11,7.11,18800,0.0,0
1999-09-16,7.11,7.11,7.01,7.03,34300,0.0,0
1999-09-17,7.03,7.11,7.03,7.07,52500,0.0,0
1999-09-20,7.03,7.11,7.03,7.09,55800,0.0,0
1999-09-21,7.09,7.13,7.07,7.09,30600,0.0,0
1999-09-22,7.09,7.11,6.95,6.95,24200,0.0,0
1999-09-23,6.81,6.83,6.75,6.77,128500,0.0,0
1999-09-24,6.73,6.81,6.73,6.73,44000,0.0,0
1999-09-27,6.73,6.77,6.71,6.73,42300,0.0,0
1999-09-28,6.75,6.75,6.73,6.75,43500,0.0,0
1999-09-29,6.73,6.81,6.73,6.75,44500,0.0,0
1999-09-30,6.73,6.77,6.73,6.77,26500,0.0,0
1999-10-01,6.77,6.91,6.75,6.87,56600,0.0,0
1999-10-04,6.87,6.91,6.85,6.91,42100,0.0,0
1999-10-05,6.89,6.97,6.89,6.97,18300,0.0,0
1999-10-06,7.01,7.16,7.01,7.11,45400,0.0,0
1999-10-07,7.09,7.14,7.09,7.13,28600,0.0,0
1999-10-08,7.11,7.14,7.09,7.14,63200,0.0,0
1999-10-11,7.13,7.2,7.11,7.16,20400,0.0,0
1999-10-12,7.13,7.18,7.13,7.14,26400,0.0,0
1999-10-13,7.16,7.16,7.13,7.16,81600,0.0,0
1999-10-14,7.14,7.18,7.13,7.16,39400,0.0,0
1999-10-15,7.16,7.24,7.16,7.24,52900,0.0,0
1999-10-18,7.2,7.24,7.2,7.22,40800,0.0,0
1999-10-19,7.2,7.24,7.2,7.22,33000,0.0,0
1999-10-20,7.23,7.35,7.23,7.29,131600,0.575,0
1999-10-21,7.27,7.29,7.27,7.27,46600,0.0,0
1999-10-22,7.25,7.25,7.19,7.19,46000,0.0,0
1999-10-25,7.21,7.23,7.15,7.21,44800,0.0,0
1999-10-26,7.25,7.27,7.19,7.25,73200,0.0,0
1999-10-27,7.27,7.29,7.23,7.25,111700,0.0,0
1999-10-28,7.27,7.27,7.17,7.23,32400,0.0,0
1999-10-29,7.25,7.25,7.11,7.15,138600,0.0,0
1999-11-01,7.15,7.31,7.13,7.27,80400,0.0,0
1999-11-02,7.27,7.43,7.27,7.35,58900,0.0,0
1999-11-03,7.39,7.43,7.31,7.37,13500,0.0,0
1999-11-04,7.39,7.43,7.31,7.33,36500,0.0,0
1999-11-05,7.33,7.35,7.25,7.29,24500,0.0,0
1999-11-08,7.27,7.35,7.17,7.35,33400,0.0,0
1999-11-09,7.35,7.39,7.33,7.39,32900,0.0,0
1999-11-10,7.35,7.35,7.27,7.27,17200,0.0,0
1999-11-11,7.27,7.31,7.25,7.25,15000,0.0,0
1999-11-12,7.25,7.27,7.23,7.23,23500,0.0,0
1999-11-15,7.19,7.23,7.17,7.19,39100,0.0,0
1999-11-16,7.27,7.27,7.21,7.23,24000,0.0,0
1999-11-17,7.17,7.23,7.17,7.19,35500,0.0,0
1999-11-18,7.23,7.29,7.19,7.23,46900,0.0,0
1999-11-19,7.27,7.45,7.25,7.41,67500,0.0,0
1999-11-22,7.37,7.37,7.33,7.35,32300,0.0,0
1999-11-23,7.35,7.35,7.23,7.23,302400,0.0,0
1999-11-24,7.19,7.19,7.15,7.15,35200,0.0,0
1999-11-26,7.17,7.19,7.15,7.15,7100,0.0,0
1999-11-29,7.15,7.17,7.13,7.13,43900,0.0,0
1999-11-30,7.15,7.19,7.13,7.17,27700,0.0,0
1999-12-01,7.19,7.21,7.17,7.19,69300,0.0,0
1999-12-02,7.19,7.23,7.13,7.19,96600,0.0,0
1999-12-03,7.21,7.21,7.15,7.15,33700,0.0,0
1999-12-06,7.15,7.21,7.15,7.19,60800,0.0,0
1999-12-07,7.15,7.21,7.15,7.17,124100,0.0,0
1999-12-08,7.21,7.21,7.15,7.17,45900,0.0,0
1999-12-09,7.19,7.23,7.13,7.15,24800,0.0,0
1999-12-10,7.15,7.21,7.15,7.15,39800,0.0,0
1999-12-13,7.15,7.19,7.11,7.11,37700,0.0,0
1999-12-14,7.11,7.13,6.94,7.03,74200,0.0,0
1999-12-15,7.03,7.07,6.99,7.03,24800,0.0,0
1999-12-16,7.01,7.11,7.01,7.03,23500,0.0,0
1999-12-17,7.01,7.15,7.01,7.11,47600,0.0,0
1999-12-20,7.11,7.15,7.03,7.05,19700,0.0,0
1999-12-21,7.05,7.23,7.05,7.15,76400,0.0,0
1999-12-22,7.11,7.27,7.11,7.27,130300,0.0,0
1999-12-23,7.25,7.27,7.21,7.27,24000,0.0,0
1999-12-27,7.25,7.27,7.23,7.27,31200,0.0,0
1999-12-28,7.25,7.37,7.23,7.25,49900,0.0,0
1999-12-29,7.25,7.31,7.23,7.25,36800,0.0,0
1999-12-30,7.25,7.35,7.25,7.25,49300,0.0,0
1999-12-31,7.25,7.35,7.25,7.31,28100,0.0,0
2000-01-03,7.31,7.39,7.25,7.27,28800,0.0,0
2000-01-04,7.25,7.31,7.23,7.31,38800,0.0,0
2000-01-05,7.27,7.39,7.23,7.23,62900,0.0,0
2000-01-06,7.23,7.43,7.23,7.35,29000,0.0,0
2000-01-07,7.31,7.43,7.31,7.41,17700,0.0,0
2000-01-10,7.41,7.41,7.33,7.35,20400,0.0,0
2000-01-11,7.35,7.35,7.25,7.27,35000,0.0,0
2000-01-12,7.25,7.29,7.25,7.27,18400,0.0,0
2000-01-13,7.25,7.29,7.25,7.27,17500,0.0,0
2000-01-14,7.25,7.35,7.21,7.25,36600,0.0,0
2000-01-18,7.29,7.43,7.29,7.43,33900,0.0,0
2000-01-19,7.47,7.55,7.47,7.51,56800,0.0,0
2000-01-20,7.45,7.54,7.37,7.37,64300,0.58,0
2000-01-21,7.41,7.43,7.33,7.43,10600,0.0,0
2000-01-24,7.37,7.41,7.31,7.33,24100,0.0,0
2000-01-25,7.31,7.41,7.31,7.37,15100,0.0,0
2000-01-26,7.33,7.43,7.31,7.31,17200,0.0,0
2000-01-27,7.37,7.37,7.29,7.31,24000,0.0,0
2000-01-28,7.35,7.41,7.29,7.31,20400,0.0,0
2000-01-31,7.37,7.41,7.33,7.33,13800,0.0,0
2000-02-01,7.41,7.41,7.29,7.35,47700,0.0,0
2000-02-02,7.37,7.37,7.29,7.33,26400,0.0,0
2000-02-03,7.35,7.39,7.29,7.35,26400,0.0,0
2000-02-04,7.31,7.35,7.29,7.31,28600,0.0,0
2000-02-07,7.31,7.39,7.31,7.37,27100,0.0,0
2000-02-08,7.41,7.43,7.33,7.37,22400,0.0,0
2000-02-09,7.37,7.37,7.33,7.37,20500,0.0,0
2000-02-10,7.35,7.43,7.35,7.39,21300,0.0,0
2000-02-11,7.39,7.41,7.37,7.41,24900,0.0,0
2000-02-14,7.37,7.41,7.35,7.39,24500,0.0,0
2000-02-15,7.39,7.45,7.37,7.45,76600,0.0,0
2000-02-16,7.45,7.47,7.31,7.43,85300,0.0,0
2000-02-17,7.43,7.43,7.41,7.43,17000,0.0,0
2000-02-18,7.43,7.45,7.41,7.41,20100,0.0,0
2000-02-22,7.35,7.37,7.31,7.35,21200,0.0,0
2000-02-23,7.35,7.41,7.33,7.41,10800,0.0,0
2000-02-24,7.39,7.41,7.37,7.37,42500,0.0,0
2000-02-25,7.39,7.41,7.29,7.35,30900,0.0,0
2000-02-28,7.39,7.43,7.37,7.41,18200,0.0,0
2000-02-29,7.39,7.58,7.39,7.56,39400,0.0,0
2000-03-01,7.45,7.5,7.37,7.45,20400,0.0,0
2000-03-02,7.41,7.58,7.39,7.45,44100,0.0,0
2000-03-03,7.45,7.5,7.41,7.45,27600,0.0,0
2000-03-06,7.45,7.5,7.45,7.5,42500,0.0,0
2000-03-07,7.45,7.5,7.29,7.33,98400,0.0,0
2000-03-08,7.37,7.45,7.33,7.45,20800,0.0,0
2000-03-09,7.37,7.41,7.35,7.37,20600,0.0,0
2000-03-10,7.33,7.37,7.33,7.37,27400,0.0,0
2000-03-13,7.33,7.37,7.29,7.35,15200,0.0,0
2000-03-14,7.35,7.43,7.33,7.43,25200,0.0,0
2000-03-15,7.41,7.43,7.37,7.37,18500,0.0,0
2000-03-16,7.41,7.54,7.41,7.45,42600,0.0,0
2000-03-17,7.41,7.5,7.41,7.5,20200,0.0,0
2000-03-20,7.43,7.45,7.39,7.43,18200,0.0,0
2000-03-21,7.39,7.47,7.37,7.41,32800,0.0,0
2000-03-22,7.39,7.41,7.37,7.41,12000,0.0,0
2000-03-23,7.41,7.45,7.41,7.41,63000,0.0,0
2000-03-24,7.45,7.47,7.41,7.47,77100,0.0,0
2000-03-27,7.45,7.45,7.41,7.43,62100,0.0,0
2000-03-28,7.43,7.47,7.41,7.45,38000,0.0,0
2000-03-29,7.45,7.47,7.43,7.45,95400,0.0,0
2000-03-30,7.45,7.6,7.45,7.6,58600,0.0,0
2000-03-31,7.54,7.54,7.45,7.54,79100,0.0,0
2000-04-03,7.5,7.5,7.45,7.5,28500,0.0,0
2000-04-04,7.43,7.5,7.41,7.5,13500,0.0,0
2000-04-05,7.47,7.56,7.45,7.54,28600,0.0,0
2000-04-06,7.5,7.56,7.47,7.56,25400,0.0,0
2000-04-07,7.52,7.62,7.5,7.62,7100,0.0,0
2000-04-10,7.54,7.62,7.54,7.62,24800,0.0,0
2000-04-11,7.58,7.7,7.58,7.7,39200,0.0,0
2000-04-12,7.6,7.93,7.6,7.93,37300,0.0,0
2000-04-13,7.85,7.99,7.81,7.99,8400,0.0,0
2000-04-14,7.93,8.12,7.93,8.12,62500,0.0,0
2000-04-17,7.97,8.12,7.87,8.12,40100,0.0,0
2000-04-18,7.97,7.97,7.89,7.91,24400,0.58,0
2000-04-19,7.95,8.0,7.95,8.0,11200,0.0,0
2000-04-20,8.0,8.06,7.95,8.06,16700,0.0,0
2000-04-24,8.02,8.02,7.93,7.97,23600,0.0,0
2000-04-25,8.0,8.0,7.89,7.95,18400,0.0,0
2000-04-26,7.95,8.0,7.89,7.97,28100,0.0,0
2000-04-27,8.02,8.04,7.93,8.04,13300,0.0,0
2000-04-28,8.08,8.1,8.06,8.1,67700,0.0,0
2000-05-01,8.14,8.14,8.02,8.14,127200,0.0,0
2000-05-02,8.14,8.16,8.1,8.14,9100,0.0,0
2000-05-03,8.14,8.14,8.0,8.0,21400,0.0,0
2000-05-04,8.0,8.02,7.97,7.97,5800,0.0,0
2000-05-05,7.95,8.08,7.95,8.06,11700,0.0,0
2000-05-08,8.04,8.1,8.0,8.0,10100,0.0,0
2000-05-09,7.97,7.97,7.89,7.89,53200,0.0,0
2000-05-10,7.87,7.97,7.85,7.89,26800,0.0,0
2000-05-11,7.91,7.93,7.85,7.91,83200,0.0,0
2000-05-12,7.87,7.97,7.83,7.95,14700,0.0,0
2000-05-15,8.0,8.12,8.0,8.12,10100,0.0,0
2000-05-16,8.12,8.23,8.06,8.19,49300,0.0,0
2000-05-17,8.19,8.29,8.19,8.21,43300,0.0,0
2000-05-18,8.19,8.23,8.1,8.14,17200,0.0,0
2000-05-19,8.12,8.21,8.12,8.16,20700,0.0,0
2000-05-22,8.14,8.19,8.1,8.19,29400,0.0,0
2000-05-23,8.19,8.19,8.12,8.12,25000,0.0,0
2000-05-24,8.08,8.1,7.93,7.95,10900,0.0,0
2000-05-25,7.89,7.93,7.89,7.89,44900,0.0,0
2000-05-26,7.87,7.93,7.87,7.89,35900,0.0,0
2000-05-30,7.87,7.97,7.87,7.97,49600,0.0,0
2000-05-31,7.97,7.97,7.93,7.95,39100,0.0,0
2000-06-01,7.97,8.02,7.95,7.97,19700,0.0,0
2000-06-02,8.02,8.02,7.95,8.0,15500,0.0,0
2000-06-05,7.97,8.04,7.97,8.02,13900,0.0,0
2000-06-06,8.02,8.04,7.97,8.0,9200,0.0,0
2000-06-07,8.02,8.04,8.0,8.02,7000,0.0,0
2000-06-08,8.02,8.04,8.02,8.04,10900,0.0,0
2000-06-09,8.06,8.23,8.02,8.14,19500,0.0,0
2000-06-12,8.19,8.19,8.0,8.0,19700,0.0,0
2000-06-13,7.93,7.95,7.8,7.85,79400,0.0,0
2000-06-14,7.8,8.04,7.8,7.97,34500,0.0,0
2000-06-15,7.97,8.02,7.85,8.02,19100,0.0,0
2000-06-16,8.04,8.04,7.89,7.91,33000,0.0,0
2000-06-19,7.91,8.0,7.91,8.0,27100,0.0,0
2000-06-20,8.0,8.02,7.95,7.97,16500,0.0,0
2000-06-21,8.04,8.1,8.02,8.06,15400,0.0,0
2000-06-22,8.06,8.06,7.97,8.0,38000,0.0,0
2000-06-23,7.97,8.02,7.97,7.97,47300,0.0,0
2000-06-26,7.97,8.14,7.97,8.14,47700,0.0,0
2000-06-27,8.12,8.23,8.12,8.19,38300,0.0,0
2000-06-28,8.19,8.21,8.14,8.19,17800,0.0,0
2000-06-29,8.14,8.23,8.14,8.19,11700,0.0,0
2000-06-30,8.16,8.19,8.12,8.15,34700,0.0,0
2000-07-03,8.14,8.25,8.14,8.25,8700,0.0,0
2000-07-05,8.25,8.25,8.16,8.16,16200,0.0,0
2000-07-06,8.19,8.23,8.16,8.19,34600,0.0,0
2000-07-07,8.23,8.23,8.16,8.19,15400,0.0,0
2000-07-10,8.21,8.23,8.16,8.19,26100,0.0,0
2000-07-11,8.21,8.23,8.16,8.21,17300,0.0,0
2000-07-12,8.23,8.25,8.19,8.23,21300,0.0,0
2000-07-13,8.25,8.25,8.21,8.21,16400,0.0,0
2000-07-14,8.19,8.25,8.19,8.25,9800,0.0,0
2000-07-17,8.21,8.25,8.21,8.21,19500,0.0,0
2000-07-18,8.19,8.27,8.08,8.12,79000,0.0,0
2000-07-19,8.14,8.19,8.06,8.19,130600,0.0,0
2000-07-20,8.11,8.24,8.11,8.21,11800,0.58,0
2000-07-21,8.24,8.24,8.17,8.17,5600,0.0,0
2000-07-24,8.13,8.18,8.08,8.13,30400,0.0,0
2000-07-25,8.11,8.17,8.0,8.17,18400,0.0,0
2000-07-26,8.19,8.21,8.13,8.21,10000,0.0,0
2000-07-27,8.21,8.21,8.15,8.17,12200,0.0,0
2000-07-28,8.21,8.21,8.17,8.17,9900,0.0,0
2000-07-31,8.24,8.24,8.17,8.24,26200,0.0,0
2000-08-01,8.26,8.34,8.26,8.3,41300,0.0,0
2000-08-02,8.32,8.39,8.3,8.37,14200,0.0,0
2000-08-03,8.39,8.41,8.3,8.34,15200,0.0,0
2000-08-04,8.3,8.37,8.3,8.32,11800,0.0,0
2000-08-07,8.3,8.32,8.26,8.3,9100,0.0,0
2000-08-08,8.32,8.41,8.3,8.41,13900,0.0,0
2000-08-09,8.41,8.41,8.34,8.39,15200,0.0,0
2000-08-10,8.34,8.34,8.26,8.26,11800,0.0,0
2000-08-11,8.26,8.39,8.21,8.37,9700,0.0,0
2000-08-14,8.39,8.45,8.39,8.43,21700,0.0,0
2000-08-15,8.43,8.52,8.43,8.45,31800,0.0,0
2000-08-16,8.45,8.54,8.45,8.52,7400,0.0,0
2000-08-17,8.47,8.47,8.43,8.47,18800,0.0,0
2000-08-18,8.5,8.54,8.47,8.47,13600,0.0,0
2000-08-21,8.45,8.54,8.45,8.47,17900,0.0,0
2000-08-22,8.47,8.65,8.47,8.56,16400,0.0,0
2000-08-23,8.52,8.54,8.47,8.47,12000,0.0,0
2000-08-24,8.47,8.52,8.45,8.47,8100,0.0,0
2000-08-25,8.5,8.5,8.45,8.47,23100,0.0,0
2000-08-28,8.45,8.47,8.34,8.34,39600,0.0,0
2000-08-29,8.39,8.39,8.32,8.32,5300,0.0,0
2000-08-30,8.34,8.39,8.3,8.34,7700,0.0,0
2000-08-31,8.32,8.41,8.3,8.41,7300,0.0,0
2000-09-01,8.41,8.47,8.41,8.41,6600,0.0,0
2000-09-05,8.43,8.43,8.32,8.34,13900,0.0,0
2000-09-06,8.39,8.39,8.26,8.26,9200,0.0,0
2000-09-07,8.26,8.34,8.21,8.24,17100,0.0,0
2000-09-08,8.21,8.28,8.19,8.21,7000,0.0,0
2000-09-11,8.24,8.34,8.19,8.26,16600,0.0,0
2000-09-12,8.26,8.34,8.26,8.34,13200,0.0,0
2000-09-13,8.3,8.39,8.3,8.37,43400,0.0,0
2000-09-14,8.34,8.39,8.34,8.34,19200,0.0,0
2000-09-15,8.32,8.37,8.32,8.34,25700,0.0,0
2000-09-18,8.39,8.41,8.26,8.26,32900,0.0,0
2000-09-19,8.26,8.34,8.26,8.3,13800,0.0,0
2000-09-20,8.28,8.32,8.26,8.3,20800,0.0,0
2000-09-21,8.3,8.34,8.26,8.26,11100,0.0,0
2000-09-22,8.26,8.34,8.26,8.3,11400,0.0,0
2000-09-25,8.3,8.3,8.26,8.26,13900,0.0,0
2000-09-26,8.28,8.28,8.26,8.26,4100,0.0,0
2000-09-27,8.28,8.34,8.28,8.32,38900,0.0,0
2000-09-28,8.34,8.47,8.32,8.45,18200,0.0,0
2000-09-29,8.43,8.43,8.32,8.32,16700,0.0,0
2000-10-02,8.3,8.3,8.26,8.26,47700,0.0,0
2000-10-03,8.26,8.26,8.21,8.21,61000,0.0,0
2000-10-04,8.21,8.24,8.17,8.19,22100,0.0,0
2000-10-05,8.15,8.19,8.13,8.15,10300,0.0,0
2000-10-06,8.15,8.15,8.04,8.08,12900,0.0,0
2000-10-09,8.13,8.15,8.08,8.08,12200,0.0,0
2000-10-10,8.08,8.19,8.06,8.13,16700,0.0,0
2000-10-11,8.08,8.21,8.02,8.02,30200,0.0,0
2000-10-12,8.02,8.06,7.91,7.91,20300,0.0,0
2000-10-13,7.91,8.04,7.91,7.91,44000,0.0,0
2000-10-16,7.95,7.97,7.91,7.95,13700,0.0,0
2000-10-17,8.0,8.0,7.91,7.91,84800,0.0,0
2000-10-18,7.89,7.91,7.8,7.8,40000,0.0,0
2000-10-19,7.82,7.84,7.74,7.78,31900,0.0,0
2000-10-20,7.85,7.96,7.85,7.87,54600,0.58,0
2000-10-23,7.85,7.9,7.83,7.85,42200,0.0,0
2000-10-24,7.81,7.87,7.81,7.85,21800,0.0,0
2000-10-25,7.85,7.9,7.76,7.76,114900,0.0,0
2000-10-26,7.79,7.9,7.79,7.83,12300,0.0,0
2000-10-27,7.9,7.9,7.83,7.87,8200,0.0,0
2000-10-30,7.92,7.94,7.83,7.87,11900,0.0,0
2000-10-31,7.87,7.87,7.79,7.85,37500,0.0,0
2000-11-01,7.85,7.94,7.81,7.81,35000,0.0,0
2000-11-02,7.81,7.83,7.76,7.81,16400,0.0,0
2000-11-03,7.83,7.94,7.76,7.85,23700,0.0,0
2000-11-06,7.85,7.85,7.72,7.72,13300,0.0,0
2000-11-07,7.72,7.83,7.72,7.79,8200,0.0,0
2000-11-08,7.76,7.83,7.74,7.74,16000,0.0,0
2000-11-09,7.72,7.76,7.72,7.72,10400,0.0,0
2000-11-10,7.76,7.76,7.72,7.72,11700,0.0,0
2000-11-13,7.72,7.83,7.72,7.83,13500,0.0,0
2000-11-14,7.76,7.76,7.72,7.74,10300,0.0,0
2000-11-15,7.72,7.83,7.72,7.81,21400,0.0,0
2000-11-16,7.81,7.96,7.76,7.85,29600,0.0,0
2000-11-17,7.9,7.9,7.74,7.76,10500,0.0,0
2000-11-20,7.76,7.79,7.72,7.74,5600,0.0,0
2000-11-21,7.76,7.81,7.72,7.76,18700,0.0,0
2000-11-22,7.72,7.79,7.72,7.76,12900,0.0,0
2000-11-24,7.74,7.79,7.74,7.79,6000,0.0,0
2000-11-27,7.72,7.79,7.72,7.72,17700,0.0,0
2000-11-28,7.76,7.76,7.63,7.63,23100,0.0,0
2000-11-29,7.63,7.67,7.61,7.61,10800,0.0,0
2000-11-30,7.63,7.7,7.58,7.58,37000,0.0,0
2000-12-01,7.63,7.7,7.61,7.67,8900,0.0,0
2000-12-04,7.67,7.74,7.63,7.65,14700,0.0,0
2000-12-05,7.63,7.65,7.58,7.61,29500,0.0,0
2000-12-06,7.63,7.76,7.63,7.63,34700,0.0,0
2000-12-07,7.63,7.7,7.63,7.65,21000,0.0,0
2000-12-08,7.65,7.79,7.65,7.79,24000,0.0,0
2000-12-11,7.81,7.85,7.79,7.85,28600,0.0,0
2000-12-12,7.83,7.9,7.81,7.81,25700,0.0,0
2000-12-13,7.81,7.83,7.7,7.72,13300,0.0,0
2000-12-14,7.79,7.81,7.67,7.67,18500,0.0,0
2000-12-15,7.67,7.7,7.63,7.7,33600,0.0,0
2000-12-18,7.65,7.81,7.65,7.81,14800,0.0,0
2000-12-19,7.72,7.94,7.72,7.85,50200,0.0,0
2000-12-20,7.9,7.96,7.85,7.96,23500,0.0,0
2000-12-21,8.03,8.1,8.01,8.01,83900,0.0,0
2000-12-22,8.05,8.08,8.03,8.05,19600,0.0,0
2000-12-26,8.05,8.1,8.01,8.08,7600,0.0,0
2000-12-27,8.08,8.1,8.03,8.1,34900,0.0,0
2000-12-28,8.05,8.1,8.05,8.08,35700,0.0,0
2000-12-29,8.08,8.08,8.03,8.05,80100,0.0,0
2001-01-02,8.08,8.12,8.03,8.05,126200,0.0,0
2001-01-03,8.05,8.16,8.05,8.16,36200,0.0,0
2001-01-04,8.12,8.21,8.08,8.21,31700,0.0,0
2001-01-05,8.23,8.23,8.08,8.12,25600,0.0,0
2001-01-08,8.16,8.19,8.05,8.08,33000,0.0,0
2001-01-09,8.08,8.12,8.03,8.08,39200,0.0,0
2001-01-10,8.05,8.21,8.05,8.14,36700,0.0,0
2001-01-11,8.21,8.28,8.19,8.21,37700,0.0,0
2001-01-12,8.25,8.28,8.19,8.19,21300,0.0,0
2001-01-16,8.21,8.48,8.21,8.25,38800,0.0,0
2001-01-17,8.32,8.52,8.19,8.19,94300,0.0,0
2001-01-18,8.21,8.3,8.19,8.25,38600,0.0,0
2001-01-19,8.3,8.37,8.25,8.32,58000,0.0,0
2001-01-22,8.31,8.47,8.28,8.42,34700,0.585,0
2001-01-23,8.4,8.49,8.4,8.44,42500,0.0,0
2001-01-24,8.49,8.51,8.37,8.4,43200,0.0,0
2001-01-25,8.37,8.42,8.35,8.4,59000,0.0,0
2001-01-26,8.42,8.42,8.33,8.4,75400,0.0,0
2001-01-29,8.42,8.42,8.34,8.34,34700,0.0,0
2001-01-30,8.37,8.51,8.37,8.37,51400,0.0,0
2001-01-31,8.42,8.42,8.35,8.35,47700,0.0,0
2001-02-01,8.4,8.42,8.31,8.38,39200,0.0,0
2001-02-02,8.38,8.38,8.31,8.31,35100,0.0,0
2001-02-05,8.33,8.34,8.29,8.31,22300,0.0,0
2001-02-06,8.29,8.38,8.29,8.31,53300,0.0,0
2001-02-07,8.28,8.38,8.28,8.35,45500,0.0,0
2001-02-08,8.35,8.37,8.29,8.31,36000,0.0,0
2001-02-09,8.31,8.33,8.26,8.26,13100,0.0,0
2001-02-12,8.26,8.33,8.26,8.33,34700,0.0,0
2001-02-13,8.34,8.34,8.25,8.26,27200,0.0,0
2001-02-14,8.26,8.3,8.24,8.26,51800,0.0,0
2001-02-15,8.27,8.27,8.26,8.26,27200,0.0,0
2001-02-16,8.27,8.29,8.26,8.26,7100,0.0,0
2001-02-20,8.24,8.26,8.09,8.11,39500,0.0,0
2001-02-21,8.1,8.15,8.05,8.05,33300,0.0,0
2001-02-22,8.05,8.1,7.98,8.0,66900,0.0,0
2001-02-23,8.02,8.09,7.96,8.07,55000,0.0,0
2001-02-26,8.11,8.13,8.02,8.08,39600,0.0,0
2001-02-27,8.07,8.08,8.02,8.04,37400,0.0,0
2001-02-28,8.04,8.04,7.98,7.98,39600,0.0,0
2001-03-01,7.98,8.07,7.98,8.05,23400,0.0,0
2001-03-02,8.02,8.31,8.02,8.16,40400,0.0,0
2001-03-05,8.2,8.27,8.16,8.23,50500,0.0,0
2001-03-06,8.26,8.3,8.26,8.29,17400,0.0,0
2001-03-07,8.31,8.31,8.29,8.31,11600,0.0,0
2001-03-08,8.31,8.31,8.26,8.27,12600,0.0,0
2001-03-09,8.27,8.33,8.26,8.3,31100,0.0,0
2001-03-12,8.27,8.38,8.22,8.22,44800,0.0,0
2001-03-13,8.24,8.27,8.2,8.22,49000,0.0,0
2001-03-14,8.24,8.27,8.19,8.2,23000,0.0,0
2001-03-15,8.2,8.24,8.18,8.18,18500,0.0,0
2001-03-16,8.2,8.2,8.0,8.04,53100,0.0,0
2001-03-19,8.04,8.07,8.02,8.07,37700,0.0,0
2001-03-20,8.09,8.17,8.01,8.01,46700,0.0,0
2001-03-21,8.02,8.13,8.02,8.09,21100,0.0,0
2001-03-22,8.09,8.23,8.02,8.22,49200,0.0,0
2001-03-23,8.2,8.3,8.2,8.26,67500,0.0,0
2001-03-26,8.26,8.26,8.2,8.24,49200,0.0,0
2001-03-27,8.22,8.29,8.2,8.27,21700,0.0,0
2001-03-28,8.26,8.28,8.17,8.17,25900,0.0,0
2001-03-29,8.2,8.22,8.16,8.16,14700,0.0,0
2001-03-30,8.18,8.24,8.18,8.23,42300,0.0,0
2001-04-02,8.23,8.27,8.21,8.26,19500,0.0,0
2001-04-03,8.27,8.29,8.21,8.27,11600,0.0,0
2001-04-04,8.31,8.31,8.26,8.26,24500,0.0,0
2001-04-05,8.27,8.31,8.26,8.31,24200,0.0,0
2001-04-06,8.27,8.29,8.26,8.26,14600,0.0,0
2001-04-09,8.26,8.29,8.22,8.23,18900,0.0,0
2001-04-10,8.26,8.31,8.24,8.24,72300,0.0,0
2001-04-11,8.26,8.29,8.24,8.27,32000,0.0,0
2001-04-12,8.26,8.29,8.25,8.27,16700,0.0,0
2001-04-16,8.27,8.31,8.24,8.24,57900,0.0,0
2001-04-17,8.24,8.27,8.21,8.27,42800,0.0,0
2001-04-18,8.29,8.49,8.29,8.46,60400,0.0,0
2001-04-19,8.46,8.53,8.44,8.46,28300,0.585,0
2001-04-20,8.46,8.55,8.46,8.53,49200,0.0,0
2001-04-23,8.56,8.56,8.49,8.51,29200,0.0,0
2001-04-24,8.53,8.53,8.48,8.53,35400,0.0,0
2001-04-25,8.55,8.64,8.53,8.58,39200,0.0,0
2001-04-26,8.62,8.68,8.6,8.62,34600,0.0,0
2001-04-27,8.63,8.64,8.56,8.57,28900,0.0,0
2001-04-30,8.59,8.7,8.57,8.6,25600,0.0,0
2001-05-01,8.66,8.68,8.6,8.64,31400,0.0,0
2001-05-02,8.64,8.68,8.55,8.6,23600,0.0,0
2001-05-03,8.66,8.68,8.58,8.64,29300,0.0,0
2001-05-04,8.64,8.68,8.64,8.68,17500,0.0,0
2001-05-07,8.55,8.71,8.55,8.62,45000,0.0,0
2001-05-08,8.62,8.69,8.58,8.58,43800,0.0,0
2001-05-09,8.62,8.68,8.58,8.58,31700,0.0,0
2001-05-10,8.58,8.6,8.56,8.56,36400,0.0,0
2001-05-11,8.57,8.62,8.49,8.62,39000,0.0,0
2001-05-14,8.58,8.66,8.57,8.64,36200,0.0,0
2001-05-15,8.64,8.72,8.62,8.72,63900,0.0,0
2001-05-16,8.7,8.78,8.7,8.75,79300,0.0,0
2001-05-17,8.71,8.92,8.71,8.86,34100,0.0,0
2001-05-18,8.89,9.01,8.85,8.99,20300,0.0,0
2001-05-21,9.03,9.14,9.0,9.1,23500,0.0,0
2001-05-22,9.11,9.24,9.1,9.23,24900,0.0,0
2001-05-23,9.23,9.24,9.13,9.15,29200,0.0,0
2001-05-24,9.18,9.24,9.16,9.2,12700,0.0,0
2001-05-25,9.21,9.3,9.21,9.24,14100,0.0,0
2001-05-29,9.28,9.39,9.18,9.18,32600,0.0,0
2001-05-30,9.18,9.24,9.14,9.15,15300,0.0,0
2001-05-31,9.17,9.19,9.05,9.05,18700,0.0,0
2001-06-01,9.03,9.18,9.02,9.17,15000,0.0,0
2001-06-04,9.13,9.19,9.05,9.17,15800,0.0,0
2001-06-05,9.19,9.22,9.17,9.22,34500,0.0,0
2001-06-06,9.22,9.32,9.2,9.2,17200,0.0,0
2001-06-07,9.22,9.28,9.08,9.2,65000,0.0,0
2001-06-08,9.23,9.28,9.18,9.26,29000,0.0,0
2001-06-11,9.22,9.29,9.21,9.26,20100,0.0,0
2001-06-12,9.26,9.39,9.22,9.39,15100,0.0,0
2001-06-13,9.36,9.39,9.35,9.37,12800,0.0,0
2001-06-14,9.37,9.37,9.24,9.28,23700,0.0,0
2001-06-15,9.28,9.48,9.28,9.43,25200,0.0,0
2001-06-18,9.45,9.47,9.43,9.43,15400,0.0,0
2001-06-19,9.47,9.48,9.39,9.43,24800,0.0,0
2001-06-20,9.47,9.48,9.4,9.45,21000,0.0,0
2001-06-21,9.43,9.48,9.41,9.48,19700,0.0,0
2001-06-22,9.47,9.56,9.4,9.47,21900,0.0,0
2001-06-25,9.45,9.48,9.39,9.41,40800,0.0,0
2001-06-26,9.43,9.53,9.41,9.49,38100,0.0,0
2001-06-27,9.54,9.56,9.5,9.55,23300,0.0,0
2001-06-28,9.55,9.59,9.5,9.59,33900,0.0,0
2001-06-29,9.58,9.67,9.55,9.61,47300,0.0,0
2001-07-02,9.62,9.65,9.6,9.65,19500,0.0,0
2001-07-03,9.65,9.67,9.63,9.67,10400,0.0,0
2001-07-05,9.69,9.76,9.63,9.65,19900,0.0,0
2001-07-06,9.69,9.69,9.58,9.62,19300,0.0,0
2001-07-09,9.65,9.77,9.6,9.67,35600,0.0,0
2001-07-10,9.67,9.77,9.65,9.65,17800,0.0,0
2001-07-11,9.63,9.75,9.59,9.67,22100,0.0,0
2001-07-12,9.63,9.75,9.6,9.75,19800,0.0,0
2001-07-13,9.75,9.77,9.72,9.74,18900,0.0,0
2001-07-16,9.75,9.77,9.65,9.65,21100,0.0,0
2001-07-17,9.92,9.92,9.78,9.86,55300,0.0,0
2001-07-18,9.84,9.86,9.77,9.77,14600,0.0,0
2001-07-19,9.79,9.91,9.79,9.91,20600,0.0,0
2001-07-20,9.89,9.92,9.83,9.9,16000,0.585,0
2001-07-23,9.9,9.93,9.83,9.87,22600,0.0,0
2001-07-24,9.89,9.96,9.83,9.83,50700,0.0,0
2001-07-25,9.87,9.99,9.87,9.91,95000,0.0,0
2001-07-26,9.95,10.06,9.95,10.04,41600,0.0,0
2001-07-27,10.03,10.05,9.93,9.95,23000,0.0,0
2001-07-30,9.97,9.99,9.93,9.97,6000,0.0,0
2001-07-31,9.99,10.08,9.89,9.89,17400,0.0,0
2001-08-01,9.91,9.97,9.87,9.97,13800,0.0,0
2001-08-02,9.95,9.99,9.91,9.95,9300,0.0,0
2001-08-03,9.89,9.99,9.8,9.95,25100,0.0,0
2001-08-06,9.95,9.97,9.85,9.94,16800,0.0,0
2001-08-07,9.92,9.94,9.86,9.86,17800,0.0,0
2001-08-08,9.83,9.85,9.72,9.8,21600,0.0,0
2001-08-09,9.8,9.83,9.76,9.8,16800,0.0,0
2001-08-10,9.78,9.87,9.76,9.87,41300,0.0,0
2001-08-13,9.87,9.94,9.87,9.91,32100,0.0,0
2001-08-14,9.94,10.09,9.94,10.03,26000,0.0,0
2001-08-15,10.06,10.06,9.98,9.99,45200,0.0,0
2001-08-16,9.99,10.01,9.95,10.0,53300,0.0,0
2001-08-17,9.99,10.03,9.95,10.02,68800,0.0,0
2001-08-20,10.01,10.08,10.0,10.08,21500,0.0,0
2001-08-21,10.08,10.08,10.0,10.03,20200,0.0,0
2001-08-22,10.05,10.08,9.99,10.05,26500,0.0,0
2001-08-23,10.05,10.06,10.0,10.03,16600,0.0,0
2001-08-24,10.03,10.04,9.99,10.01,14300,0.0,0
2001-08-27,10.03,10.05,9.99,10.01,14100,0.0,0
2001-08-28,10.05,10.05,10.0,10.01,9100,0.0,0
2001-08-29,10.01,10.02,9.81,9.81,19800,0.0,0
2001-08-30,9.81,9.89,9.72,9.81,22600,0.0,0
2001-08-31,9.83,10.01,9.83,9.91,33000,0.0,0
2001-09-04,9.85,9.99,9.85,9.98,15000,0.0,0
2001-09-05,9.95,10.0,9.91,9.95,10700,0.0,0
2001-09-06,9.95,9.95,9.87,9.9,15400,0.0,0
2001-09-07,9.9,9.9,9.76,9.81,33400,0.0,0
2001-09-10,9.89,9.91,9.81,9.84,16400,0.0,0
2001-09-17,9.84,9.85,9.72,9.72,44700,0.0,0
2001-09-18,9.74,9.87,9.71,9.85,18600,0.0,0
2001-09-19,9.83,9.87,9.8,9.87,36000,0.0,0
2001-09-20,9.83,9.86,9.62,9.62,20000,0.0,0
2001-09-21,9.55,9.55,9.38,9.41,53000,0.0,0
2001-09-24,9.41,9.67,9.37,9.58,46600,0.0,0
2001-09-25,9.55,9.72,9.52,9.62,28300,0.0,0
2001-09-26,9.7,9.72,9.64,9.72,49100,0.0,0
2001-09-27,9.68,9.78,9.68,9.74,37300,0.0,0
2001-09-28,9.74,9.99,9.74,9.99,40500,0.0,0
2001-10-01,9.99,10.01,9.87,9.91,19000,0.0,0
2001-10-02,9.97,10.04,9.91,10.0,33200,0.0,0
2001-10-03,9.99,9.99,9.91,9.99,19000,0.0,0
2001-10-04,9.95,10.02,9.95,10.01,12400,0.0,0
2001-10-05,10.01,10.01,9.8,9.93,25100,0.0,0
2001-10-08,9.95,10.02,9.95,10.0,14100,0.0,0
2001-10-09,9.95,10.01,9.95,9.99,17900,0.0,0
2001-10-10,10.01,10.03,9.99,10.03,22300,0.0,0
2001-10-11,10.03,10.11,10.02,10.03,18900,0.0,0
2001-10-12,10.06,10.1,10.05,10.07,14200,0.0,0
2001-10-15,10.07,10.08,10.04,10.06,23300,0.0,0
2001-10-16,10.08,10.1,9.89,9.97,72400,0.0,0
2001-10-17,9.95,9.99,9.83,9.91,21400,0.0,0
2001-10-18,9.91,9.93,9.87,9.89,26100,0.0,0
2001-10-19,9.93,10.01,9.93,9.93,61700,0.0,0
2001-10-22,9.92,9.97,9.86,9.87,26900,0.585,0
2001-10-23,9.9,9.9,9.77,9.77,27100,0.0,0
2001-10-24,9.77,9.79,9.72,9.73,16500,0.0,0
2001-10-25,9.59,9.73,9.59,9.72,26900,0.0,0
2001-10-26,9.76,9.9,9.76,9.88,14300,0.0,0
2001-10-29,9.87,9.87,9.79,9.79,13400,0.0,0
2001-10-30,9.81,9.81,9.59,9.59,29600,0.0,0
2001-10-31,9.65,9.66,9.61,9.66,32700,0.0,0
2001-11-01,9.66,9.88,9.65,9.87,20800,0.0,0
2001-11-02,9.87,9.87,9.73,9.75,21200,0.0,0
2001-11-05,9.79,9.84,9.75,9.79,27300,0.0,0
2001-11-06,9.75,9.94,9.75,9.9,24100,0.0,0
2001-11-07,9.92,9.98,9.85,9.85,27200,0.0,0
2001-11-08,9.88,9.97,9.87,9.94,19400,0.0,0
2001-11-09,9.94,10.02,9.92,10.02,85800,0.0,0
2001-11-12,10.0,10.0,9.94,10.0,32800,0.0,0
2001-11-13,10.03,10.04,9.96,9.99,16100,0.0,0
2001-11-14,10.0,10.16,10.0,10.14,28500,0.0,0
2001-11-15,10.1,10.18,10.09,10.18,13800,0.0,0
2001-11-16,10.18,10.18,10.14,10.15,10300,0.0,0
2001-11-19,10.15,10.18,10.13,10.14,10300,0.0,0
2001-11-20,10.17,10.18,10.12,10.14,14600,0.0,0
2001-11-21,10.06,10.18,10.06,10.15,13300,0.0,0
2001-11-23,10.15,10.18,10.12,10.18,6800,0.0,0
2001-11-26,10.17,10.17,10.06,10.13,14100,0.0,0
2001-11-27,10.08,10.15,10.02,10.09,28900,0.0,0
2001-11-28,10.05,10.1,10.0,10.07,20600,0.0,0
2001-11-29,10.06,10.21,10.06,10.18,21000,0.0,0
2001-11-30,10.2,10.2,10.12,10.14,39200,0.0,0
2001-12-03,10.1,10.17,10.04,10.06,16300,0.0,0
2001-12-04,10.04,10.18,10.04,10.18,8300,0.0,0
2001-12-05,10.2,10.22,10.15,10.2,19100,0.0,0
2001-12-06,10.2,10.21,10.16,10.21,19400,0.0,0
2001-12-07,10.21,10.29,10.2,10.26,40200,0.0,0
2001-12-10,10.25,10.3,10.22,10.22,9600,0.0,0
2001-12-11,10.18,10.22,10.14,10.16,13000,0.0,0
2001-12-12,10.16,10.16,9.97,10.1,22900,0.0,0
2001-12-13,10.15,10.15,9.92,9.92,30800,0.0,0
2001-12-14,9.9,10.08,9.9,10.08,16400,0.0,0
2001-12-17,10.08,10.28,10.06,10.28,28700,0.0,0
2001-12-18,10.28,10.35,10.27,10.33,29800,0.0,0
2001-12-19,10.33,10.33,10.22,10.23,22700,0.0,0
2001-12-20,10.22,10.23,10.18,10.18,11700,0.0,0
2001-12-21,10.2,10.32,10.18,10.32,58000,0.0,0
2001-12-24,10.32,10.32,10.26,10.29,5200,0.0,0
2001-12-26,10.3,10.45,10.3,10.43,22700,0.0,0
2001-12-27,10.45,10.52,10.45,10.49,40000,0.0,0
2001-12-28,10.49,10.5,10.42,10.43,36200,0.0,0
2001-12-31,10.43,10.43,10.34,10.34,32400,0.0,0
2002-01-02,10.36,10.36,10.1,10.32,25300,0.0,0
2002-01-03,10.34,10.48,10.34,10.4,26200,0.0,0
2002-01-04,10.42,10.43,10.34,10.37,17100,0.0,0
2002-01-07,10.39,10.39,10.22,10.28,20800,0.0,0
2002-01-08,10.26,10.39,10.22,10.39,21700,0.0,0
2002-01-09,10.4,10.42,10.32,10.34,13500,0.0,0
2002-01-10,10.36,10.38,10.32,10.32,21200,0.0,0
2002-01-11,10.36,10.37,10.29,10.3,15200,0.0,0
2002-01-14,10.32,10.51,10.32,10.5,53100,0.0,0
2002-01-15,10.51,10.51,10.47,10.49,20400,0.0,0
2002-01-16,10.47,10.49,10.42,10.44,19300,0.0,0
2002-01-17,10.43,10.49,10.42,10.49,48500,0.0,0
2002-01-18,10.49,10.5,10.42,10.43,70600,0.0,0
2002-01-22,10.47,10.53,10.43,10.47,24900,0.585,0
2002-01-23,10.47,10.49,10.43,10.48,33500,0.0,0
2002-01-24,10.48,10.48,10.37,10.37,30400,0.0,0
2002-01-25,10.33,10.37,10.33,10.34,22000,0.0,0
2002-01-28,10.35,10.39,10.31,10.31,50200,0.0,0
2002-01-29,10.33,10.33,10.26,10.27,21600,0.0,0
2002-01-30,10.29,10.32,10.27,10.31,53600,0.0,0
2002-01-31,10.35,10.36,10.25,10.33,23000,0.0,0
2002-02-01,10.33,10.33,10.29,10.3,22000,0.0,0
2002-02-04,10.31,10.31,10.21,10.25,38700,0.0,0
2002-02-05,10.25,10.29,10.23,10.25,36900,0.0,0
2002-02-06,10.27,10.27,10.13,10.17,25100,0.0,0
2002-02-07,10.17,10.25,10.17,10.17,13800,0.0,0
2002-02-08,10.19,10.23,10.18,10.21,21200,0.0,0
2002-02-11,10.18,10.29,10.18,10.28,11200,0.0,0
2002-02-12,10.28,10.29,10.25,10.29,19000,0.0,0
2002-02-13,10.31,10.32,10.28,10.28,13800,0.0,0
2002-02-14,10.28,10.3,10.12,10.13,51600,0.0,0
2002-02-15,10.14,10.31,10.14,10.28,53100,0.0,0
2002-02-19,10.35,10.35,10.23,10.26,28500,0.0,0
2002-02-20,10.29,10.35,10.27,10.35,39200,0.0,0
2002-02-21,10.35,10.35,10.27,10.29,31500,0.0,0
2002-02-22,10.28,10.35,10.27,10.35,37600,0.0,0
2002-02-25,10.35,10.37,10.33,10.35,42700,0.0,0
2002-02-26,10.39,10.39,10.29,10.35,21200,0.0,0
2002-02-27,10.37,10.39,10.33,10.35,14900,0.0,0
2002-02-28,10.33,10.34,10.27,10.31,16800,0.0,0
2002-03-01,10.31,10.31,10.17,10.21,145700,0.0,0
2002-03-04,10.23,10.23,10.1,10.15,141600,0.0,0
2002-03-05,10.17,10.21,10.15,10.21,102400,0.0,0
2002-03-06,10.24,10.3,10.22,10.28,41000,0.0,0
2002-03-07,10.3,10.31,10.25,10.27,29400,0.0,0
2002-03-08,10.25,10.28,10.23,10.27,45500,0.0,0
2002-03-11,10.25,10.29,10.19,10.23,46000,0.0,0
2002-03-12,10.21,10.26,10.16,10.25,13700,0.0,0
2002-03-13,10.35,10.35,10.21,10.26,11300,0.0,0
2002-03-14,10.26,10.39,10.26,10.38,26300,0.0,0
2002-03-15,10.33,10.39,10.28,10.38,24700,0.0,0
2002-03-18,10.36,10.44,10.31,10.31,24400,0.0,0
2002-03-19,10.31,10.36,10.31,10.36,17000,0.0,0
2002-03-20,10.37,10.38,10.23,10.24,115100,0.0,0
2002-03-21,10.24,10.47,10.24,10.43,56500,0.0,0
2002-03-22,10.44,10.46,10.41,10.45,64600,0.0,0
2002-03-25,10.47,10.48,10.39,10.47,23100,0.0,0
2002-03-26,10.45,10.49,10.45,10.49,12300,0.0,0
2002-03-27,10.46,10.49,10.09,10.45,29100,0.0,0
2002-03-28,10.43,10.51,10.42,10.51,26500,0.0,0
2002-04-01,10.51,10.57,10.35,10.41,28800,0.0,0
2002-04-02,10.43,10.57,10.43,10.53,17000,0.0,0
2002-04-03,10.57,10.58,10.47,10.47,22000,0.0,0
2002-04-04,10.41,10.45,10.37,10.45,24100,0.0,0
2002-04-05,10.48,10.6,10.47,10.54,54300,0.0,0
2002-04-08,10.53,10.59,10.51,10.55,50100,0.0,0
2002-04-09,10.57,10.67,10.51,10.65,56500,0.0,0
2002-04-10,10.67,10.95,10.67,10.85,212100,0.0,0
2002-04-11,10.83,10.86,10.76,10.86,59400,0.0,0
2002-04-12,10.84,11.02,10.81,11.02,87300,0.0,0
2002-04-15,11.01,11.01,10.78,10.86,75500,0.0,0
2002-04-16,10.9,10.9,10.83,10.87,124100,0.0,0
2002-04-17,10.87,10.89,10.65,10.73,70300,0.0,0
2002-04-18,10.77,10.83,10.76,10.79,46500,0.0,0
2002-04-19,10.69,10.91,10.62,10.69,73400,0.585,0
2002-04-22,10.72,10.73,10.65,10.66,52100,0.0,0
2002-04-23,10.65,10.72,10.6,10.61,69100,0.0,0
2002-04-24,10.59,10.73,10.58,10.64,38500,0.0,0
2002-04-25,10.68,10.68,10.54,10.57,40800,0.0,0
2002-04-26,10.59,10.59,10.54,10.54,39100,0.0,0
2002-04-29,10.6,10.78,10.6,10.78,102900,0.0,0
2002-04-30,10.85,10.99,10.76,10.99,57400,0.0,0
2002-05-01,10.99,10.99,10.87,10.91,27000,0.0,0
2002-05-02,10.88,10.93,10.62,10.72,93600,0.0,0
2002-05-03,10.76,10.85,10.76,10.78,18200,0.0,0
2002-05-06,10.82,10.93,10.75,10.8,32900,0.0,0
2002-05-07,10.76,10.79,10.63,10.76,31300,0.0,0
2002-05-08,10.76,10.84,10.6,10.69,34300,0.0,0
2002-05-09,10.63,10.67,10.58,10.6,27700,0.0,0
2002-05-10,10.67,10.67,10.48,10.58,70100,0.0,0
2002-05-13,10.55,10.65,10.52,10.59,29100,0.0,0
2002-05-14,10.56,10.65,10.53,10.64,22400,0.0,0
2002-05-15,10.62,10.62,10.54,10.58,43800,0.0,0
2002-05-16,10.56,10.63,10.55,10.58,19300,0.0,0
2002-05-17,10.6,10.68,10.6,10.66,32600,0.0,0
2002-05-20,10.66,10.68,10.55,10.62,17300,0.0,0
2002-05-21,10.6,10.61,10.53,10.55,30400,0.0,0
2002-05-22,10.54,10.58,10.51,10.58,71700,0.0,0
2002-05-23,10.56,10.68,10.53,10.62,40800,0.0,0
2002-05-24,10.61,10.68,10.52,10.58,55600,0.0,0
2002-05-28,10.6,10.62,10.54,10.56,37400,0.0,0
2002-05-29,10.55,10.68,10.54,10.68,55800,0.0,0
2002-05-30,10.64,10.92,10.57,10.89,59800,0.0,0
2002-05-31,10.87,11.05,10.69,10.69,50800,0.0,0
2002-06-03,10.66,10.89,10.66,10.88,35500,0.0,0
2002-06-04,10.8,10.92,10.79,10.85,32200,0.0,0
2002-06-05,10.87,10.87,10.52,10.64,67300,0.0,0
2002-06-06,10.68,10.69,10.58,10.61,34000,0.0,0
2002-06-07,10.64,10.69,10.48,10.65,52900,0.0,0
2002-06-10,10.69,10.69,10.5,10.58,31800,0.0,0
2002-06-11,10.56,10.65,10.53,10.58,46300,0.0,0
2002-06-12,10.6,10.68,10.6,10.66,49700,0.0,0
2002-06-13,10.64,10.72,10.58,10.6,21900,0.0,0
2002-06-14,10.58,10.7,10.54,10.69,32600,0.0,0
2002-06-17,10.72,10.8,10.62,10.68,38300,0.0,0
2002-06-18,10.68,10.78,10.62,10.67,35500,0.0,0
2002-06-19,10.66,10.83,10.62,10.83,90300,0.0,0
2002-06-20,10.8,10.97,10.78,10.91,76300,0.0,0
2002-06-21,10.96,10.98,10.87,10.91,49300,0.0,0
2002-06-24,10.93,10.97,10.85,10.85,32000,0.0,0
2002-06-25,10.88,10.97,10.88,10.94,44400,0.0,0
2002-06-26,10.92,10.94,10.82,10.91,41800,0.0,0
2002-06-27,10.86,11.03,10.84,10.99,56100,0.0,0
2002-06-28,11.04,11.1,10.99,10.99,101200,0.0,0
2002-07-01,11.01,11.01,10.83,11.0,67700,0.0,0
2002-07-02,11.03,11.05,10.85,10.98,30400,0.0,0
2002-07-03,11.01,11.03,10.89,10.93,35000,0.0,0
2002-07-05,10.93,11.05,10.87,10.95,18200,0.0,0
2002-07-08,10.95,11.03,10.83,10.92,24900,0.0,0
2002-07-09,10.94,10.95,10.85,10.91,28300,0.0,0
2002-07-10,10.93,10.95,10.76,10.85,42100,0.0,0
2002-07-11,10.83,10.83,10.48,10.6,41100,0.0,0
2002-07-12,10.64,10.74,10.57,10.6,39200,0.0,0
2002-07-15,10.62,10.72,10.46,10.72,76600,0.0,0
2002-07-16,10.68,11.05,10.68,10.8,67100,0.0,0
2002-07-17,10.83,10.92,10.62,10.76,35300,0.0,0
2002-07-18,10.76,10.81,10.55,10.55,41800,0.0,0
2002-07-19,10.5,10.55,10.39,10.48,65400,0.0,0
2002-07-22,10.58,10.58,9.84,10.32,100300,0.585,0
2002-07-23,10.32,10.35,9.86,9.96,89200,0.0,0
2002-07-24,9.96,10.01,9.36,10.01,140500,0.0,0
2002-07-25,10.09,10.39,9.99,10.34,49400,0.0,0
2002-07-26,10.42,10.51,10.42,10.51,60200,0.0,0
2002-07-29,10.51,10.72,10.5,10.63,80200,0.0,0
2002-07-30,10.73,10.78,10.51,10.66,92900,0.0,0
2002-07-31,10.74,10.83,10.6,10.83,94800,0.0,0
2002-08-01,10.83,10.91,10.55,10.79,81400,0.0,0
2002-08-02,10.72,10.76,10.45,10.45,53800,0.0,0
2002-08-05,10.45,10.47,10.13,10.2,48300,0.0,0
2002-08-06,10.22,10.26,10.09,10.15,44600,0.0,0
2002-08-07,10.15,10.32,10.1,10.32,46300,0.0,0
2002-08-08,10.28,10.36,10.14,10.36,33000,0.0,0
2002-08-09,10.47,10.47,10.21,10.32,36300,0.0,0
2002-08-12,10.34,10.41,10.26,10.41,12600,0.0,0
2002-08-13,10.4,10.41,10.11,10.11,24100,0.0,0
2002-08-14,10.1,10.24,10.09,10.24,29100,0.0,0
2002-08-15,10.26,10.28,10.11,10.23,75700,0.0,0
2002-08-16,10.23,10.38,10.2,10.36,28400,0.0,0
2002-08-19,10.36,10.47,10.32,10.32,43900,0.0,0
2002-08-20,10.34,10.38,10.28,10.31,20300,0.0,0
2002-08-21,10.34,10.52,10.34,10.52,20200,0.0,0
2002-08-22,10.49,10.49,10.31,10.39,22000,0.0,0
2002-08-23,10.42,10.47,10.34,10.38,11500,0.0,0
2002-08-26,10.34,10.58,10.32,10.58,27600,0.0,0
2002-08-27,10.53,10.66,10.45,10.5,44500,0.0,0
2002-08-28,10.47,10.66,10.47,10.55,20300,0.0,0
2002-08-29,10.6,10.72,10.59,10.68,18900,0.0,0
2002-08-30,10.7,10.8,10.6,10.6,38200,0.0,0
2002-09-03,10.55,10.68,10.43,10.49,21000,0.0,0
2002-09-04,10.49,10.71,10.49,10.7,29200,0.0,0
2002-09-05,10.66,10.76,10.6,10.72,21600,0.0,0
2002-09-06,10.72,10.83,10.7,10.74,21400,0.0,0
2002-09-09,10.74,10.74,10.64,10.68,20800,0.0,0
2002-09-10,10.68,10.72,10.57,10.62,26800,0.0,0
2002-09-11,10.66,10.71,10.64,10.66,10900,0.0,0
2002-09-12,10.66,10.72,10.58,10.65,20200,0.0,0
2002-09-13,10.64,10.76,10.6,10.76,37500,0.0,0
2002-09-16,10.72,10.79,10.53,10.58,53800,0.0,0
2002-09-17,10.6,10.66,10.47,10.47,42500,0.0,0
2002-09-18,10.43,10.45,10.34,10.44,31800,0.0,0
2002-09-19,10.45,10.47,10.3,10.32,24900,0.0,0
2002-09-20,10.39,10.71,10.39,10.44,38300,0.0,0
2002-09-23,10.47,10.51,10.43,10.51,28300,0.0,0
2002-09-24,10.51,10.51,10.43,10.46,30800,0.0,0
2002-09-25,10.44,10.56,10.43,10.52,74800,0.0,0
2002-09-26,10.55,10.6,10.5,10.55,46600,0.0,0
2002-09-27,10.51,10.52,10.41,10.43,31200,0.0,0
2002-09-30,10.42,10.5,10.3,10.47,25900,0.0,0
2002-10-01,10.51,10.64,10.49,10.58,45000,0.0,0
2002-10-02,10.62,10.7,10.52,10.52,25200,0.0,0
2002-10-03,10.49,10.55,10.43,10.51,20100,0.0,0
2002-10-04,10.53,10.54,10.42,10.47,64800,0.0,0
2002-10-07,10.51,10.62,10.15,10.15,30800,0.0,0
2002-10-08,10.2,10.2,9.76,9.97,87200,0.0,0
2002-10-09,9.88,9.9,9.46,9.55,83300,0.0,0
2002-10-10,9.52,9.52,9.25,9.45,234100,0.0,0
2002-10-11,9.65,9.88,9.65,9.77,44100,0.0,0
2002-10-14,9.87,9.87,9.64,9.69,35500,0.0,0
2002-10-15,9.67,10.03,9.67,9.91,30200,0.0,0
2002-10-16,9.97,10.06,9.82,9.86,23800,0.0,0
2002-10-17,9.89,10.03,9.88,10.03,30900,0.0,0
2002-10-18,10.09,10.15,10.02,10.02,19200,0.0,0
2002-10-21,10.03,10.14,10.03,10.07,41300,0.0,0
2002-10-22,10.17,10.17,9.9,9.9,40000,0.585,0
2002-10-23,9.87,10.08,9.86,10.05,33100,0.0,0
2002-10-24,10.11,10.15,10.05,10.12,27400,0.0,0
2002-10-25,10.09,10.23,10.09,10.19,18400,0.0,0
2002-10-28,10.15,10.24,10.13,10.13,25900,0.0,0
2002-10-29,10.14,10.15,9.91,10.15,46100,0.0,0
2002-10-30,10.13,10.16,10.09,10.09,26600,0.0,0
2002-10-31,10.15,10.25,10.14,10.17,30000,0.0,0
2002-11-01,10.19,10.34,10.13,10.32,36900,0.0,0
2002-11-04,10.31,10.54,10.31,10.37,32400,0.0,0
2002-11-05,10.32,10.64,10.32,10.64,39600,0.0,0
2002-11-06,10.67,10.87,10.64,10.86,47500,0.0,0
2002-11-07,10.82,10.82,10.67,10.74,18700,0.0,0
2002-11-08,10.74,10.76,10.59,10.6,20500,0.0,0
2002-11-11,10.6,10.62,10.58,10.6,25200,0.0,0
2002-11-12,10.58,10.75,10.58,10.71,28600,0.0,0
2002-11-13,10.67,10.77,10.67,10.74,22800,0.0,0
2002-11-14,10.76,10.87,10.65,10.87,85200,0.0,0
2002-11-15,10.84,10.86,10.71,10.71,14000,0.0,0
2002-11-18,10.74,10.75,10.57,10.65,29600,0.0,0
2002-11-19,10.69,10.69,10.6,10.61,24800,0.0,0
2002-11-20,10.61,10.73,10.61,10.73,18500,0.0,0
2002-11-21,10.65,10.77,10.63,10.77,21000,0.0,0
2002-11-22,10.78,10.78,10.65,10.78,43500,0.0,0
2002-11-25,10.78,10.78,10.73,10.75,25400,0.0,0
2002-11-26,10.73,10.76,10.64,10.76,22100,0.0,0
2002-11-27,10.78,10.81,10.72,10.78,33000,0.0,0
2002-11-29,10.75,10.76,10.69,10.73,15900,0.0,0
2002-12-02,10.78,10.78,10.7,10.77,20000,0.0,0
2002-12-03,10.73,10.78,10.72,10.72,34400,0.0,0
2002-12-04,10.7,10.78,10.68,10.75,20000,0.0,0
2002-12-05,10.72,10.78,10.69,10.69,30400,0.0,0
2002-12-06,10.69,10.73,10.61,10.69,33400,0.0,0
2002-12-09,10.65,10.74,10.6,10.67,35300,0.0,0
2002-12-10,10.68,10.7,10.56,10.58,55400,0.0,0
2002-12-11,10.56,10.67,10.52,10.56,21600,0.0,0
2002-12-12,10.56,10.67,10.54,10.56,27600,0.0,0
2002-12-13,10.54,10.6,10.54,10.55,44700,0.0,0
2002-12-16,10.58,10.58,10.43,10.56,22200,0.0,0
2002-12-17,10.58,10.58,10.46,10.51,28200,0.0,0
2002-12-18,10.51,10.51,10.36,10.43,19100,0.0,0
2002-12-19,10.34,10.38,10.2,10.34,49600,0.0,0
2002-12-20,10.34,10.34,10.19,10.28,72300,0.0,0
2002-12-23,10.34,10.38,10.24,10.3,37400,0.0,0
2002-12-24,10.3,10.39,10.3,10.39,2700,0.0,0
2002-12-26,10.41,10.44,10.25,10.42,41400,0.0,0
2002-12-27,10.43,10.61,10.4,10.44,27900,0.0,0
2002-12-30,10.42,10.56,10.41,10.56,40600,0.0,0
2002-12-31,10.52,10.67,10.52,10.54,69000,0.0,0
2003-01-02,10.59,10.7,10.59,10.65,44600,0.0,0
2003-01-03,10.62,10.73,10.56,10.69,24900,0.0,0
2003-01-06,10.75,10.77,10.7,10.71,52200,0.0,0
2003-01-07,10.73,10.75,10.46,10.55,62400,0.0,0
2003-01-08,10.52,10.56,10.45,10.45,29300,0.0,0
2003-01-09,10.52,10.56,10.43,10.51,21800,0.0,0
2003-01-10,10.43,10.52,10.43,10.49,30300,0.0,0
2003-01-13,10.56,10.58,10.53,10.55,46000,0.0,0
2003-01-14,10.58,10.6,10.55,10.56,78900,0.0,0
2003-01-15,10.57,10.58,10.47,10.55,32400,0.0,0
2003-01-16,10.55,10.56,10.46,10.47,33100,0.0,0
2003-01-17,10.5,10.5,10.41,10.41,43300,0.0,0
2003-01-21,10.41,10.47,10.41,10.42,83700,0.0,0
2003-01-22,10.42,10.5,10.42,10.48,41000,0.585,0
2003-01-23,10.53,10.53,10.43,10.48,28400,0.0,0
2003-01-24,10.49,10.49,10.38,10.38,47300,0.0,0
2003-01-27,10.39,10.45,10.34,10.34,53700,0.0,0
2003-01-28,10.38,10.42,10.34,10.36,53100,0.0,0
2003-01-29,10.36,10.47,10.34,10.47,48300,0.0,0
2003-01-30,10.5,10.51,10.42,10.42,22800,0.0,0
2003-01-31,10.38,10.51,10.38,10.51,29700,0.0,0
2003-02-03,10.58,10.61,10.49,10.5,23100,0.0,0
2003-02-04,10.48,10.5,10.44,10.48,36100,0.0,0
2003-02-05,10.49,10.56,10.47,10.53,14800,0.0,0
2003-02-06,10.54,10.55,10.42,10.48,17700,0.0,0
2003-02-07,10.46,10.47,10.34,10.34,33700,0.0,0
2003-02-10,10.37,10.41,10.33,10.4,61200,0.0,0
2003-02-11,10.42,10.42,10.27,10.29,43300,0.0,0
2003-02-12,10.31,10.31,10.21,10.25,31200,0.0,0
2003-02-13,10.25,10.38,10.23,10.38,21800,0.0,0
2003-02-14,10.36,10.4,10.27,10.36,62100,0.0,0
2003-02-18,10.38,10.42,10.36,10.42,51000,0.0,0
2003-02-19,10.4,10.42,10.36,10.38,26800,0.0,0
2003-02-20,10.4,10.42,10.37,10.37,31500,0.0,0
2003-02-21,10.39,10.42,10.34,10.36,37800,0.0,0
2003-02-24,10.41,10.42,10.33,10.36,29500,0.0,0
2003-02-25,10.37,10.42,10.29,10.36,44000,0.0,0
2003-02-26,10.37,10.42,10.3,10.33,29000,0.0,0
2003-02-27,10.35,10.41,10.3,10.4,23600,0.0,0
2003-02-28,10.42,10.42,10.3,10.3,92700,0.0,0
2003-03-03,10.3,10.42,10.3,10.39,24500,0.0,0
2003-03-04,10.4,10.4,10.33,10.36,25400,0.0,0
2003-03-05,10.34,10.4,10.32,10.38,25300,0.0,0
2003-03-06,10.4,10.42,10.38,10.39,19800,0.0,0
2003-03-07,10.42,10.42,10.38,10.38,75000,0.0,0
2003-03-10,10.37,10.38,10.3,10.32,30000,0.0,0
2003-03-11,10.32,10.36,10.2,10.29,38100,0.0,0
2003-03-12,10.31,10.34,10.25,10.34,18600,0.0,0
2003-03-13,10.34,10.42,10.34,10.42,14900,0.0,0
2003-03-14,10.38,10.44,10.34,10.44,90700,0.0,0
2003-03-17,10.42,10.56,10.42,10.55,40200,0.0,0
2003-03-18,10.53,10.6,10.51,10.56,16100,0.0,0
2003-03-19,10.53,10.59,10.48,10.53,35700,0.0,0
2003-03-20,10.47,10.6,10.46,10.57,68200,0.0,0
2003-03-21,10.59,10.67,10.56,10.64,64900,0.0,0
2003-03-24,10.65,10.65,10.51,10.56,27600,0.0,0
2003-03-25,10.53,10.65,10.53,10.62,24500,0.0,0
2003-03-26,10.62,10.63,10.56,10.56,38400,0.0,0
2003-03-27,10.59,10.59,10.5,10.58,25700,0.0,0
2003-03-28,10.59,10.61,10.53,10.53,27600,0.0,0
2003-03-31,10.51,10.55,10.46,10.47,22300,0.0,0
2003-04-01,10.47,10.6,10.46,10.6,30300,0.0,0
2003-04-02,10.6,10.63,10.58,10.62,45800,0.0,0
2003-04-03,10.62,10.62,10.54,10.59,13500,0.0,0
2003-04-04,10.6,10.64,10.55,10.59,27300,0.0,0
2003-04-07,10.6,10.7,10.59,10.7,30200,0.0,0
2003-04-08,10.71,10.71,10.62,10.67,15500,0.0,0
2003-04-09,10.68,10.71,10.55,10.65,49600,0.0,0
2003-04-10,10.64,10.69,10.64,10.64,32100,0.0,0
2003-04-11,10.65,10.68,10.58,10.61,41700,0.0,0
2003-04-14,10.67,10.82,10.66,10.82,37100,0.0,0
2003-04-15,10.82,10.86,10.79,10.83,19900,0.0,0
2003-04-16,10.89,11.04,10.84,11.04,109900,0.0,0
2003-04-17,11.04,11.26,11.03,11.15,41400,0.0,0
2003-04-21,11.17,11.26,11.11,11.21,36500,0.0,0
2003-04-22,11.2,11.48,11.1,11.47,50000,0.585,0
2003-04-23,11.44,11.58,11.37,11.57,57100,0.0,0
2003-04-24,11.53,11.59,11.44,11.57,78800,0.0,0
2003-04-25,11.55,11.67,11.53,11.6,43400,0.0,0
2003-04-28,11.62,11.75,11.62,11.75,56000,0.0,0
2003-04-29,11.76,11.76,11.59,11.62,42600,0.0,0
2003-04-30,11.5,11.73,11.5,11.62,56500,0.0,0
2003-05-01,11.66,11.71,11.52,11.71,45100,0.0,0
2003-05-02,11.73,11.93,11.73,11.78,26400,0.0,0
2003-05-05,11.8,12.03,11.8,11.94,52100,0.0,0
2003-05-06,11.89,12.04,11.89,12.0,48400,0.0,0
2003-05-07,11.98,12.04,11.92,11.96,45600,0.0,0
2003-05-08,11.94,12.11,11.93,12.0,34100,0.0,0
2003-05-09,12.0,12.23,11.98,12.12,34100,0.0,0
2003-05-12,12.14,12.22,12.13,12.21,30200,0.0,0
2003-05-13,12.21,12.21,12.16,12.2,30400,0.0,0
2003-05-14,12.21,12.23,12.12,12.16,57300,0.0,0
2003-05-15,12.13,12.21,12.13,12.2,49700,0.0,0
2003-05-16,12.21,12.21,12.14,12.19,37500,0.0,0
2003-05-19,12.19,12.21,11.8,12.17,43500,0.0,0
2003-05-20,12.17,12.25,12.17,12.25,55200,0.0,0
2003-05-21,12.26,12.26,12.15,12.21,28800,0.0,0
2003-05-22,12.18,12.25,12.16,12.2,34800,0.0,0
2003-05-23,12.18,12.25,12.16,12.22,32100,0.0,0
2003-05-27,12.28,12.29,12.14,12.24,31500,0.0,0
2003-05-28,12.3,12.3,12.14,12.14,76400,0.0,0
2003-05-29,12.16,12.2,11.71,11.82,44100,0.0,0
2003-05-30,11.87,11.99,11.77,11.87,52200,0.0,0
2003-06-02,11.78,11.98,11.76,11.98,43900,0.0,0
2003-06-03,11.96,12.01,11.83,11.89,17100,0.0,0
2003-06-04,11.89,12.22,11.86,12.14,30200,0.0,0
2003-06-05,12.1,12.28,12.09,12.16,19900,0.0,0
2003-06-06,12.16,12.21,12.12,12.12,30400,0.0,0
2003-06-09,12.09,12.22,11.98,11.98,40800,0.0,0
2003-06-10,11.98,12.24,11.98,12.24,21900,0.0,0
2003-06-11,12.27,12.27,12.14,12.23,140700,0.0,0
2003-06-12,12.23,12.34,12.19,12.34,82600,0.0,0
2003-06-13,12.23,12.3,12.21,12.25,31800,0.0,0
2003-06-16,12.27,12.4,12.25,12.32,41200,0.0,0
2003-06-17,12.34,12.34,12.2,12.28,48500,0.0,0
2003-06-18,12.25,12.29,12.21,12.27,111100,0.0,0
2003-06-19,12.24,12.32,12.21,12.21,23600,0.0,0
2003-06-20,12.21,12.3,12.16,12.19,26900,0.0,0
2003-06-23,12.18,12.18,11.99,12.0,24100,0.0,0
2003-06-24,12.05,12.09,11.98,12.0,28100,0.0,0
2003-06-25,12.0,12.07,11.96,12.05,56300,0.0,0
2003-06-26,12.07,12.41,12.05,12.34,33700,0.0,0
2003-06-27,12.37,12.41,12.19,12.24,28900,0.0,0
2003-06-30,12.23,12.3,12.18,12.21,62000,0.0,0
2003-07-01,12.21,12.38,12.09,12.36,40700,0.0,0
2003-07-02,12.33,12.59,12.3,12.56,33600,0.0,0
2003-07-03,12.55,12.57,12.5,12.56,25600,0.0,0
2003-07-07,12.59,13.02,12.59,13.02,42200,0.0,0
2003-07-08,12.93,13.02,12.89,12.93,75000,0.0,0
2003-07-09,12.93,12.98,12.77,12.88,55300,0.0,0
2003-07-10,12.84,12.94,12.7,12.89,43600,0.0,0
2003-07-11,12.91,13.0,12.77,12.89,57400,0.0,0
2003-07-14,12.91,13.04,12.81,13.04,96800,0.0,0
2003-07-15,13.02,13.14,12.93,13.13,51100,0.0,0
2003-07-16,13.07,13.13,12.98,13.07,95800,0.0,0
2003-07-17,13.02,13.09,12.93,12.97,48900,0.0,0
2003-07-18,13.0,13.13,12.93,13.13,39100,0.0,0
2003-07-21,13.13,13.27,13.13,13.22,71400,0.0,0
2003-07-22,13.18,13.19,12.99,13.06,32500,0.585,0
2003-07-23,13.13,13.13,12.86,12.92,30400,0.0,0
2003-07-24,12.83,13.09,12.83,13.06,26600,0.0,0
2003-07-25,13.01,13.19,13.01,13.19,44100,0.0,0
2003-07-28,13.1,13.28,13.1,13.25,16600,0.0,0
2003-07-29,13.19,13.29,13.12,13.29,19000,0.0,0
2003-07-30,13.29,13.37,13.22,13.37,21600,0.0,0
2003-07-31,13.39,13.49,13.18,13.19,51300,0.0,0
2003-08-01,13.22,13.44,13.17,13.42,49400,0.0,0
2003-08-04,13.7,13.71,13.38,13.44,65100,0.0,0
2003-08-05,13.48,13.48,13.15,13.16,41300,0.0,0
2003-08-06,13.05,13.18,13.01,13.13,31900,0.0,0
2003-08-07,13.11,13.18,12.95,13.17,27200,0.0,0
2003-08-08,13.17,13.33,13.11,13.28,32700,0.0,0
2003-08-11,13.26,13.43,13.26,13.42,29700,0.0,0
2003-08-12,13.43,13.52,13.38,13.48,33000,0.0,0
2003-08-13,13.49,13.54,13.45,13.45,31200,0.0,0
2003-08-14,13.4,13.54,13.38,13.5,27800,0.0,0
2003-08-15,13.47,13.55,13.36,13.36,24800,0.0,0
2003-08-18,13.38,13.76,13.38,13.73,100100,0.0,0
2003-08-19,13.77,13.79,13.63,13.79,61500,0.0,0
2003-08-20,13.75,13.81,13.61,13.79,47400,0.0,0
2003-08-21,13.75,13.85,13.73,13.82,160600,0.0,0
2003-08-22,13.82,13.82,13.66,13.75,29000,0.0,0
2003-08-25,13.7,13.8,13.61,13.8,31300,0.0,0
2003-08-26,13.77,13.82,13.52,13.77,56200,0.0,0
2003-08-27,13.77,13.81,13.61,13.68,96300,0.0,0
2003-08-28,13.67,13.84,13.67,13.79,44600,0.0,0
2003-08-29,13.75,13.81,13.56,13.56,66800,0.0,0
2003-09-02,13.56,13.84,13.56,13.84,38800,0.0,0
2003-09-03,13.84,14.11,13.79,14.08,76500,0.0,0
2003-09-04,14.07,14.22,14.06,14.11,39600,0.0,0
2003-09-05,14.07,14.34,14.07,14.29,191800,0.0,0
2003-09-08,14.31,14.51,14.3,14.39,51900,0.0,0
2003-09-09,14.4,14.4,14.26,14.35,44600,0.0,0
2003-09-10,14.32,14.32,14.21,14.23,48600,0.0,0
2003-09-11,14.26,14.3,14.13,14.22,46300,0.0,0
2003-09-12,14.26,14.28,14.07,14.09,30500,0.0,0
2003-09-15,14.13,14.25,14.0,14.13,53700,0.0,0
2003-09-16,14.12,14.18,13.98,14.18,28200,0.0,0
2003-09-17,14.16,14.16,13.76,13.98,34300,0.0,0
2003-09-18,13.96,14.03,13.84,14.03,29500,0.0,0
2003-09-19,13.98,14.14,13.96,14.03,76000,0.0,0
2003-09-22,13.99,14.1,13.95,14.07,35000,0.0,0
2003-09-23,14.09,14.14,14.0,14.09,27100,0.0,0
2003-09-24,14.12,14.23,13.97,13.98,21800,0.0,0
2003-09-25,14.03,14.12,13.77,13.78,40700,0.0,0
2003-09-26,13.7,13.91,13.65,13.87,37800,0.0,0
2003-09-29,13.84,14.05,13.84,13.97,28700,0.0,0
2003-09-30,13.93,13.98,13.61,13.92,114600,0.0,0
2003-10-01,13.85,14.16,13.85,14.16,57800,0.0,0
2003-10-02,14.15,14.21,14.07,14.12,32000,0.0,0
2003-10-03,14.07,14.57,14.07,14.37,95200,0.0,0
2003-10-06,14.3,14.73,14.3,14.73,248300,0.0,0
2003-10-07,14.73,14.73,14.6,14.71,77800,0.0,0
2003-10-08,14.65,14.69,14.54,14.65,37200,0.0,0
2003-10-09,14.67,14.76,14.58,14.73,60000,0.0,0
2003-10-10,14.72,15.0,14.72,15.0,71700,0.0,0
2003-10-13,15.0,15.13,14.94,15.11,45800,0.0,0
2003-10-14,15.11,15.2,15.09,15.18,46400,0.0,0
2003-10-15,15.17,15.2,14.97,15.1,37200,0.0,0
2003-10-16,15.22,15.23,15.11,15.2,57800,0.0,0
2003-10-17,15.16,15.22,14.78,15.22,98900,0.0,0
2003-10-20,15.16,15.16,14.75,14.8,81100,0.0,0
2003-10-21,14.85,14.86,14.72,14.8,90600,0.0,0
2003-10-22,14.76,14.76,14.54,14.54,125900,0.585,0
2003-10-23,14.47,14.5,14.26,14.32,60500,0.0,0
2003-10-24,14.3,14.38,14.13,14.32,35900,0.0,0
2003-10-27,14.32,14.45,14.29,14.43,25900,0.0,0
2003-10-28,14.47,14.47,14.12,14.38,63200,0.0,0
2003-10-29,14.38,14.62,14.38,14.6,32800,0.0,0
2003-10-30,14.66,14.71,14.53,14.64,34000,0.0,0
2003-10-31,14.61,14.76,14.61,14.76,57500,0.0,0
2003-11-03,14.76,15.01,14.76,14.96,95600,0.0,0
2003-11-04,15.01,15.11,14.9,15.1,41900,0.0,0
2003-11-05,15.06,15.11,14.8,15.03,70300,0.0,0
2003-11-06,14.98,15.12,14.97,15.07,25400,0.0,0
2003-11-07,15.13,15.25,15.13,15.18,35600,0.0,0
2003-11-10,15.18,15.23,15.03,15.08,32200,0.0,0
2003-11-11,15.04,15.15,14.99,15.0,32800,0.0,0
2003-11-12,15.04,15.27,15.02,15.27,90800,0.0,0
2003-11-13,15.27,15.39,15.19,15.39,31100,0.0,0
2003-11-14,15.41,15.44,15.19,15.19,34800,0.0,0
2003-11-17,15.2,15.23,15.1,15.23,42400,0.0,0
2003-11-18,15.21,15.32,15.09,15.13,48900,0.0,0
2003-11-19,15.32,15.34,15.13,15.16,60700,0.0,0
2003-11-20,15.2,15.25,14.94,15.07,30300,0.0,0
2003-11-21,15.11,15.23,15.11,15.2,53700,0.0,0
2003-11-24,15.2,15.3,15.12,15.3,39500,0.0,0
2003-11-25,15.28,15.55,15.28,15.49,70000,0.0,0
2003-11-26,15.46,15.49,15.4,15.45,51200,0.0,0
2003-11-28,15.45,15.48,15.44,15.44,15000,0.0,0
2003-12-01,15.44,15.72,15.44,15.72,50500,0.0,0
2003-12-02,15.79,15.79,15.54,15.58,52800,0.0,0
2003-12-03,15.63,15.63,15.32,15.32,100100,0.0,0
2003-12-04,15.39,15.43,15.15,15.43,57100,0.0,0
2003-12-05,15.43,15.5,15.43,15.49,57500,0.0,0
2003-12-08,15.51,15.6,15.43,15.55,81800,0.0,0
2003-12-09,15.57,15.63,15.46,15.57,65200,0.0,0
2003-12-10,15.54,15.55,15.46,15.55,27800,0.0,0
2003-12-11,15.55,15.65,15.54,15.65,97400,0.0,0
2003-12-12,15.65,15.74,15.62,15.74,32200,0.0,0
2003-12-15,15.81,15.93,15.62,15.62,50000,0.0,0
2003-12-16,15.65,15.78,15.6,15.78,21000,0.0,0
2003-12-17,15.75,15.79,15.58,15.65,32900,0.0,0
2003-12-18,15.55,15.73,15.53,15.72,24600,0.0,0
2003-12-19,15.72,15.75,15.59,15.74,25000,0.0,0
2003-12-22,15.74,15.79,15.65,15.74,23500,0.0,0
2003-12-23,15.74,15.88,15.74,15.86,30300,0.0,0
2003-12-24,15.86,15.98,15.86,15.87,16000,0.0,0
2003-12-26,15.86,15.98,15.86,15.96,19500,0.0,0
2003-12-29,15.92,16.05,15.88,16.05,32900,0.0,0
2003-12-30,16.02,16.11,15.97,16.09,20100,0.0,0
2003-12-31,16.11,16.11,15.77,15.78,81900,0.0,0
2004-01-02,15.83,15.94,15.78,15.88,43300,0.0,0
2004-01-05,15.88,16.03,15.85,16.02,53400,0.0,0
2004-01-06,16.05,16.07,15.9,15.94,43600,0.0,0
2004-01-07,15.97,16.06,15.78,15.78,37600,0.0,0
2004-01-08,15.81,15.91,15.75,15.83,50900,0.0,0
2004-01-09,15.86,15.98,15.79,15.94,40300,0.0,0
2004-01-12,15.98,15.98,15.86,15.94,21900,0.0,0
2004-01-13,15.95,15.95,15.72,15.95,40500,0.0,0
2004-01-14,15.95,15.97,15.89,15.95,23600,0.0,0
2004-01-15,15.97,16.08,15.93,16.02,36800,0.0,0
2004-01-16,16.05,16.09,15.95,16.0,23300,0.0,0
2004-01-20,15.98,16.09,15.94,16.09,67700,0.0,0
2004-01-21,16.03,16.11,15.98,16.11,38500,0.585,0
2004-01-22,16.09,16.18,16.09,16.18,39200,0.0,0
2004-01-23,16.23,16.25,16.12,16.23,35400,0.0,0
2004-01-26,16.23,16.49,16.07,16.49,114300,0.0,0
2004-01-27,16.42,16.47,16.24,16.45,39800,0.0,0
2004-01-28,16.49,16.59,16.3,16.39,40600,0.0,0
2004-01-29,16.38,16.53,16.2,16.53,79900,0.0,0
2004-01-30,16.52,16.54,16.41,16.5,46200,0.0,0
2004-02-02,16.52,16.55,16.42,16.54,50200,0.0,0
2004-02-03,16.57,16.85,16.57,16.69,51100,0.0,0
2004-02-04,16.69,16.69,16.38,16.38,34500,0.0,0
2004-02-05,16.38,16.62,16.37,16.62,45900,0.0,0
2004-02-06,16.59,16.95,16.59,16.95,69600,0.0,0
2004-02-09,16.95,16.97,16.82,16.88,19300,0.0,0
2004-02-10,16.83,17.04,16.76,17.04,51300,0.0,0
2004-02-11,17.07,17.11,17.01,17.09,54400,0.0,0
2004-02-12,17.09,17.09,16.92,16.97,34200,0.0,0
2004-02-13,16.85,16.91,16.76,16.76,48300,0.0,0
2004-02-17,16.73,16.74,16.54,16.54,50000,0.0,0
2004-02-18,16.66,16.73,16.45,16.46,37700,0.0,0
2004-02-19,16.51,16.54,16.32,16.42,62600,0.0,0
2004-02-20,16.48,16.54,16.37,16.51,81500,0.0,0
2004-02-23,16.52,16.53,16.39,16.5,55300,0.0,0
2004-02-24,16.54,16.73,16.48,16.6,80500,0.0,0
2004-02-25,16.6,16.92,16.56,16.91,71500,0.0,0
2004-02-26,16.93,17.26,16.84,17.26,176600,0.0,0
2004-02-27,17.16,17.28,17.1,17.14,135500,0.0,0
2004-03-01,17.15,17.49,17.08,17.42,202400,0.0,0
2004-03-02,17.45,17.62,17.43,17.55,70800,0.0,0
2004-03-03,17.55,17.63,17.43,17.55,81600,0.0,0
2004-03-04,17.57,17.68,17.47,17.67,109500,0.0,0
2004-03-05,17.68,17.69,17.55,17.66,82500,0.0,0
2004-03-08,17.67,17.69,17.47,17.52,67100,0.0,0
2004-03-09,17.57,17.63,17.45,17.53,174900,0.0,0
2004-03-10,17.56,17.59,17.41,17.44,46100,0.0,0
2004-03-11,17.4,17.44,17.16,17.22,50100,0.0,0
2004-03-12,17.21,17.44,17.12,17.44,74100,0.0,0
2004-03-15,17.44,17.55,17.33,17.42,52300,0.0,0
2004-03-16,17.51,17.53,17.21,17.31,71600,0.0,0
2004-03-17,17.38,17.47,17.34,17.45,37400,0.0,0
2004-03-18,17.41,17.53,17.33,17.53,49500,0.0,0
2004-03-19,17.53,17.75,17.44,17.6,194800,0.0,0
2004-03-22,17.63,17.66,17.33,17.46,54800,0.0,0
2004-03-23,17.44,17.66,17.37,17.66,58900,0.0,0
2004-03-24,17.7,17.82,17.53,17.53,70200,0.0,0
2004-03-25,17.6,17.84,17.59,17.83,54700,0.0,0
2004-03-26,17.88,17.88,17.56,17.59,56100,0.0,0
2004-03-29,17.56,17.76,17.5,17.69,101100,0.0,0
2004-03-30,17.69,17.82,17.68,17.81,88600,0.0,0
2004-03-31,17.82,17.82,17.64,17.75,166600,0.0,0
2004-04-01,17.77,17.81,17.69,17.77,110500,0.0,0
2004-04-02,17.8,17.81,17.69,17.74,392100,0.0,0
2004-04-05,17.74,17.74,17.02,17.24,99000,0.0,0
2004-04-06,17.24,17.24,16.05,16.42,169400,0.0,0
2004-04-07,16.3,17.23,16.27,17.05,221000,0.0,0
2004-04-08,17.05,17.07,16.51,16.51,60500,0.0,0
2004-04-12,16.49,16.52,15.39,15.73,104100,0.0,0
2004-04-13,14.82,15.63,14.7,15.25,339000,0.0,0
2004-04-14,15.25,15.42,14.96,15.11,203900,0.0,0
2004-04-15,15.18,15.67,15.18,15.65,170500,0.0,0
2004-04-16,15.8,16.23,15.8,15.92,114700,0.0,0
2004-04-19,15.94,16.14,15.73,16.13,64300,0.0,0
2004-04-20,16.2,16.3,15.52,15.52,90600,0.0,0
2004-04-21,15.56,15.76,15.45,15.69,73600,0.585,0
2004-04-22,15.69,16.18,15.69,16.11,52900,0.0,0
2004-04-23,16.17,16.17,15.88,15.97,85700,0.0,0
2004-04-26,16.05,16.07,15.82,15.87,128100,0.0,0
2004-04-27,15.85,16.13,15.85,16.11,54700,0.0,0
2004-04-28,16.07,16.11,15.92,15.99,48000,0.0,0
2004-04-29,16.07,16.3,15.75,15.85,53000,0.0,0
2004-04-30,15.77,15.97,15.65,15.7,69600,0.0,0
2004-05-03,15.68,16.16,15.61,16.16,171900,0.0,0
2004-05-04,16.16,16.47,16.07,16.31,54500,0.0,0
2004-05-05,16.21,16.34,16.07,16.07,39000,0.0,0
2004-05-06,16.04,16.11,15.77,16.09,43300,0.0,0
2004-05-07,16.15,16.15,15.56,15.6,81200,0.0,0
2004-05-10,15.61,15.69,15.17,15.4,78000,0.0,0
2004-05-11,15.43,15.68,15.41,15.63,79800,0.0,0
2004-05-12,15.67,15.87,15.53,15.77,73100,0.0,0
2004-05-13,15.77,16.05,15.71,15.75,50700,0.0,0
2004-05-14,15.7,16.17,15.68,15.92,37900,0.0,0
2004-05-17,15.87,16.17,15.68,15.89,47900,0.0,0
2004-05-18,15.92,16.33,15.92,16.33,75800,0.0,0
2004-05-19,16.38,16.62,16.1,16.1,80700,0.0,0
2004-05-20,16.14,16.32,16.02,16.3,26100,0.0,0
2004-05-21,16.37,16.47,16.16,16.3,28600,0.0,0
2004-05-24,16.34,16.49,16.33,16.4,26400,0.0,0
2004-05-25,16.46,16.8,16.43,16.76,48200,0.0,0
2004-05-26,16.77,16.97,16.71,16.97,77900,0.0,0
2004-05-27,17.02,17.07,16.97,17.02,41300,0.0,0
2004-05-28,17.05,17.19,17.02,17.18,30400,0.0,0
2004-06-01,17.18,17.41,17.0,17.19,92600,0.0,0
2004-06-02,17.23,17.47,17.15,17.47,35700,0.0,0
2004-06-03,17.53,17.55,17.28,17.28,63600,0.0,0
2004-06-04,17.33,17.52,17.33,17.48,54900,0.0,0
2004-06-07,17.48,17.77,17.48,17.76,92300,0.0,0
2004-06-08,17.76,17.77,17.61,17.73,31900,0.0,0
2004-06-09,17.73,17.76,17.57,17.59,40900,0.0,0
2004-06-10,17.59,17.67,17.53,17.58,49300,0.0,0
2004-06-14,17.48,17.52,17.26,17.43,84500,0.0,0
2004-06-15,17.43,17.77,17.41,17.77,69000,0.0,0
2004-06-16,17.77,17.99,17.75,17.99,45100,0.0,0
2004-06-17,17.99,18.21,17.94,18.21,77900,0.0,0
2004-06-18,18.21,18.45,18.21,18.38,152300,0.0,0
2004-06-21,18.35,18.5,18.26,18.5,47600,0.0,0
2004-06-22,18.48,18.54,18.17,18.32,66600,0.0,0
2004-06-23,18.33,18.5,18.21,18.5,40300,0.0,0
2004-06-24,18.54,18.55,18.31,18.4,57200,0.0,0
2004-06-25,18.4,18.76,18.39,18.76,81500,0.0,0
2004-06-28,18.76,18.76,18.57,18.66,46900,0.0,0
2004-06-29,18.68,18.81,18.42,18.42,53800,0.0,0
2004-06-30,18.45,18.5,18.33,18.45,198200,0.0,0
2004-07-01,18.45,18.6,18.31,18.34,80500,0.0,0
2004-07-02,18.39,18.66,18.38,18.65,93100,0.0,0
2004-07-06,18.67,18.69,18.45,18.57,63900,0.0,0
2004-07-07,18.62,18.84,18.59,18.82,54100,0.0,0
2004-07-08,18.74,18.87,18.4,18.4,57300,0.0,0
2004-07-09,18.4,18.62,18.29,18.61,37300,0.0,0
2004-07-12,18.65,18.81,18.43,18.7,43100,0.0,0
2004-07-13,18.7,18.82,18.46,18.5,27900,0.0,0
2004-07-14,18.5,18.63,18.4,18.43,126700,0.0,0
2004-07-15,18.44,18.48,18.4,18.45,58600,0.0,0
2004-07-16,18.45,18.52,18.38,18.44,59300,0.0,0
2004-07-19,18.46,18.57,18.4,18.55,84400,0.0,0
2004-07-20,18.6,18.87,18.55,18.87,77900,0.0,0
2004-07-21,18.91,19.03,18.86,18.89,74300,0.585,0
2004-07-22,18.89,18.89,18.35,18.35,38000,0.0,0
2004-07-23,18.35,18.35,17.88,17.88,72200,0.0,0
2004-07-26,17.89,17.91,17.62,17.66,56900,0.0,0
2004-07-27,17.69,17.83,17.57,17.61,57100,0.0,0
2004-07-28,17.6,17.88,17.37,17.7,51600,0.0,0
2004-07-29,17.75,17.89,17.66,17.72,28900,0.0,0
2004-07-30,17.76,17.89,17.66,17.72,31100,0.0,0
2004-08-02,17.73,18.28,17.7,18.28,42900,0.0,0
2004-08-03,18.28,18.34,18.07,18.27,36900,0.0,0
2004-08-04,18.19,18.4,18.07,18.39,38700,0.0,0
2004-08-05,18.34,18.39,17.87,17.87,48300,0.0,0
2004-08-06,17.87,18.13,17.65,17.82,51800,0.0,0
2004-08-09,17.85,17.94,17.76,17.89,62000,0.0,0
2004-08-10,17.87,18.1,17.87,18.05,34000,0.0,0
2004-08-11,18.05,18.16,18.02,18.03,44600,0.0,0
2004-08-12,18.02,18.14,17.94,18.02,70500,0.0,0
2004-08-13,18.07,18.18,18.0,18.05,31800,0.0,0
2004-08-16,18.12,18.49,18.12,18.49,27000,0.0,0
2004-08-17,18.53,18.71,18.51,18.71,44700,0.0,0
2004-08-18,18.42,18.83,18.42,18.82,53400,0.0,0
2004-08-19,18.82,18.82,18.49,18.49,36800,0.0,0
2004-08-20,18.59,19.08,18.59,19.08,71900,0.0,0
2004-08-23,19.08,19.15,18.96,19.03,48800,0.0,0
2004-08-24,19.03,19.15,18.99,19.14,78700,0.0,0
2004-08-25,19.11,19.55,19.11,19.43,83600,0.0,0
2004-08-26,19.43,19.48,19.34,19.45,60500,0.0,0
2004-08-27,19.48,19.51,19.39,19.48,27600,0.0,0
2004-08-30,19.48,19.52,19.46,19.48,27600,0.0,0
2004-08-31,19.48,19.6,19.45,19.6,57400,0.0,0
2004-09-01,19.39,19.6,19.35,19.6,53400,0.0,0
2004-09-02,19.65,19.84,19.48,19.81,42900,0.0,0
2004-09-03,19.82,20.04,19.82,19.92,68200,0.0,0
2004-09-07,19.92,20.21,19.92,20.2,80100,0.0,0
2004-09-08,20.17,20.22,19.95,20.05,97200,0.0,0
2004-09-09,20.12,20.12,19.87,19.98,44700,0.0,0
2004-09-10,19.95,19.95,19.65,19.83,41100,0.0,0
2004-09-13,19.82,19.82,19.59,19.63,31700,0.0,0
2004-09-14,19.66,19.66,19.22,19.22,76400,0.0,0
2004-09-15,19.18,19.48,19.18,19.39,35200,0.0,0
2004-09-16,19.37,19.94,19.37,19.87,71300,0.0,0
2004-09-17,19.97,19.97,19.7,19.77,132900,0.0,0
2004-09-20,19.78,19.78,19.53,19.53,142500,0.0,0
2004-09-21,19.59,19.72,19.51,19.72,34800,0.0,0
2004-09-22,19.72,19.72,19.14,19.14,50800,0.0,0
2004-09-23,19.18,19.2,19.0,19.08,47900,0.0,0
2004-09-24,19.13,19.13,18.93,18.97,32800,0.0,0
2004-09-27,18.97,18.99,18.77,18.83,43700,0.0,0
2004-09-28,18.86,19.01,18.8,19.01,31200,0.0,0
2004-09-29,18.97,19.18,18.88,19.18,67700,0.0,0
2004-09-30,19.18,19.28,19.03,19.25,79300,0.0,0
2004-10-01,19.28,19.91,19.25,19.62,62400,0.0,0
2004-10-04,19.62,19.79,19.6,19.63,28200,0.0,0
2004-10-05,19.61,19.72,19.46,19.71,24300,0.0,0
2004-10-06,19.65,19.8,19.6,19.79,43300,0.0,0
2004-10-07,19.79,19.79,19.42,19.43,32000,0.0,0
2004-10-08,19.4,19.55,19.25,19.35,47200,0.0,0
2004-10-11,19.35,19.41,19.2,19.38,32800,0.0,0
2004-10-12,19.33,19.61,19.28,19.61,17700,0.0,0
2004-10-13,19.65,19.75,19.3,19.39,51500,0.0,0
2004-10-14,19.49,19.54,19.33,19.44,89500,0.0,0
2004-10-15,19.44,19.59,19.39,19.58,75100,0.0,0
2004-10-18,19.53,19.77,19.3,19.67,53300,0.0,0
2004-10-19,19.75,19.77,19.42,19.42,73900,0.0,0
2004-10-20,19.39,19.41,19.03,19.38,66800,0.585,0
2004-10-21,19.42,19.51,19.19,19.49,51100,0.0,0
2004-10-22,19.46,19.59,19.33,19.45,48700,0.0,0
2004-10-25,19.44,19.49,19.32,19.34,45900,0.0,0
2004-10-26,19.37,19.57,19.27,19.57,44400,0.0,0
2004-10-27,19.57,19.87,19.52,19.87,41700,0.0,0
2004-10-28,19.84,19.92,19.62,19.91,47400,0.0,0
2004-10-29,19.92,19.92,19.67,19.74,24800,0.0,0
2004-11-01,19.79,20.05,19.67,20.03,48300,0.0,0
2004-11-02,20.0,20.05,19.65,19.65,38300,0.0,0
2004-11-03,19.68,19.95,19.68,19.95,37000,0.0,0
2004-11-04,19.92,20.14,19.81,20.08,50000,0.0,0
2004-11-05,20.08,20.1,19.61,19.7,50500,0.0,0
2004-11-08,19.57,19.81,19.57,19.67,40600,0.0,0
2004-11-09,19.62,19.72,19.57,19.68,33100,0.0,0
2004-11-10,19.71,20.26,19.63,19.88,25100,0.0,0
2004-11-11,19.85,20.1,19.82,20.1,27300,0.0,0
2004-11-12,20.07,20.46,19.98,20.46,110100,0.0,0
2004-11-15,20.42,20.52,20.37,20.4,42400,0.0,0
2004-11-16,20.37,20.39,20.13,20.19,42700,0.0,0
2004-11-17,20.19,20.32,19.77,19.84,52300,0.0,0
2004-11-18,19.81,19.87,19.43,19.81,46700,0.0,0
2004-11-19,19.79,19.79,19.55,19.67,50600,0.0,0
2004-11-22,19.65,19.9,19.56,19.9,48500,0.0,0
2004-11-23,19.9,19.92,19.69,19.87,163700,0.0,0
2004-11-24,19.9,20.0,19.87,19.92,41700,0.0,0
2004-11-26,19.95,20.05,19.91,20.05,11000,0.0,0
2004-11-29,20.05,20.07,19.75,19.82,78500,0.0,0
2004-11-30,19.86,19.86,19.68,19.8,39500,0.0,0
2004-12-01,19.82,20.12,19.8,20.09,41300,0.0,0
2004-12-02,20.09,20.11,19.77,20.02,39200,0.0,0
2004-12-03,20.05,20.22,20.01,20.17,25100,0.0,0
2004-12-06,20.07,20.2,20.02,20.06,38800,0.0,0
2004-12-07,20.06,20.3,20.0,20.0,187400,0.0,0
2004-12-08,19.97,20.17,19.94,20.17,153200,0.0,0
2004-12-09,20.15,20.24,19.94,20.14,53500,0.0,0
2004-12-10,20.14,20.32,20.03,20.32,79600,0.0,0
2004-12-13,20.32,20.52,20.19,20.5,404800,0.0,0
2004-12-14,20.5,20.61,20.42,20.46,88300,0.0,0
2004-12-15,20.42,20.6,20.38,20.54,64600,0.0,0
2004-12-16,20.54,20.6,20.3,20.3,51600,0.0,0
2004-12-17,20.32,20.72,20.25,20.69,243200,0.0,0
2004-12-20,20.65,20.75,20.49,20.57,52100,0.0,0
2004-12-21,20.61,20.82,20.57,20.82,46200,0.0,0
2004-12-22,20.82,20.93,20.74,20.92,32700,0.0,0
2004-12-23,20.88,20.94,20.64,20.64,29300,0.0,0
2004-12-27,20.67,20.67,20.49,20.58,49800,0.0,0
2004-12-28,20.52,20.64,20.47,20.62,36500,0.0,0
2004-12-29,20.6,20.67,20.53,20.66,26500,0.0,0
2004-12-30,20.66,20.67,20.58,20.63,35900,0.0,0
2004-12-31,20.59,20.72,20.52,20.68,54900,0.0,0
2005-01-03,20.67,20.7,20.32,20.5,117700,0.0,0
2005-01-04,20.63,20.75,20.4,20.43,95700,0.0,0
2005-01-05,20.37,20.53,19.66,19.67,203000,0.0,0
2005-01-06,19.72,20.1,19.71,20.07,89400,0.0,0
2005-01-07,20.22,20.32,20.05,20.05,97800,0.0,0
2005-01-10,20.03,20.22,19.8,19.83,58500,0.0,0
2005-01-11,19.83,20.1,19.82,19.95,149900,0.0,0
2005-01-12,19.96,20.02,19.83,19.98,54200,0.0,0
2005-01-13,20.05,20.27,19.89,19.99,82400,0.0,0
2005-01-14,20.12,20.2,19.97,19.98,32700,0.0,0
2005-01-18,19.97,20.24,19.92,20.15,65700,0.0,0
2005-01-19,20.12,20.48,20.02,20.25,94000,0.0,0
2005-01-20,20.12,20.27,19.99,20.02,86800,0.585,0
2005-01-21,19.98,20.32,19.91,20.06,69600,0.0,0
2005-01-24,20.1,20.16,19.83,19.94,45200,0.0,0
2005-01-25,19.97,20.01,19.61,19.64,66000,0.0,0
2005-01-26,19.67,19.73,19.51,19.71,55700,0.0,0
2005-01-27,19.63,19.73,19.14,19.25,203300,0.0,0
2005-01-28,19.25,19.27,19.1,19.27,461700,0.0,0
2005-01-31,19.35,19.5,19.17,19.26,124200,0.0,0
2005-02-01,19.3,19.35,18.79,18.8,109200,0.0,0
2005-02-02,18.81,19.64,18.81,19.6,274800,0.0,0
2005-02-03,19.6,19.7,19.49,19.55,74900,0.0,0
2005-02-04,19.59,19.83,19.58,19.78,87800,0.0,0
2005-02-07,19.81,19.93,19.63,19.65,80000,0.0,0
2005-02-08,19.68,19.83,19.6,19.79,43900,0.0,0
2005-02-09,19.79,19.86,19.55,19.67,78300,0.0,0
2005-02-10,19.65,19.96,19.37,19.87,143700,0.0,0
2005-02-11,19.87,20.02,19.68,19.92,83300,0.0,0
2005-02-14,19.86,19.9,19.57,19.69,98300,0.0,0
2005-02-15,19.66,19.7,19.45,19.62,94000,0.0,0
2005-02-16,19.57,19.86,19.53,19.76,53800,0.0,0
2005-02-17,19.75,19.8,19.58,19.63,48300,0.0,0
2005-02-18,19.63,19.65,19.4,19.4,68800,0.0,0
2005-02-22,19.32,19.33,19.07,19.09,96100,0.0,0
2005-02-23,19.12,19.2,18.89,18.9,69500,0.0,0
2005-02-24,18.86,19.09,18.76,19.05,150300,0.0,0
2005-02-25,19.05,19.3,19.05,19.28,44700,0.0,0
2005-02-28,19.27,19.34,19.0,19.12,53800,0.0,0
2005-03-01,19.16,19.3,18.97,19.24,100000,0.0,0
2005-03-02,19.22,19.55,19.09,19.34,205400,0.0,0
2005-03-03,19.35,19.53,19.22,19.32,110700,0.0,0
2005-03-04,19.32,19.73,19.25,19.7,109200,0.0,0
2005-03-07,19.6,19.76,19.53,19.73,74000,0.0,0
2005-03-08,19.69,19.73,19.46,19.6,54100,0.0,0
2005-03-09,19.58,19.58,18.94,18.94,161700,0.0,0
2005-03-10,18.97,19.22,18.86,19.12,67900,0.0,0
2005-03-11,19.08,19.08,18.62,18.76,30800,0.0,0
2005-03-14,18.75,19.09,18.7,19.08,30300,0.0,0
2005-03-15,19.13,19.45,18.97,18.97,105200,0.0,0
2005-03-16,18.94,19.2,18.84,18.9,52900,0.0,0
2005-03-17,18.94,18.94,18.64,18.79,44300,0.0,0
2005-03-18,18.94,18.99,18.74,18.82,92800,0.0,0
2005-03-21,18.85,18.88,18.65,18.75,37100,0.0,0
2005-03-22,18.7,18.79,18.54,18.56,58000,0.0,0
2005-03-23,18.53,18.53,18.25,18.46,113800,0.0,0
2005-03-24,18.52,18.62,18.46,18.61,50600,0.0,0
2005-03-28,18.57,18.6,18.34,18.45,51900,0.0,0
2005-03-29,18.45,18.74,18.36,18.74,135300,0.0,0
2005-03-30,18.66,18.81,18.53,18.76,77000,0.0,0
2005-03-31,18.76,19.02,18.49,18.58,74400,0.0,0
2005-04-01,18.69,18.79,18.38,18.44,54900,0.0,0
2005-04-04,18.44,18.71,18.39,18.71,44900,0.0,0
2005-04-05,18.71,18.79,18.63,18.74,45900,0.0,0
2005-04-06,18.69,18.99,18.69,18.78,52400,0.0,0
2005-04-07,18.78,18.93,18.67,18.88,22100,0.0,0
2005-04-08,18.83,18.89,18.73,18.73,30100,0.0,0
2005-04-11,18.73,18.74,18.55,18.55,37600,0.0,0
2005-04-12,18.56,19.08,18.32,19.02,83200,0.0,0
2005-04-13,18.89,19.09,18.85,18.92,39900,0.0,0
2005-04-14,19.0,19.07,18.66,18.7,43400,0.0,0
2005-04-15,18.71,18.79,18.43,18.79,86300,0.585,0
2005-04-18,18.79,18.79,18.53,18.71,59400,0.0,0
2005-04-19,18.76,18.84,18.61,18.84,44800,0.0,0
2005-04-20,18.94,18.98,18.63,18.98,94600,0.0,0
2005-04-21,19.04,19.33,18.97,19.33,123300,0.0,0
2005-04-22,19.36,19.36,19.07,19.27,99000,0.0,0
2005-04-25,19.27,19.53,19.25,19.5,59400,0.0,0
2005-04-26,19.44,19.53,19.38,19.48,45600,0.0,0
2005-04-27,19.48,19.86,19.4,19.86,57000,0.0,0
2005-04-28,19.79,19.82,19.58,19.59,47700,0.0,0
2005-04-29,19.61,19.79,19.56,19.78,52900,0.0,0
2005-05-02,19.78,19.88,19.74,19.81,64100,0.0,0
2005-05-03,19.77,20.02,19.7,19.95,41000,0.0,0
2005-05-04,19.95,20.15,19.87,20.1,33500,0.0,0
2005-05-05,20.05,20.38,19.99,20.38,43500,0.0,0
2005-05-06,20.38,20.43,20.19,20.31,54800,0.0,0
2005-05-09,20.31,20.87,20.28,20.87,66400,0.0,0
2005-05-10,20.83,21.18,20.49,21.14,72800,0.0,0
2005-05-11,21.16,21.19,20.76,21.19,64100,0.0,0
2005-05-12,21.16,21.19,20.85,20.88,45300,0.0,0
2005-05-13,20.85,20.85,20.7,20.75,60300,0.0,0
2005-05-16,20.67,20.82,20.67,20.77,61200,0.0,0
2005-05-17,20.69,20.85,20.67,20.85,90100,0.0,0
2005-05-18,20.93,21.09,20.82,21.06,52400,0.0,0
2005-05-19,20.98,21.19,20.97,21.13,134900,0.0,0
2005-05-20,21.18,21.18,20.87,21.01,51200,0.0,0
2005-05-23,21.06,21.2,21.06,21.18,58600,0.0,0
2005-05-24,21.08,21.18,20.95,21.15,44400,0.0,0
2005-05-25,21.11,21.14,20.64,20.7,77300,0.0,0
2005-05-26,20.72,20.96,20.7,20.83,72500,0.0,0
2005-05-27,20.85,21.06,20.78,21.06,21000,0.0,0
2005-05-31,20.96,21.15,20.88,20.96,60900,0.0,0
2005-06-01,20.96,21.34,20.91,21.28,140000,0.0,0
2005-06-02,21.24,21.37,21.18,21.21,61600,0.0,0
2005-06-03,21.16,21.32,21.15,21.21,67500,0.0,0
2005-06-06,21.11,21.38,21.11,21.34,42000,0.0,0
2005-06-07,21.42,21.87,21.42,21.53,87900,0.0,0
2005-06-08,21.53,21.81,21.53,21.68,48500,0.0,0
2005-06-09,21.67,22.02,21.55,21.91,81000,0.0,0
2005-06-10,21.89,21.99,21.8,21.89,30400,0.0,0
2005-06-13,21.83,22.02,21.78,21.98,85700,0.0,0
2005-06-14,21.96,22.51,21.94,22.48,172400,0.0,0
2005-06-15,22.48,22.82,22.39,22.82,74600,0.0,0
2005-06-16,22.79,23.18,22.69,23.16,85900,0.0,0
2005-06-17,23.23,23.67,23.21,23.64,200400,0.0,0
2005-06-20,23.62,23.93,23.58,23.81,172300,0.0,0
2005-06-21,23.81,24.07,23.8,24.0,135200,0.0,0
2005-06-22,24.0,24.0,23.34,23.61,427200,0.0,0
2005-06-23,23.63,23.8,23.49,23.52,103100,0.0,0
2005-06-24,23.57,23.58,22.72,22.77,175700,0.0,0
2005-06-27,22.74,22.84,22.62,22.82,110400,0.0,0
2005-06-28,22.84,23.39,22.84,23.28,79000,0.0,0
2005-06-29,23.28,23.28,23.08,23.28,69500,0.0,0
2005-06-30,23.27,23.5,23.26,23.5,71800,0.0,0
2005-07-01,23.46,23.52,23.35,23.52,62900,0.0,0
2005-07-05,23.46,24.23,23.45,24.19,137100,0.0,0
2005-07-06,24.16,24.39,24.16,24.29,89700,0.0,0
2005-07-07,24.16,24.48,24.16,24.34,83000,0.0,0
2005-07-08,24.29,24.65,24.29,24.57,91400,0.0,0
2005-07-11,24.78,25.23,24.63,24.94,94700,0.0,0
2005-07-12,24.91,24.94,24.69,24.91,108300,0.0,0
2005-07-13,24.99,24.99,24.5,24.59,67000,0.0,0
2005-07-14,24.77,24.79,24.08,24.21,362100,0.0,0
2005-07-15,24.26,24.5,24.17,24.28,97700,0.585,0
2005-07-18,24.31,24.41,24.03,24.26,93600,0.0,0
2005-07-19,24.36,24.47,24.26,24.42,58700,0.0,0
2005-07-20,24.41,24.57,24.17,24.57,77600,0.0,0
2005-07-21,24.5,24.74,24.26,24.34,63100,0.0,0
2005-07-22,24.39,24.52,24.32,24.52,87000,0.0,0
2005-07-25,24.63,24.75,24.48,24.63,100800,0.0,0
2005-07-26,24.63,25.1,24.62,24.99,73700,0.0,0
2005-07-27,24.99,25.04,24.76,24.91,139500,0.0,0
2005-07-28,24.98,25.34,24.95,25.24,122300,0.0,0
2005-07-29,25.24,25.36,25.11,25.23,66800,0.0,0
2005-08-01,25.22,25.28,25.05,25.27,61400,0.0,0
2005-08-02,25.21,25.33,25.02,25.26,111300,0.0,0
2005-08-03,25.18,25.33,25.1,25.19,47400,0.0,0
2005-08-04,25.15,25.16,24.41,24.41,135400,0.0,0
2005-08-05,24.31,24.31,23.06,23.3,178100,0.0,0
2005-08-08,23.16,23.2,22.3,22.49,134400,0.0,0
2005-08-09,22.5,22.8,22.28,22.58,123700,0.0,0
2005-08-10,22.71,23.26,22.67,22.81,120600,0.0,0
2005-08-11,22.85,23.1,22.77,23.03,103900,0.0,0
2005-08-12,23.16,23.41,22.73,23.31,111200,0.0,0
2005-08-15,23.37,23.8,23.21,23.59,74300,0.0,0
2005-08-16,23.68,23.71,23.54,23.54,50000,0.0,0
2005-08-17,23.52,23.6,23.31,23.45,47400,0.0,0
2005-08-18,23.37,23.45,23.14,23.34,63500,0.0,0
2005-08-19,23.29,23.51,23.21,23.37,62500,0.0,0
2005-08-22,23.51,23.58,23.41,23.49,73600,0.0,0
2005-08-23,23.44,23.44,22.81,22.81,243100,0.0,0
2005-08-24,22.9,23.11,22.83,22.86,121100,0.0,0
2005-08-25,22.83,23.05,22.79,22.94,57600,0.0,0
2005-08-26,22.95,23.04,22.79,22.95,91000,0.0,0
2005-08-29,22.84,23.01,22.72,22.89,71900,0.0,0
2005-08-30,22.96,22.97,22.79,22.88,67000,0.0,0
2005-08-31,22.91,23.47,22.8,23.47,177500,0.0,0
2005-09-01,23.58,23.91,23.4,23.73,116600,0.0,0
2005-09-02,23.79,24.17,23.79,24.02,126400,0.0,0
2005-09-06,24.1,24.83,24.03,24.55,103100,0.0,0
2005-09-07,24.57,24.86,24.44,24.63,86800,0.0,0
2005-09-08,24.57,24.76,24.27,24.47,90700,0.0,0
2005-09-09,24.47,24.75,24.46,24.67,56800,0.0,0
2005-09-12,24.72,24.99,24.68,24.94,77000,0.0,0
2005-09-13,24.94,25.1,24.86,24.89,112200,0.0,0
2005-09-14,24.94,24.99,24.68,24.84,74400,0.0,0
2005-09-15,24.82,24.9,24.69,24.81,161500,0.0,0
2005-09-16,24.91,24.94,24.66,24.73,139800,0.0,0
2005-09-19,24.73,24.73,24.26,24.35,49600,0.0,0
2005-09-20,24.4,24.55,24.1,24.15,63400,0.0,0
2005-09-21,24.09,24.16,23.77,24.02,74800,0.0,0
2005-09-22,24.08,24.27,24.01,24.14,176900,0.0,0
2005-09-23,24.21,24.31,24.02,24.16,94200,0.0,0
2005-09-26,24.23,24.57,24.23,24.44,52200,0.0,0
2005-09-27,24.47,24.52,24.19,24.43,82800,0.0,0
2005-09-28,24.43,24.43,24.1,24.19,68800,0.0,0
2005-09-29,24.21,24.33,24.05,24.28,95000,0.0,0
2005-09-30,24.32,24.46,24.26,24.37,107200,0.0,0
2005-10-03,24.42,24.68,24.32,24.68,69900,0.0,0
2005-10-04,24.61,24.84,24.52,24.52,66800,0.0,0
2005-10-05,24.45,24.45,23.64,23.64,77400,0.0,0
2005-10-06,23.68,24.1,23.54,23.85,100400,0.0,0
2005-10-07,23.81,23.93,23.54,23.8,53500,0.0,0
2005-10-10,24.3,24.3,23.55,23.62,79400,0.0,0
2005-10-11,23.68,23.77,22.96,22.96,82700,0.0,0
2005-10-12,22.89,22.99,22.56,22.95,154100,0.0,0
2005-10-13,22.88,23.11,22.66,22.93,72800,0.0,0
2005-10-14,23.16,23.51,22.93,23.51,92700,0.0,0
2005-10-17,23.76,23.78,23.31,23.68,177400,0.595,0
2005-10-18,23.7,23.79,23.39,23.39,67300,0.0,0
2005-10-19,23.37,23.98,23.08,23.95,125900,0.0,0
2005-10-20,23.95,23.95,23.28,23.28,67300,0.0,0
2005-10-21,23.29,23.63,23.29,23.59,65600,0.0,0
2005-10-24,23.58,24.39,23.58,24.39,78200,0.0,0
2005-10-25,24.43,24.43,24.03,24.28,66800,0.0,0
2005-10-26,24.28,24.6,24.21,24.43,153400,0.0,0
2005-10-27,24.43,24.53,24.09,24.09,128300,0.0,0
2005-10-28,24.43,24.62,24.22,24.48,93100,0.0,0
2005-10-31,24.41,24.89,24.41,24.77,63600,0.0,0
2005-11-01,24.72,24.8,24.42,24.76,118900,0.0,0
2005-11-02,24.88,25.17,24.74,25.17,114500,0.0,0
2005-11-03,25.25,25.49,24.93,24.94,102800,0.0,0
2005-11-04,24.96,25.09,24.64,24.78,101500,0.0,0
2005-11-07,24.88,25.1,24.61,24.95,57100,0.0,0
2005-11-08,24.69,25.07,24.6,24.98,116700,0.0,0
2005-11-09,24.98,25.87,24.98,25.78,156200,0.0,0
2005-11-10,25.78,25.99,25.51,25.95,150400,0.0,0
2005-11-11,25.79,26.02,25.72,26.01,99900,0.0,0
2005-11-14,25.81,25.83,24.99,25.36,213900,0.0,0
2005-11-15,25.41,25.58,25.17,25.29,56800,0.0,0
2005-11-16,25.36,25.39,25.14,25.38,84800,0.0,0
2005-11-17,25.44,26.05,25.4,26.01,76400,0.0,0
2005-11-18,26.15,26.15,25.81,25.95,75200,0.0,0
2005-11-21,25.95,26.0,25.68,25.79,67600,0.0,0
2005-11-22,25.74,25.85,25.73,25.77,49800,0.0,0
2005-11-23,25.71,25.82,25.7,25.81,61900,0.0,0
2005-11-25,25.75,25.84,25.72,25.75,16400,0.0,0
2005-11-28,25.73,25.79,25.23,25.23,99400,0.0,0
2005-11-29,25.36,25.64,25.31,25.54,271900,0.0,0
2005-11-30,25.53,25.89,25.53,25.79,154100,0.0,0
2005-12-01,25.88,26.23,25.85,26.22,124400,0.0,0
2005-12-02,26.15,26.34,25.96,26.33,84500,0.0,0
2005-12-05,26.39,26.39,26.12,26.15,111900,0.0,0
2005-12-06,26.65,26.65,26.09,26.09,42400,0.0,0
2005-12-07,26.13,26.13,25.75,25.89,47900,0.0,0
2005-12-08,25.89,25.96,25.58,25.78,92900,0.0,0
2005-12-09,25.83,26.31,25.83,26.26,101900,0.0,0
2005-12-12,26.34,26.34,25.93,26.03,68100,0.0,0
2005-12-13,26.02,26.21,25.93,26.17,45900,0.0,0
2005-12-14,26.18,26.41,26.09,26.31,65100,0.0,0
2005-12-15,26.28,26.48,26.06,26.15,59400,0.0,0
2005-12-16,26.23,26.53,26.21,26.53,149100,0.0,0
2005-12-19,26.02,26.47,25.68,25.7,51800,0.0,0
2005-12-20,25.67,25.8,25.36,25.47,288200,0.0,0
2005-12-21,25.99,26.28,25.75,26.0,123000,0.0,0
2005-12-22,25.99,26.28,25.79,26.24,57200,0.0,0
2005-12-23,26.27,26.52,26.27,26.48,45200,0.0,0
2005-12-27,26.43,26.55,26.11,26.15,56500,0.0,0
2005-12-28,26.18,26.26,25.83,26.0,36100,0.0,0
2005-12-29,26.05,26.24,25.89,26.15,60200,0.0,0
2005-12-30,26.02,26.02,25.62,25.75,73200,0.0,0
2006-01-03,25.89,26.61,25.56,26.55,87300,0.0,0
2006-01-04,26.55,26.55,26.25,26.25,58700,0.0,0
2006-01-05,26.21,26.55,26.2,26.5,81300,0.0,0
2006-01-06,27.0,27.0,26.39,26.77,87700,0.0,0
2006-01-09,26.79,26.98,26.67,26.82,69000,0.0,0
2006-01-10,26.68,27.35,26.68,27.21,78200,0.0,0
2006-01-11,27.21,27.21,26.56,26.86,83400,0.0,0
2006-01-12,26.86,26.92,26.56,26.73,145300,0.0,0
2006-01-13,26.76,26.94,26.58,26.94,51300,0.0,0
2006-01-17,26.87,26.87,26.4,26.69,84300,0.0,0
2006-01-18,26.7,26.76,26.4,26.52,246800,0.595,0
2006-01-19,26.55,26.76,26.53,26.68,79500,0.0,0
2006-01-20,26.84,26.88,26.61,26.86,104500,0.0,0
2006-01-23,26.86,27.0,26.68,26.74,78600,0.0,0
2006-01-24,26.84,26.94,26.72,26.88,215500,0.0,0
2006-01-25,26.87,27.07,26.81,27.0,154500,0.0,0
2006-01-26,27.13,27.2,26.97,27.2,139100,0.0,0
2006-01-27,27.19,27.35,27.12,27.31,104900,0.0,0
2006-01-30,27.36,27.46,27.19,27.35,168800,0.0,0
2006-01-31,27.3,27.48,27.22,27.43,182600,0.0,0
2006-02-01,27.43,27.84,27.32,27.59,90600,0.0,0
2006-02-02,27.57,27.91,27.57,27.74,172400,0.0,0
2006-02-03,27.66,28.27,27.5,27.97,180200,0.0,0
2006-02-06,27.99,28.01,27.39,27.97,246400,0.0,0
2006-02-07,27.86,28.03,27.62,27.69,183600,0.0,0
2006-02-08,27.67,27.84,27.45,27.81,90800,0.0,0
2006-02-09,27.84,28.13,27.76,27.95,133400,0.0,0
2006-02-10,27.44,28.21,27.44,28.16,109100,0.0,0
2006-02-13,28.1,28.23,28.0,28.1,65100,0.0,0
2006-02-14,28.21,28.57,28.14,28.41,92100,0.0,0
2006-02-15,28.35,28.75,28.27,28.75,73200,0.0,0
2006-02-16,29.26,29.26,28.59,28.9,137100,0.0,0
2006-02-17,28.39,29.23,28.39,29.2,110900,0.0,0
2006-02-21,29.2,29.25,28.99,29.2,192600,0.0,0
2006-02-22,29.18,29.89,29.03,29.74,123100,0.0,0
2006-02-23,29.5,30.03,29.39,29.84,92300,0.0,0
2006-02-24,29.77,29.77,29.37,29.44,102200,0.0,0
2006-02-27,29.41,29.5,29.29,29.37,50700,0.0,0
2006-02-28,29.26,29.29,28.7,29.18,112200,0.0,0
2006-03-01,29.17,29.21,28.87,29.18,114900,0.0,0
2006-03-02,29.07,29.14,28.74,29.09,88800,0.0,0
2006-03-03,28.96,29.15,28.9,28.93,95300,0.0,0
2006-03-06,28.42,29.55,28.42,29.52,95600,0.0,0
2006-03-07,29.01,29.71,29.01,29.68,149600,0.0,0
2006-03-08,29.6,30.04,29.29,29.88,82600,0.0,0
2006-03-09,29.9,30.23,29.66,29.8,122400,0.0,0
2006-03-10,29.8,30.01,29.73,30.01,137800,0.0,0
2006-03-13,30.01,30.09,29.79,29.87,96800,0.0,0
2006-03-14,29.87,30.42,29.83,30.42,105600,0.0,0
2006-03-15,30.36,31.12,30.36,31.04,154900,0.0,0
2006-03-16,31.06,31.57,31.06,31.4,146900,0.0,0
2006-03-17,31.4,31.4,30.89,31.19,329800,0.0,0
2006-03-20,31.06,31.07,30.35,30.93,130500,0.0,0
2006-03-21,30.91,30.93,30.21,30.28,68800,0.0,0
2006-03-22,30.2,30.55,29.97,30.5,101300,0.0,0
2006-03-23,30.44,30.51,30.26,30.36,85100,0.0,0
2006-03-24,30.36,30.43,30.24,30.33,71100,0.0,0
2006-03-27,30.28,30.29,30.09,30.12,39900,0.0,0
2006-03-28,30.1,30.35,30.08,30.23,72400,0.0,0
2006-03-29,30.74,30.76,30.28,30.74,88300,0.0,0
2006-03-30,30.72,30.74,30.03,30.09,55200,0.0,0
2006-03-31,30.04,30.07,28.95,29.42,167600,0.0,0
2006-04-03,29.42,29.43,28.1,28.41,206100,0.0,0
2006-04-04,28.39,28.7,28.15,28.42,129500,0.0,0
2006-04-05,28.51,28.75,28.37,28.6,123000,0.0,0
2006-04-06,28.48,28.51,28.04,28.27,201600,0.0,0
2006-04-07,28.19,28.31,27.49,27.52,116300,0.0,0
2006-04-10,27.94,28.21,27.78,28.05,384900,0.0,0
2006-04-11,28.06,28.28,27.99,28.02,189000,0.0,0
2006-04-12,27.51,28.37,27.51,28.2,323800,0.0,0
2006-04-13,28.17,28.17,27.71,27.93,136300,0.0,0
2006-04-17,27.92,27.92,27.3,27.41,117600,0.0,0
2006-04-18,27.53,28.18,27.53,27.92,97000,0.595,0
2006-04-19,29.47,29.58,28.79,29.52,443200,0.0,0
2006-04-20,29.52,29.68,29.19,29.51,113300,0.0,0
2006-04-21,29.78,29.78,29.26,29.36,144600,0.0,0
2006-04-24,29.41,29.41,28.74,28.78,177600,0.0,0
2006-04-25,28.79,28.79,28.1,28.46,307700,0.0,0
2006-04-26,28.54,28.54,28.14,28.35,332600,0.0,0
2006-04-27,28.22,29.14,28.12,28.74,226300,0.0,0
2006-04-28,28.22,29.19,28.22,28.82,198300,0.0,0
2006-05-01,28.95,29.07,28.6,28.67,118600,0.0,0
2006-05-02,28.76,28.98,28.53,28.98,160600,0.0,0
2006-05-03,29.22,29.35,28.97,29.07,181500,0.0,0
2006-05-04,29.07,29.69,29.07,29.64,77200,0.0,0
2006-05-05,29.9,29.96,29.22,29.28,166100,0.0,0
2006-05-08,29.27,29.27,28.96,29.12,129100,0.0,0
2006-05-09,28.99,29.65,28.82,29.65,337200,0.0,0
2006-05-10,29.74,29.75,29.15,29.19,72400,0.0,0
2006-05-11,29.16,29.22,28.39,28.4,154700,0.0,0
2006-05-12,28.4,28.4,27.74,27.78,87800,0.0,0
2006-05-15,27.65,28.54,27.27,28.46,122200,0.0,0
2006-05-16,28.38,28.78,28.33,28.41,123600,0.0,0
2006-05-17,28.11,28.34,28.0,28.12,128100,0.0,0
2006-05-18,28.21,28.63,27.85,27.88,110200,0.0,0
2006-05-19,27.75,28.27,27.47,27.92,98800,0.0,0
2006-05-22,27.92,28.11,27.62,28.03,152100,0.0,0
2006-05-23,28.38,28.49,27.38,27.38,101900,0.0,0
2006-05-24,27.29,27.46,26.82,27.29,105700,0.0,0
2006-05-25,27.51,28.08,27.48,28.08,94600,0.0,0
2006-05-26,28.22,28.52,28.0,28.18,58300,0.0,0
2006-05-30,28.04,28.12,27.46,27.68,131400,0.0,0
2006-05-31,27.61,27.86,27.21,27.46,152700,0.0,0
2006-06-01,27.51,28.49,27.51,28.49,393600,0.0,0
2006-06-02,28.82,29.36,28.76,29.32,226100,0.0,0
2006-06-05,29.24,29.85,29.24,29.35,185000,0.0,0
2006-06-06,29.49,29.74,29.23,29.48,143500,0.0,0
2006-06-07,29.5,29.92,29.31,29.48,169900,0.0,0
2006-06-08,29.39,30.0,29.32,29.8,146400,0.0,0
2006-06-09,29.82,30.36,29.8,30.13,165800,0.0,0
2006-06-12,30.04,30.05,29.4,29.4,133700,0.0,0
2006-06-13,29.37,29.85,29.25,29.25,129100,0.0,0
2006-06-14,29.2,29.4,28.97,29.14,155400,0.0,0
2006-06-15,29.25,30.3,29.25,30.26,169600,0.0,0
2006-06-16,30.13,30.16,29.58,29.74,379100,0.0,0
2006-06-19,29.85,29.85,29.25,29.66,122500,0.0,0
2006-06-20,29.84,29.86,29.06,29.21,133000,0.0,0
2006-06-21,29.2,29.58,29.17,29.36,122100,0.0,0
2006-06-22,29.36,29.61,29.07,29.51,116500,0.0,0
2006-06-23,29.49,29.58,29.21,29.3,81700,0.0,0
2006-06-26,29.44,29.5,29.15,29.39,166600,0.0,0
2006-06-27,29.47,29.62,29.31,29.44,122400,0.0,0
2006-06-28,29.41,29.9,29.36,29.89,122800,0.0,0
2006-06-29,29.9,30.39,29.74,30.39,217300,0.0,0
2006-06-30,30.39,30.67,30.15,30.31,309400,0.0,0
2006-07-03,30.33,30.94,30.24,30.94,68600,0.0,0
2006-07-05,30.75,31.04,30.31,30.83,125200,0.0,0
2006-07-06,30.83,30.99,30.67,30.83,81700,0.0,0
2006-07-07,30.69,30.83,30.18,30.26,93800,0.0,0
2006-07-10,30.26,30.45,29.93,30.36,178700,0.0,0
2006-07-11,30.23,30.6,30.05,30.53,234300,0.0,0
2006-07-12,30.48,30.5,30.28,30.4,120300,0.0,0
2006-07-13,30.61,30.77,30.09,30.14,170000,0.0,0
2006-07-14,30.14,30.23,29.61,29.83,99000,0.0,0
2006-07-17,29.69,30.03,29.69,29.89,133400,0.0,0
2006-07-18,30.01,30.35,29.86,30.26,195200,0.595,0
2006-07-19,30.34,31.11,30.32,31.06,213100,0.0,0
2006-07-20,31.07,31.22,30.35,30.35,129900,0.0,0
2006-07-21,30.15,30.28,29.63,30.15,209800,0.0,0
2006-07-24,30.24,30.81,30.19,30.74,280000,0.0,0
2006-07-25,30.67,31.28,30.64,31.18,186600,0.0,0
2006-07-26,31.04,31.17,30.88,30.97,128800,0.0,0
2006-07-27,31.11,31.17,30.7,30.89,117400,0.0,0
2006-07-28,30.96,31.72,30.96,31.64,151100,0.0,0
2006-07-31,31.4,31.5,31.02,31.4,112100,0.0,0
2006-08-01,31.29,31.49,30.95,31.28,93200,0.0,0
2006-08-02,31.39,31.83,31.39,31.68,131200,0.0,0
2006-08-03,31.55,32.14,31.55,32.07,121400,0.0,0
2006-08-04,31.55,31.76,30.89,31.51,352300,0.0,0
2006-08-07,31.36,31.68,31.22,31.5,149500,0.0,0
2006-08-08,31.5,31.83,31.34,31.5,285700,0.0,0
2006-08-09,31.56,31.88,31.36,31.57,231500,0.0,0
2006-08-10,31.19,31.98,31.19,31.62,156900,0.0,0
2006-08-11,31.31,31.55,31.31,31.46,196200,0.0,0
2006-08-14,31.21,32.11,31.21,31.72,136100,0.0,0
2006-08-15,31.78,32.03,31.46,31.69,111700,0.0,0
2006-08-16,31.61,31.85,31.61,31.73,86100,0.0,0
2006-08-17,32.07,33.08,32.02,32.56,402500,0.0,0
2006-08-18,32.65,32.7,32.07,32.5,191000,0.0,0
2006-08-21,32.41,32.68,32.29,32.59,250400,0.0,0
2006-08-22,32.48,32.92,32.18,32.81,2301200,0.0,0
2006-08-23,32.81,32.95,32.54,32.64,326500,0.0,0
2006-08-24,32.64,32.72,32.34,32.61,206500,0.0,0
2006-08-25,32.51,32.74,32.42,32.68,170300,0.0,0
2006-08-28,32.57,32.98,32.56,32.88,239300,0.0,0
2006-08-29,32.89,33.01,32.71,32.98,177900,0.0,0
2006-08-30,33.03,33.31,32.89,33.27,154200,0.0,0
2006-08-31,33.27,33.41,33.17,33.2,131300,0.0,0
2006-09-01,33.25,33.56,33.25,33.29,152300,0.0,0
2006-09-05,33.31,33.62,33.31,33.61,92900,0.0,0
2006-09-06,33.47,33.49,33.14,33.16,237400,0.0,0
2006-09-07,33.02,33.19,32.75,32.84,209100,0.0,0
2006-09-08,32.98,33.01,32.76,32.95,208600,0.0,0
2006-09-11,32.9,33.21,32.76,33.06,120500,0.0,0
2006-09-12,32.99,33.71,32.9,33.64,140800,0.0,0
2006-09-13,33.58,33.75,33.5,33.66,131200,0.0,0
2006-09-14,33.72,33.75,33.45,33.75,168800,0.0,0
2006-09-15,33.93,34.09,33.49,33.66,349000,0.0,0
2006-09-18,33.55,33.71,33.23,33.51,162600,0.0,0
2006-09-19,33.46,33.71,33.15,33.47,131800,0.0,0
2006-09-20,33.52,34.0,33.44,33.57,140600,0.0,0
2006-09-21,33.5,33.58,33.1,33.3,162900,0.0,0
2006-09-22,33.19,33.26,32.92,33.25,205600,0.0,0
2006-09-25,33.36,33.36,32.84,33.19,200300,0.0,0
2006-09-26,33.19,33.52,32.99,33.47,324600,0.0,0
2006-09-27,33.34,34.07,33.33,33.91,228500,0.0,0
2006-09-28,33.96,34.12,33.69,34.12,276900,0.0,0
2006-09-29,34.12,34.21,33.65,33.65,270900,0.0,0
2006-10-02,33.56,33.83,33.12,33.51,131400,0.0,0
2006-10-03,33.49,33.79,33.39,33.62,176700,0.0,0
2006-10-04,33.51,34.35,33.51,34.24,229700,0.0,0
2006-10-05,34.13,35.2,34.13,35.09,223300,0.0,0
2006-10-06,34.66,35.3,34.63,34.78,163000,0.0,0
2006-10-09,34.55,35.19,34.4,35.15,116900,0.0,0
2006-10-10,35.1,35.38,34.79,35.1,87300,0.0,0
2006-10-11,34.99,35.22,34.46,34.76,105500,0.0,0
2006-10-12,35.1,35.29,34.85,35.28,119200,0.0,0
2006-10-13,35.37,35.91,35.33,35.87,67000,0.0,0
2006-10-16,35.78,36.27,35.78,36.17,88600,0.0,0
2006-10-17,35.98,36.16,35.83,36.0,93400,0.0,0
2006-10-18,35.86,36.05,35.61,35.77,138500,0.595,0
2006-10-19,35.63,35.94,35.45,35.66,104600,0.0,0
2006-10-20,35.78,35.78,35.3,35.46,85100,0.0,0
2006-10-23,35.35,35.84,35.28,35.78,99800,0.0,0
2006-10-24,35.74,35.86,35.43,35.5,69200,0.0,0
2006-10-25,35.36,35.72,35.21,35.5,122300,0.0,0
2006-10-26,35.64,36.16,35.5,35.97,146100,0.0,0
2006-10-27,35.89,35.91,35.3,35.35,166700,0.0,0
2006-10-30,35.11,35.61,35.1,35.44,165800,0.0,0
2006-10-31,35.53,35.53,35.02,35.31,127000,0.0,0
2006-11-01,35.42,35.51,34.47,34.51,173600,0.0,0
2006-11-02,34.11,34.28,33.6,33.82,192100,0.0,0
2006-11-03,33.88,33.96,33.01,33.33,188600,0.0,0
2006-11-06,33.42,33.83,33.42,33.81,84100,0.0,0
2006-11-07,33.73,33.81,33.23,33.23,90200,0.0,0
2006-11-08,33.06,33.45,32.89,33.42,86600,0.0,0
2006-11-09,33.39,33.39,32.99,33.2,72700,0.0,0
2006-11-10,33.13,33.42,32.83,33.4,87500,0.0,0
2006-11-13,33.34,33.54,33.23,33.53,122800,0.0,0
2006-11-14,33.56,34.1,33.53,34.08,140500,0.0,0
2006-11-15,34.21,34.28,33.78,33.78,91000,0.0,0
2006-11-16,33.92,34.16,33.78,34.16,68100,0.0,0
2006-11-17,34.15,34.18,33.56,33.61,80900,0.0,0
2006-11-20,33.64,34.44,33.59,34.1,194700,0.0,0
2006-11-21,34.06,34.66,33.91,34.61,236100,0.0,0
2006-11-22,34.64,34.72,33.9,34.29,120700,0.0,0
2006-11-24,34.15,34.5,34.09,34.46,63400,0.0,0
2006-11-27,34.4,34.4,33.02,33.06,170500,0.0,0
2006-11-28,33.06,33.25,32.47,32.87,183800,0.0,0
2006-11-29,33.0,33.28,32.76,33.15,104100,0.0,0
2006-11-30,33.06,33.31,32.62,33.28,208800,0.0,0
2006-12-01,33.31,33.44,32.84,33.25,153200,0.0,0
2006-12-04,33.34,33.5,33.23,33.45,274700,0.0,0
2006-12-05,33.56,33.86,33.25,33.39,199300,0.0,0
2006-12-06,33.25,33.55,33.05,33.34,122900,0.0,0
2006-12-07,33.38,33.5,33.13,33.2,82000,0.0,0
2006-12-08,33.07,33.5,32.9,33.23,92600,0.0,0
2006-12-11,33.3,33.41,33.17,33.29,77600,0.0,0
2006-12-12,33.23,33.49,32.89,33.23,92500,0.0,0
2006-12-13,33.42,33.51,32.69,33.1,72100,0.0,0
2006-12-14,33.21,33.38,32.7,32.82,118200,0.0,0
2006-12-15,32.82,33.05,32.54,32.62,230000,0.0,0
2006-12-18,32.64,33.12,31.89,32.09,82800,0.0,0
2006-12-19,31.9,31.97,31.29,31.76,225900,0.0,0
2006-12-20,31.75,32.13,31.66,31.89,203900,0.0,0
2006-12-21,31.87,32.26,31.63,31.65,102200,0.0,0
2006-12-22,31.67,31.69,31.25,31.63,83200,0.0,0
2006-12-26,31.56,32.01,31.16,31.49,101900,0.0,0
2006-12-27,31.53,31.81,31.06,31.21,221100,0.0,0
2006-12-28,31.24,31.68,31.24,31.26,224000,0.0,0
2006-12-29,31.26,31.87,31.26,31.75,166900,0.0,0
2007-01-03,31.75,31.81,30.95,31.4,230000,0.0,0
2007-01-04,31.4,31.68,31.22,31.51,210100,0.0,0
2007-01-05,31.01,31.5,30.92,31.05,140700,0.0,0
2007-01-08,30.98,31.38,30.8,31.31,141300,0.0,0
2007-01-09,31.37,31.81,31.3,31.77,148700,0.0,0
2007-01-10,31.8,32.1,31.53,32.06,118600,0.605,0
2007-01-11,32.19,33.14,32.13,32.49,155000,0.0,0
2007-01-12,31.96,33.02,31.56,32.75,126900,0.0,0
2007-01-16,32.93,33.29,32.93,33.23,164600,0.0,0
2007-01-17,33.23,33.56,32.95,33.26,163300,0.0,0
2007-01-18,33.28,33.55,32.94,33.14,86600,0.0,0
2007-01-19,33.24,33.74,32.89,33.63,219100,0.0,0
2007-01-22,33.55,33.67,33.22,33.34,138500,0.0,0
2007-01-23,33.3,33.66,33.3,33.47,215300,0.0,0
2007-01-24,33.55,33.88,33.46,33.64,170800,0.0,0
2007-01-25,33.64,33.91,33.53,33.84,168600,0.0,0
2007-01-26,33.58,33.77,33.25,33.49,357700,0.0,0
2007-01-29,32.98,33.79,32.98,33.64,270400,0.0,0
2007-01-30,33.67,33.84,33.45,33.77,291000,0.0,0
2007-01-31,33.68,34.03,33.35,33.7,164700,0.0,0
2007-02-01,33.72,33.77,33.31,33.7,306600,0.0,0
2007-02-02,33.57,33.75,33.1,33.41,376000,0.0,0
2007-02-05,33.31,33.54,33.1,33.41,188700,0.0,0
2007-02-06,33.39,33.64,32.97,33.64,223300,0.0,0
2007-02-07,33.55,33.96,33.31,33.91,174600,0.0,0
2007-02-08,33.84,34.05,33.5,33.69,206600,0.0,0
2007-02-09,33.65,33.79,32.94,33.53,422100,0.0,0
2007-02-12,33.44,33.44,32.8,33.21,169600,0.0,0
2007-02-13,33.07,33.55,32.87,33.47,119900,0.0,0
2007-02-14,33.47,33.77,33.27,33.41,162900,0.0,0
2007-02-15,33.42,33.59,33.14,33.43,154600,0.0,0
2007-02-16,33.42,33.42,32.87,33.12,226000,0.0,0
2007-02-20,33.0,33.68,32.72,33.55,251700,0.0,0
2007-02-21,33.41,33.42,33.08,33.29,114900,0.0,0
2007-02-22,33.29,33.36,32.89,33.09,278700,0.0,0
2007-02-23,33.03,33.08,32.63,32.73,121500,0.0,0
2007-02-26,32.8,32.8,31.65,32.38,141500,0.0,0
2007-02-27,31.55,32.12,31.01,31.11,233000,0.0,0
2007-02-28,31.07,31.29,30.3,30.96,423500,0.0,0
2007-03-01,30.5,31.15,29.75,30.81,222700,0.0,0
2007-03-02,30.69,30.69,30.07,30.1,189000,0.0,0
2007-03-05,29.15,30.0,28.98,29.03,296300,0.0,0
2007-03-06,29.15,30.12,29.1,29.86,340700,0.0,0
2007-03-07,29.89,29.93,29.29,29.31,248300,0.0,0
2007-03-08,29.57,30.2,29.57,29.76,248600,0.0,0
2007-03-09,29.89,30.17,29.67,29.97,104200,0.0,0
2007-03-12,29.94,30.44,29.61,30.21,185000,0.0,0
2007-03-13,30.41,30.64,29.77,29.92,452400,0.0,0
2007-03-14,29.91,30.71,29.76,30.62,383600,0.0,0
2007-03-15,30.6,30.95,30.53,30.95,129600,0.0,0
2007-03-16,31.02,31.06,30.55,30.72,257700,0.0,0
2007-03-19,30.92,31.38,30.91,31.09,124500,0.0,0
2007-03-20,31.39,31.68,31.17,31.61,183500,0.0,0
2007-03-21,31.55,32.52,31.37,32.06,154600,0.0,0
2007-03-22,32.12,32.6,31.74,32.3,134900,0.0,0
2007-03-23,32.2,32.34,31.96,32.06,60500,0.0,0
2007-03-26,31.96,32.33,31.57,31.78,106400,0.0,0
2007-03-27,31.68,31.68,31.09,31.45,136500,0.0,0
2007-03-28,31.38,31.76,30.96,31.38,322800,0.0,0
2007-03-29,31.56,31.65,31.19,31.42,138200,0.0,0
2007-03-30,31.54,32.15,31.11,31.54,310000,0.0,0
2007-04-02,31.54,31.89,31.36,31.85,155700,0.0,0
2007-04-03,31.93,32.19,31.78,32.15,171800,0.0,0
2007-04-04,32.1,32.3,31.92,32.3,149200,0.0,0
2007-04-05,32.24,32.39,32.12,32.2,137100,0.0,0
2007-04-09,32.12,32.13,31.89,31.92,107100,0.0,0
2007-04-10,31.97,32.57,31.97,32.15,161000,0.0,0
2007-04-11,32.26,32.26,31.53,31.8,187200,0.605,0
2007-04-12,31.7,31.7,31.2,31.5,155600,0.0,0
2007-04-13,31.47,31.84,31.36,31.83,340800,0.0,0
2007-04-16,31.96,32.6,31.55,31.83,118800,0.0,0
2007-04-17,31.79,32.14,31.72,31.95,93700,0.0,0
2007-04-18,31.81,31.87,31.26,31.5,204700,0.0,0
2007-04-19,31.3,31.45,31.08,31.26,94700,0.0,0
2007-04-20,31.78,32.49,31.12,31.65,194100,0.0,0
2007-04-23,31.67,32.18,31.67,31.97,107100,0.0,0
2007-04-24,32.0,32.11,31.49,31.64,101000,0.0,0
2007-04-25,31.8,31.87,31.45,31.69,99900,0.0,0
2007-04-26,31.62,31.86,31.37,31.74,87100,0.0,0
2007-04-27,31.6,31.87,31.41,31.77,181900,0.0,0
2007-04-30,31.76,31.81,30.49,30.57,182700,0.0,0
2007-05-01,30.68,30.68,29.94,30.22,112500,0.0,0
2007-05-02,30.15,30.93,29.94,30.42,85800,0.0,0
2007-05-03,30.48,30.62,30.26,30.26,103400,0.0,0
2007-05-04,30.23,30.44,29.81,30.43,160500,0.0,0
2007-05-07,30.34,30.59,30.04,30.28,112000,0.0,0
2007-05-08,30.14,30.98,30.04,30.76,290600,0.0,0
2007-05-09,30.71,31.51,30.71,30.99,194300,0.0,0
2007-05-10,30.82,31.04,30.6,30.88,197100,0.0,0
2007-05-11,31.27,32.04,31.27,32.03,445900,0.0,0
2007-05-14,31.8,32.07,31.54,31.6,192500,0.0,0
2007-05-15,31.73,31.93,30.84,31.25,217900,0.0,0
2007-05-16,31.16,31.17,30.42,30.92,105200,0.0,0
2007-05-17,30.78,30.93,30.51,30.54,212300,0.0,0
2007-05-18,30.56,30.57,30.05,30.4,166900,0.0,0
2007-05-21,30.4,30.83,30.21,30.23,322000,0.0,0
2007-05-22,30.68,30.69,30.2,30.45,224400,0.0,0
2007-05-23,30.54,31.1,30.43,30.56,218700,0.0,0
2007-05-24,30.44,30.69,30.26,30.65,437100,0.0,0
2007-05-25,30.83,31.87,30.53,30.62,576500,0.0,0
2007-05-29,31.19,32.25,31.19,32.05,355200,0.0,0
2007-05-30,31.91,33.34,31.91,33.26,329800,0.0,0
2007-05-31,32.76,33.78,32.76,33.29,430100,0.0,0
2007-06-01,33.44,33.57,32.87,33.29,482200,0.0,0
2007-06-04,33.11,33.37,33.06,33.37,192600,0.0,0
2007-06-05,33.11,33.19,32.53,32.62,275900,0.0,0
2007-06-06,32.51,33.22,32.25,33.06,270100,0.0,0
2007-06-07,32.49,32.69,31.73,31.73,277000,0.0,0
2007-06-08,31.78,32.04,31.46,31.99,174800,0.0,0
2007-06-11,31.9,32.22,31.33,31.54,172000,0.0,0
2007-06-12,31.49,31.52,30.91,31.11,240300,0.0,0
2007-06-13,31.24,32.01,31.07,31.7,177700,0.0,0
2007-06-14,31.65,31.73,31.06,31.23,192100,0.0,0
2007-06-15,32.08,32.08,31.37,31.67,278100,0.0,0
2007-06-18,31.66,31.66,31.02,31.13,171200,0.0,0
2007-06-19,30.94,31.22,30.61,31.05,201500,0.0,0
2007-06-20,31.07,31.07,29.88,30.04,221700,0.0,0
2007-06-21,29.85,30.38,29.31,30.18,209300,0.0,0
2007-06-22,30.07,30.14,29.62,29.66,389700,0.0,0
2007-06-25,29.55,29.79,28.78,28.99,262700,0.0,0
2007-06-26,29.08,29.13,28.39,28.82,345500,0.0,0
2007-06-27,28.53,30.18,28.48,30.01,237000,0.0,0
2007-06-28,29.71,30.43,29.63,29.89,254000,0.0,0
2007-06-29,30.02,30.34,29.46,29.74,230800,0.0,0
2007-07-02,29.91,30.69,29.54,30.64,182300,0.0,0
2007-07-03,30.74,31.01,30.6,30.9,155900,0.0,0
2007-07-05,31.01,31.65,30.96,31.59,263200,0.0,0
2007-07-06,31.51,31.73,31.31,31.52,148900,0.0,0
2007-07-09,31.5,31.67,31.3,31.59,224000,0.0,0
2007-07-10,31.37,31.55,31.05,31.19,324300,0.0,0
2007-07-11,31.0,31.32,30.76,31.19,250000,0.0,0
2007-07-12,31.27,31.58,30.82,31.51,298700,0.605,0
2007-07-13,31.51,31.52,31.12,31.51,168800,0.0,0
2007-07-16,31.48,31.78,31.18,31.22,140300,0.0,0
2007-07-17,31.28,31.41,30.8,30.87,186500,0.0,0
2007-07-18,30.63,30.82,29.85,30.41,244100,0.0,0
2007-07-19,30.67,30.8,30.42,30.54,125900,0.0,0
2007-07-20,30.47,30.47,29.36,29.59,226300,0.0,0
2007-07-23,30.07,30.07,28.73,28.73,250100,0.0,0
2007-07-24,28.38,28.75,27.51,27.8,257600,0.0,0
2007-07-25,27.95,28.06,27.01,27.56,266300,0.0,0
2007-07-26,27.05,27.12,26.23,26.71,312900,0.0,0
2007-07-27,26.57,26.95,25.8,25.88,281100,0.0,0
2007-07-30,25.87,26.03,25.27,25.67,245000,0.0,0
2007-07-31,26.01,26.36,25.77,25.85,487100,0.0,0
2007-08-01,25.83,26.67,25.24,26.46,398400,0.0,0
2007-08-02,26.22,26.85,26.22,26.62,207200,0.0,0
2007-08-03,26.88,26.88,25.92,26.03,394900,0.0,0
2007-08-06,25.54,26.47,24.86,26.42,326700,0.0,0
2007-08-07,26.67,27.37,26.29,27.13,416600,0.0,0
2007-08-08,27.48,28.51,26.97,27.93,480700,0.0,0
2007-08-09,25.7,28.55,25.7,27.99,458800,0.0,0
2007-08-10,27.14,28.38,25.32,27.32,335700,0.0,0
2007-08-13,28.07,28.07,26.6,26.7,224700,0.0,0
2007-08-14,26.55,26.8,25.63,25.63,298600,0.0,0
2007-08-15,25.63,26.89,25.19,25.21,294600,0.0,0
2007-08-16,24.72,26.87,24.72,26.67,481800,0.0,0
2007-08-17,27.86,28.12,26.85,27.17,555300,0.0,0
2007-08-20,27.36,27.96,26.85,27.74,265400,0.0,0
2007-08-21,27.64,28.62,27.49,28.57,178200,0.0,0
2007-08-22,28.59,28.97,28.35,28.41,505700,0.0,0
2007-08-23,28.53,29.06,28.21,28.49,460500,0.0,0
2007-08-24,28.48,28.48,27.34,27.87,233500,0.0,0
2007-08-27,27.76,27.87,26.94,26.94,226500,0.0,0
2007-08-28,26.89,26.89,26.2,26.2,168300,0.0,0
2007-08-29,26.69,27.57,26.61,27.52,275900,0.0,0
2007-08-30,27.53,27.92,27.09,27.78,197700,0.0,0
2007-08-31,28.13,28.77,27.89,28.41,252900,0.0,0
2007-09-04,28.4,29.07,28.21,28.75,150900,0.0,0
2007-09-05,28.52,28.56,28.0,28.18,191400,0.0,0
2007-09-06,28.27,28.4,27.81,28.1,127100,0.0,0
2007-09-07,27.72,27.86,27.35,27.53,139600,0.0,0
2007-09-10,27.65,27.76,27.15,27.17,251700,0.0,0
2007-09-11,27.26,27.89,27.21,27.89,162100,0.0,0
2007-09-12,27.84,28.32,27.64,27.97,124200,0.0,0
2007-09-13,28.05,28.67,27.88,28.49,116400,0.0,0
2007-09-14,28.12,28.56,27.82,28.52,103200,0.0,0
2007-09-17,28.46,28.63,28.11,28.34,147000,0.0,0
2007-09-18,28.54,29.68,28.18,29.68,217500,0.0,0
2007-09-19,29.68,30.83,29.68,30.74,241500,0.0,0
2007-09-20,30.72,30.99,29.95,30.01,151000,0.0,0
2007-09-21,30.09,30.29,29.5,29.5,230500,0.0,0
2007-09-24,29.57,29.84,29.25,29.62,141100,0.0,0
2007-09-25,29.41,29.41,28.86,29.0,129200,0.0,0
2007-09-26,29.07,29.22,28.83,29.07,113300,0.0,0
2007-09-27,29.15,29.54,28.78,28.91,179800,0.0,0
2007-09-28,28.91,28.91,28.24,28.56,291200,0.0,0
2007-10-01,28.53,29.16,28.48,29.0,185800,0.0,0
2007-10-02,29.09,29.65,29.09,29.56,221800,0.0,0
2007-10-03,29.44,29.89,29.44,29.54,416000,0.0,0
2007-10-04,29.7,29.89,29.22,29.84,110700,0.0,0
2007-10-05,30.08,30.89,29.99,30.89,192500,0.0,0
2007-10-08,30.71,30.71,30.27,30.33,169700,0.0,0
2007-10-09,30.5,30.55,30.16,30.51,206300,0.0,0
2007-10-10,30.59,31.27,30.31,31.27,430500,0.0,0
2007-10-11,31.53,31.6,31.01,31.33,315900,0.605,0
2007-10-12,31.33,31.6,31.23,31.45,280300,0.0,0
2007-10-15,31.36,31.5,30.21,30.56,259500,0.0,0
2007-10-16,30.54,30.54,29.57,29.57,149100,0.0,0
2007-10-17,29.75,29.75,28.18,29.31,215500,0.0,0
2007-10-18,29.31,29.74,28.99,29.61,211700,0.0,0
2007-10-19,29.57,29.57,28.79,28.79,457500,0.0,0
2007-10-22,28.38,29.81,28.38,29.38,290800,0.0,0
2007-10-23,29.75,29.95,29.33,29.95,180800,0.0,0
2007-10-24,29.72,29.83,29.09,29.69,200200,0.0,0
2007-10-25,29.84,30.17,29.38,30.04,373500,0.0,0
2007-10-26,30.35,30.68,29.96,30.68,241000,0.0,0
2007-10-29,30.71,30.83,29.73,29.79,260100,0.0,0
2007-10-30,29.78,30.22,29.56,29.96,290600,0.0,0
2007-10-31,30.25,30.63,29.79,30.12,388500,0.0,0
2007-11-01,29.55,29.77,28.01,28.01,289200,0.0,0
2007-11-02,28.97,29.7,27.96,28.24,678800,0.0,0
2007-11-05,27.69,28.07,27.29,27.58,459800,0.0,0
2007-11-06,27.71,28.3,27.28,28.28,249200,0.0,0
2007-11-07,27.87,28.11,27.07,27.11,300000,0.0,0
2007-11-08,27.11,27.49,26.74,27.32,223500,0.0,0
2007-11-09,27.03,28.05,26.82,27.71,311600,0.0,0
2007-11-12,27.75,28.8,27.56,28.26,305800,0.0,0
2007-11-13,28.6,29.97,28.6,29.83,343400,0.0,0
2007-11-14,30.1,30.25,28.87,29.1,222600,0.0,0
2007-11-15,28.91,29.31,28.43,29.31,275400,0.0,0
2007-11-16,29.43,29.47,28.57,28.74,446300,0.0,0
2007-11-19,28.38,28.93,28.13,28.14,226200,0.0,0
2007-11-20,28.22,28.79,27.13,27.93,235000,0.0,0
2007-11-21,27.51,28.06,27.23,27.87,253700,0.0,0
2007-11-23,28.21,28.55,27.95,28.33,75400,0.0,0
2007-11-26,28.24,28.24,26.32,26.32,266900,0.0,0
2007-11-27,26.45,26.82,25.89,26.74,392100,0.0,0
2007-11-28,27.25,27.88,26.97,27.41,370700,0.0,0
2007-11-29,27.31,27.73,26.97,27.49,169500,0.0,0
2007-11-30,27.98,28.48,27.72,27.98,431000,0.0,0
2007-12-03,27.87,27.87,26.85,26.91,319900,0.0,0
2007-12-04,26.62,26.87,26.13,26.13,237400,0.0,0
2007-12-05,26.74,26.9,26.29,26.61,263900,0.0,0
2007-12-06,26.5,27.92,26.5,27.78,314300,0.0,0
2007-12-07,27.81,28.44,27.55,27.86,224900,0.0,0
2007-12-10,27.92,28.24,27.55,28.18,147800,0.0,0
2007-12-11,28.24,28.53,26.21,26.21,223100,0.0,0
2007-12-12,26.74,27.41,25.81,26.09,321400,0.0,0
2007-12-13,25.78,26.16,25.27,26.04,212900,0.0,0
2007-12-14,25.63,26.35,25.49,25.66,280300,0.0,0
2007-12-17,25.45,25.7,24.92,24.92,284100,0.0,0
2007-12-18,24.89,25.34,24.27,25.18,279600,0.0,0
2007-12-19,25.09,25.57,24.96,25.45,204900,0.0,0
2007-12-20,25.73,25.84,24.3,24.96,257700,0.0,0
2007-12-21,25.26,25.32,24.77,24.88,489400,0.0,0
2007-12-24,25.2,26.76,25.14,26.5,269000,0.0,0
2007-12-26,26.27,26.33,25.37,25.65,155700,0.0,0
2007-12-27,25.55,25.69,24.75,24.77,166200,0.0,0
2007-12-28,25.03,25.57,24.73,24.82,205300,0.0,0
2007-12-31,24.59,24.78,24.19,24.77,227100,0.0,0
2008-01-02,24.77,25.35,24.4,24.92,357300,0.0,0
2008-01-03,24.93,25.25,23.68,23.68,353700,0.0,0
2008-01-04,23.42,23.42,22.86,23.0,242100,0.0,0
2008-01-07,23.07,23.66,22.73,23.39,257200,0.0,0
2008-01-08,23.56,24.24,22.71,22.71,446500,0.0,0
2008-01-09,22.67,23.82,22.18,23.69,659400,0.0,0
2008-01-10,23.32,25.14,23.02,24.4,516700,0.0,0
2008-01-11,24.52,25.17,23.9,24.62,441300,0.615,0
2008-01-14,25.02,25.02,24.11,24.84,356400,0.0,0
2008-01-15,24.69,24.7,23.88,24.32,254800,0.0,0
2008-01-16,24.37,25.67,24.37,24.95,266500,0.0,0
2008-01-17,24.83,25.51,24.52,24.89,288700,0.0,0
2008-01-18,25.31,25.61,24.14,24.35,373100,0.0,0
2008-01-22,23.74,25.71,23.52,25.04,309500,0.0,0
2008-01-23,24.72,27.3,24.45,27.13,617300,0.0,0
2008-01-24,27.2,27.2,26.13,26.46,284500,0.0,0
2008-01-25,26.96,27.27,26.18,26.46,389100,0.0,0
2008-01-28,26.46,27.58,26.09,27.34,273200,0.0,0
2008-01-29,27.33,27.5,26.81,27.34,266200,0.0,0
2008-01-30,27.16,28.3,26.59,26.78,316500,0.0,0
2008-01-31,26.19,27.25,25.89,26.93,387200,0.0,0
2008-02-01,26.75,28.03,26.66,27.96,270800,0.0,0
2008-02-04,28.34,28.73,27.57,28.38,442600,0.0,0
2008-02-05,27.65,28.91,27.65,27.68,514200,0.0,0
2008-02-06,27.69,28.36,27.1,27.1,253300,0.0,0
2008-02-07,26.9,28.38,26.76,28.2,479400,0.0,0
2008-02-08,27.05,28.71,27.05,27.3,628900,0.0,0
2008-02-11,27.22,27.4,26.37,26.52,505500,0.0,0
2008-02-12,26.58,27.58,26.53,27.54,400500,0.0,0
2008-02-13,27.86,28.14,27.28,28.12,298600,0.0,0
2008-02-14,28.13,28.25,27.66,27.85,371700,0.0,0
2008-02-15,27.75,28.42,27.24,28.41,307500,0.0,0
2008-02-19,28.36,28.51,27.81,28.28,280100,0.0,0
2008-02-20,28.22,28.84,27.98,28.61,320300,0.0,0
2008-02-21,28.84,29.25,28.04,28.31,299200,0.0,0
2008-02-22,28.2,29.0,27.81,28.98,413300,0.0,0
2008-02-25,29.01,29.75,28.59,29.69,505900,0.0,0
2008-02-26,29.5,30.29,29.21,29.85,680900,0.0,0
2008-02-27,29.85,30.34,29.34,29.88,300200,0.0,0
2008-02-28,29.49,29.92,28.9,28.97,400800,0.0,0
2008-02-29,28.88,29.02,28.28,28.51,333800,0.0,0
2008-03-03,28.47,28.97,28.21,28.97,477400,0.0,0
2008-03-04,28.7,29.07,28.1,28.78,434300,0.0,0
2008-03-05,28.68,29.02,27.97,28.3,441800,0.0,0
2008-03-06,27.97,28.2,27.06,27.07,357200,0.0,0
2008-03-07,27.07,28.21,26.75,27.9,322700,0.0,0
2008-03-10,28.27,28.27,27.23,27.26,369500,0.0,0
2008-03-11,28.18,29.12,27.76,29.12,482000,0.0,0
2008-03-12,28.79,30.09,28.79,29.28,471500,0.0,0
2008-03-13,28.59,29.62,28.07,29.47,344900,0.0,0
2008-03-14,29.3,29.93,27.89,29.2,432500,0.0,0
2008-03-17,28.41,29.65,28.03,29.27,410600,0.0,0
2008-03-18,29.58,30.51,28.74,30.27,714700,0.0,0
2008-03-19,30.39,31.04,29.86,30.44,438400,0.0,0
2008-03-20,30.68,31.19,30.5,31.07,719100,0.0,0
2008-03-24,31.12,31.66,30.94,31.32,307400,0.0,0
2008-03-25,31.38,32.16,31.18,31.98,389600,0.0,0
2008-03-26,31.98,31.98,30.8,30.88,276000,0.0,0
2008-03-27,30.96,31.19,30.3,30.35,304100,0.0,0
2008-03-28,30.35,30.67,29.51,29.67,237700,0.0,0
2008-03-31,28.75,30.4,28.29,29.3,466900,0.0,0
2008-04-01,29.58,31.47,29.58,31.47,389700,0.0,0
2008-04-02,31.31,31.6,30.66,31.45,288600,0.0,0
2008-04-03,31.37,31.93,30.97,31.81,259500,0.0,0
2008-04-04,31.81,32.04,31.32,31.41,293200,0.0,0
2008-04-07,31.69,31.91,30.8,31.3,203600,0.0,0
2008-04-08,31.16,31.34,30.91,31.13,207400,0.0,0
2008-04-09,31.32,31.32,30.04,30.04,284100,0.0,0
2008-04-10,30.17,30.4,29.87,30.28,296700,0.0,0
2008-04-11,30.12,30.39,29.74,29.84,239300,0.615,0
2008-04-14,30.15,30.5,29.75,29.91,265900,0.0,0
2008-04-15,29.84,30.81,29.84,30.81,210300,0.0,0
2008-04-16,31.44,32.24,30.94,32.24,240600,0.0,0
2008-04-17,32.06,32.46,31.83,32.05,204200,0.0,0
2008-04-18,32.31,32.34,31.54,31.94,246600,0.0,0
2008-04-21,31.65,32.01,31.37,31.49,194600,0.0,0
2008-04-22,31.41,31.43,30.43,30.79,292800,0.0,0
2008-04-23,30.94,31.52,30.83,31.43,223100,0.0,0
2008-04-24,31.51,32.05,31.25,31.98,409500,0.0,0
2008-04-25,32.4,32.55,31.69,32.27,404700,0.0,0
2008-04-28,32.43,32.7,31.87,32.62,259900,0.0,0
2008-04-29,32.88,32.88,31.74,31.9,188400,0.0,0
2008-04-30,31.76,32.45,31.14,31.24,324500,0.0,0
2008-05-01,31.44,32.66,31.24,32.45,304200,0.0,0
2008-05-02,32.89,33.79,32.78,32.89,449100,0.0,0
2008-05-05,32.46,33.03,31.67,33.02,509700,0.0,0
2008-05-06,33.02,33.24,32.63,33.05,366100,0.0,0
2008-05-07,33.27,33.27,32.14,32.36,339600,0.0,0
2008-05-08,32.2,32.74,31.86,32.21,285200,0.0,0
2008-05-09,31.98,32.49,31.67,32.18,246900,0.0,0
2008-05-12,32.36,33.15,32.35,33.12,401500,0.0,0
2008-05-13,33.1,33.26,32.81,33.2,154100,0.0,0
2008-05-14,33.12,33.52,32.87,33.24,184300,0.0,0
2008-05-15,33.08,33.26,32.41,33.21,156800,0.0,0
2008-05-16,33.43,33.58,32.52,33.03,263100,0.0,0
2008-05-19,32.39,33.14,32.23,33.06,304900,0.0,0
2008-05-20,32.98,33.18,32.73,33.01,243900,0.0,0
2008-05-21,32.96,33.17,32.18,32.25,270500,0.0,0
2008-05-22,32.14,32.54,32.13,32.43,384000,0.0,0
2008-05-23,32.4,32.64,32.21,32.52,334800,0.0,0
2008-05-27,32.49,33.28,32.49,33.05,275500,0.0,0
2008-05-28,33.37,33.37,32.84,33.1,317900,0.0,0
2008-05-29,33.06,33.39,32.96,33.39,349300,0.0,0
2008-05-30,33.23,33.44,33.09,33.31,367000,0.0,0
2008-06-02,33.37,33.44,32.82,33.33,495800,0.0,0
2008-06-03,33.53,34.09,33.05,33.3,471100,0.0,0
2008-06-04,33.06,33.86,32.94,33.32,326900,0.0,0
2008-06-05,33.28,33.88,33.27,33.88,275900,0.0,0
2008-06-06,33.65,33.96,32.76,32.83,348400,0.0,0
2008-06-09,33.18,33.31,32.32,32.45,368400,0.0,0
2008-06-10,31.96,33.18,31.96,32.82,234500,0.0,0
2008-06-11,32.75,32.97,32.25,32.25,314400,0.0,0
2008-06-12,32.3,33.14,32.3,32.89,300600,0.0,0
2008-06-13,33.01,33.36,32.75,33.36,362500,0.0,0
2008-06-16,33.45,34.26,33.25,34.26,313200,0.0,0
2008-06-17,34.33,34.4,33.6,33.61,316800,0.0,0
2008-06-18,33.61,33.71,32.34,32.45,424800,0.0,0
2008-06-19,32.72,32.99,32.36,32.84,286600,0.0,0
2008-06-20,32.55,32.83,31.98,32.24,498500,0.0,0
2008-06-23,32.46,32.86,30.95,30.95,422800,0.0,0
2008-06-24,30.79,31.53,30.58,31.25,368700,0.0,0
2008-06-25,31.07,32.09,30.83,31.14,418100,0.0,0
2008-06-26,30.51,31.15,29.76,29.9,396900,0.0,0
2008-06-27,30.04,30.2,29.61,29.66,652600,0.0,0
2008-06-30,30.34,30.88,29.98,30.37,650600,0.0,0
2008-07-01,30.1,31.37,30.1,31.35,463900,0.0,0
2008-07-02,31.59,31.76,31.15,31.24,299500,0.0,0
2008-07-03,31.45,31.74,30.82,31.38,202700,0.0,0
2008-07-07,31.56,32.73,30.39,30.68,295900,0.0,0
2008-07-08,30.61,33.5,30.41,33.5,390300,0.0,0
2008-07-09,33.32,33.44,30.88,30.92,466800,0.0,0
2008-07-10,30.79,32.22,30.55,31.9,297900,0.0,0
2008-07-11,31.56,33.29,31.19,32.53,441100,0.615,0
2008-07-14,33.11,33.35,31.6,31.94,435600,0.0,0
2008-07-15,31.82,32.92,31.35,31.55,421500,0.0,0
2008-07-16,31.62,33.54,31.19,33.5,437900,0.0,0
2008-07-17,33.71,33.76,32.64,33.55,513500,0.0,0
2008-07-18,33.04,33.86,32.15,33.74,301500,0.0,0
2008-07-21,33.81,34.39,33.44,34.39,266500,0.0,0
2008-07-22,34.18,35.97,33.85,35.87,386800,0.0,0
2008-07-23,35.75,36.51,34.39,35.41,637300,0.0,0
2008-07-24,35.36,35.37,33.27,33.52,418900,0.0,0
2008-07-25,33.53,34.87,33.14,34.79,367300,0.0,0
2008-07-28,34.38,35.1,33.94,34.2,369900,0.0,0
2008-07-29,34.62,35.7,34.49,35.69,575400,0.0,0
2008-07-30,35.85,35.87,34.15,35.37,358000,0.0,0
2008-07-31,35.46,35.46,34.22,34.59,301700,0.0,0
2008-08-01,33.29,33.29,30.98,31.6,932800,0.0,0
2008-08-04,31.34,31.67,30.2,30.85,473800,0.0,0
2008-08-05,30.52,32.38,30.52,32.17,519600,0.0,0
2008-08-06,32.02,32.02,31.2,31.61,318300,0.0,0
2008-08-07,31.28,32.08,31.06,31.39,374100,0.0,0
2008-08-08,31.35,32.94,30.9,32.92,357500,0.0,0
2008-08-11,32.65,33.21,32.47,33.11,525600,0.0,0
2008-08-12,32.65,32.97,31.85,32.35,386800,0.0,0
2008-08-13,32.71,32.71,31.46,32.4,242600,0.0,0
2008-08-14,32.18,32.92,31.65,32.6,426500,0.0,0
2008-08-15,32.62,33.34,31.78,32.24,285400,0.0,0
2008-08-18,32.32,32.39,31.37,31.84,313300,0.0,0
2008-08-19,32.24,32.25,30.7,31.1,370100,0.0,0
2008-08-20,31.19,31.57,30.13,30.75,413600,0.0,0
2008-08-21,30.2,30.57,29.78,30.22,363600,0.0,0
2008-08-22,30.7,31.47,30.23,31.11,276000,0.0,0
2008-08-25,31.02,31.11,29.89,30.07,360800,0.0,0
2008-08-26,30.02,30.3,29.31,29.79,489800,0.0,0
2008-08-27,29.65,30.22,29.55,29.98,220400,0.0,0
2008-08-28,30.28,30.57,29.87,30.52,434200,0.0,0
2008-08-29,30.52,30.69,29.92,30.19,286800,0.0,0
2008-09-02,30.66,31.17,29.57,30.08,218400,0.0,0
2008-09-03,29.92,30.04,29.22,30.04,438100,0.0,0
2008-09-04,30.04,30.04,29.16,29.16,324600,0.0,0
2008-09-05,29.01,29.39,28.71,29.34,241300,0.0,0
2008-09-08,31.0,31.58,30.04,30.81,489900,0.0,0
2008-09-09,30.91,30.91,29.48,29.63,422300,0.0,0
2008-09-10,29.79,30.19,28.99,29.7,287200,0.0,0
2008-09-11,29.28,29.48,28.61,29.25,300900,0.0,0
2008-09-12,28.85,29.39,28.75,29.39,275400,0.0,0
2008-09-15,28.31,29.03,27.59,27.59,517400,0.0,0
2008-09-16,27.84,29.2,27.21,29.2,781100,0.0,0
2008-09-17,28.37,29.29,28.11,28.11,479300,0.0,0
2008-09-18,28.63,31.2,27.75,30.69,762300,0.0,0
2008-09-19,31.9,31.95,27.09,30.72,925000,0.0,0
2008-09-22,30.55,31.62,28.89,29.01,627100,0.0,0
2008-09-23,29.02,30.64,28.05,30.09,301800,0.0,0
2008-09-24,30.09,30.38,29.62,30.14,211300,0.0,0
2008-09-25,30.57,30.67,30.04,30.34,311400,0.0,0
2008-09-26,29.29,30.93,29.29,30.92,342600,0.0,0
2008-09-29,29.96,31.46,29.41,29.41,247300,0.0,0
2008-09-30,30.6,30.6,29.07,29.58,637500,0.0,0
2008-10-01,29.01,29.3,28.8,29.1,283600,0.0,0
2008-10-02,28.89,28.89,27.12,27.17,362500,0.0,0
2008-10-03,27.75,28.52,26.87,27.21,530100,0.0,0
2008-10-06,26.54,27.02,25.18,25.7,363400,0.0,0
2008-10-07,25.72,26.68,24.62,24.62,487200,0.0,0
2008-10-08,24.14,26.65,24.06,25.32,688300,0.0,0
2008-10-09,26.38,26.4,22.66,22.66,645400,0.0,0
2008-10-10,21.43,26.31,21.14,26.31,1378000,0.615,0
2008-10-13,27.26,29.37,25.57,29.37,727700,0.0,0
2008-10-14,30.33,30.33,25.96,27.22,793600,0.0,0
2008-10-15,27.62,27.66,23.86,24.44,943600,0.0,0
2008-10-16,24.48,25.98,23.57,25.68,678500,0.0,0
2008-10-17,24.93,26.87,24.51,25.8,307800,0.0,0
2008-10-20,25.69,26.17,24.91,26.15,207400,0.0,0
2008-10-21,25.88,26.22,25.04,25.3,260800,0.0,0
2008-10-22,24.49,25.11,22.47,23.55,516300,0.0,0
2008-10-23,23.69,23.9,20.71,22.43,538900,0.0,0
2008-10-24,20.47,22.26,20.47,21.18,456400,0.0,0
2008-10-27,20.93,21.56,18.92,19.08,419500,0.0,0
2008-10-28,19.87,22.33,19.02,22.22,558700,0.0,0
2008-10-29,22.65,22.65,20.08,20.48,909800,0.0,0
2008-10-30,21.06,21.06,19.57,20.17,550600,0.0,0
2008-10-31,20.0,21.64,19.56,21.56,480900,0.0,0
2008-11-03,21.41,22.43,21.07,21.61,314900,0.0,0
2008-11-04,22.03,22.64,21.4,22.46,465900,0.0,0
2008-11-05,21.95,22.27,20.38,20.65,536300,0.0,0
2008-11-06,20.75,20.75,19.79,19.87,368200,0.0,0
2008-11-07,19.83,20.02,18.51,19.92,828300,0.0,0
2008-11-10,20.46,20.46,18.36,18.53,405900,0.0,0
2008-11-11,18.36,19.7,17.76,18.9,470900,0.0,0
2008-11-12,18.38,19.3,18.12,18.85,544000,0.0,0
2008-11-13,19.15,20.88,18.53,20.35,1232900,0.0,0
2008-11-14,19.97,20.09,18.05,18.06,617400,0.0,0
2008-11-17,17.89,18.91,17.56,17.73,583300,0.0,0
2008-11-18,17.7,18.51,17.44,18.36,642100,0.0,0
2008-11-19,18.15,18.15,16.39,16.48,667800,0.0,0
2008-11-20,16.52,17.36,14.46,14.71,735800,0.0,0
2008-11-21,15.03,16.59,14.5,16.06,1115300,0.0,0
2008-11-24,16.71,19.99,16.28,19.76,913500,0.0,0
2008-11-25,20.18,21.74,19.72,21.57,938300,0.0,0
2008-11-26,21.42,22.97,20.68,22.82,660200,0.0,0
2008-11-28,22.74,23.53,22.21,22.66,377900,0.0,0
2008-12-01,22.4,22.4,17.34,17.48,1096100,0.0,0
2008-12-02,18.06,20.99,17.85,20.74,1001300,0.0,0
2008-12-03,19.64,22.41,19.58,22.0,718000,0.0,0
2008-12-04,21.7,23.0,19.97,20.54,722200,0.0,0
2008-12-05,20.2,23.2,20.07,23.2,815800,0.0,0
2008-12-08,23.64,24.31,22.68,24.04,825800,0.0,0
2008-12-09,23.39,24.03,21.2,21.59,747500,0.0,0
2008-12-10,21.98,23.13,21.3,23.12,464300,0.0,0
2008-12-11,22.51,22.56,18.8,19.02,1053000,0.0,0
2008-12-12,18.31,20.87,18.31,20.83,1144100,0.0,0
2008-12-15,20.84,21.19,18.97,19.56,495300,0.0,0
2008-12-16,20.05,22.07,19.64,21.81,1134500,0.0,0
2008-12-17,21.5,24.04,20.98,23.28,549700,0.0,0
2008-12-18,23.26,23.67,21.45,21.57,839700,0.0,0
2008-12-19,21.99,23.12,21.74,23.09,832500,0.0,0
2008-12-22,23.07,23.07,20.9,22.14,513200,0.0,0
2008-12-23,22.33,22.62,21.22,21.4,529600,0.0,0
2008-12-24,21.53,21.62,21.01,21.51,222500,0.0,0
2008-12-26,21.72,21.96,21.06,21.72,242200,0.0,0
2008-12-29,21.53,21.53,20.1,20.49,426900,0.0,0
2008-12-30,20.28,21.77,20.28,21.75,464500,0.0,0
2008-12-31,21.47,23.04,21.39,22.74,505100,0.0,0
2009-01-02,22.79,22.93,21.28,21.34,406000,0.0,0
2009-01-05,21.1,21.5,20.42,20.46,646900,0.0,0
2009-01-06,20.66,20.99,19.58,20.77,793600,0.0,0
2009-01-07,20.21,20.58,19.92,20.03,822000,0.0,0
2009-01-08,20.13,20.13,19.52,19.64,614700,0.0,0
2009-01-09,19.86,19.88,18.98,19.07,727000,0.0,0
2009-01-12,19.08,19.23,18.07,18.3,933600,0.0,0
2009-01-13,18.42,18.79,17.88,18.66,1103200,0.615,0
2009-01-14,17.96,18.65,17.92,18.29,905300,0.0,0
2009-01-15,18.29,19.29,17.67,18.82,734400,0.0,0
2009-01-16,19.15,19.67,18.62,19.52,864400,0.0,0
2009-01-20,18.97,19.25,17.03,17.29,784400,0.0,0
2009-01-21,17.44,19.08,17.27,19.06,844500,0.0,0
2009-01-22,18.52,19.25,18.09,18.32,629100,0.0,0
2009-01-23,17.94,18.81,17.62,18.76,352900,0.0,0
2009-01-26,18.89,19.16,18.11,18.72,218000,0.0,0
2009-01-27,18.91,19.37,18.68,19.34,240300,0.0,0
2009-01-28,19.8,21.04,19.73,20.85,697400,0.0,0
2009-01-29,20.4,20.6,18.82,19.02,581100,0.0,0
2009-01-30,19.24,19.5,18.16,18.46,587300,0.0,0
2009-02-02,18.14,19.11,17.69,19.06,622400,0.0,0
2009-02-03,19.23,19.39,18.3,18.41,704600,0.0,0
2009-02-04,18.36,18.83,17.54,17.62,674200,0.0,0
2009-02-05,17.36,17.53,16.25,16.9,740900,0.0,0
2009-02-06,16.2,18.53,16.05,18.31,750500,0.0,0
2009-02-09,18.13,18.62,17.7,18.59,431000,0.0,0
2009-02-10,18.37,18.62,17.27,17.62,941300,0.0,0
2009-02-11,17.76,18.67,16.94,18.5,939400,0.0,0
2009-02-12,17.68,18.31,16.94,18.04,913500,0.0,0
2009-02-13,17.86,18.27,17.17,17.21,886100,0.0,0
2009-02-17,16.51,17.04,16.2,16.28,951200,0.0,0
2009-02-18,16.51,16.8,15.9,16.28,631000,0.0,0
2009-02-19,16.61,16.82,15.31,15.45,852400,0.0,0
2009-02-20,15.03,16.86,14.91,16.82,945700,0.0,0
2009-02-23,17.01,17.01,15.52,15.63,887400,0.0,0
2009-02-24,15.82,17.33,15.53,17.24,936000,0.0,0
2009-02-25,16.89,18.27,16.52,17.52,1116600,0.0,0
2009-02-26,18.09,18.09,16.85,17.02,1090900,0.0,0
2009-02-27,16.74,17.42,16.08,16.15,932000,0.0,0
2009-03-02,16.03,16.25,14.99,15.08,970600,0.0,0
2009-03-03,15.42,15.57,14.38,14.6,990700,0.0,0
2009-03-04,14.91,15.5,14.49,15.15,750900,0.0,0
2009-03-05,14.9,15.02,14.23,14.36,808900,0.0,0
2009-03-06,14.56,14.99,13.88,14.81,928500,0.0,0
2009-03-09,14.54,15.06,14.19,15.01,595200,0.0,0
2009-03-10,15.5,17.33,15.28,17.29,1224500,0.0,0
2009-03-11,17.49,17.77,16.86,17.15,1097400,0.0,0
2009-03-12,16.97,18.76,16.51,18.67,974700,0.0,0
2009-03-13,18.74,18.8,17.94,18.59,653800,0.0,0
2009-03-16,18.89,19.46,17.84,18.3,1347500,0.0,0
2009-03-17,18.34,19.13,18.11,19.12,1252600,0.0,0
2009-03-18,18.93,19.8,18.14,19.79,1298700,0.0,0
2009-03-19,19.99,20.17,18.12,18.14,898500,0.0,0
2009-03-20,18.19,18.67,17.2,17.24,980600,0.0,0
2009-03-23,17.89,20.14,17.89,20.09,1529200,0.0,0
2009-03-24,19.43,19.99,17.99,18.11,1180600,0.0,0
2009-03-25,18.56,18.99,17.14,18.55,1101500,0.0,0
2009-03-26,18.88,19.31,18.12,19.27,1135800,0.0,0
2009-03-27,18.65,18.91,18.17,18.21,790100,0.0,0
2009-03-30,17.47,18.11,17.26,17.78,906500,0.0,0
2009-03-31,18.19,19.36,17.99,19.26,1401300,0.0,0
2009-04-01,18.69,19.07,18.33,18.89,1033000,0.0,0
2009-04-02,19.09,19.83,18.85,19.56,1241900,0.0,0
2009-04-03,19.47,21.13,19.04,21.09,1204700,0.0,0
2009-04-06,20.74,20.93,19.76,20.63,920600,0.0,0
2009-04-07,20.15,20.35,18.99,19.05,992300,0.0,0
2009-04-08,19.19,19.77,18.99,19.59,653200,0.0,0
2009-04-09,20.29,21.77,20.19,21.71,1240800,0.0,0
2009-04-13,21.41,22.01,20.55,21.48,735700,0.615,0
2009-04-14,20.82,21.27,19.8,19.82,1168900,0.0,0
2009-04-15,19.72,21.44,19.51,21.38,993400,0.0,0
2009-04-16,21.61,23.51,20.52,22.61,1203700,0.0,0
2009-04-17,22.57,23.48,21.71,22.86,831900,0.0,0
2009-04-20,22.11,22.5,20.76,20.81,1148200,0.0,0
2009-04-21,19.53,23.46,19.08,23.42,1953400,0.0,0
2009-04-22,22.83,24.08,22.49,22.76,1188700,0.0,0
2009-04-23,22.86,23.6,21.97,23.4,765600,0.0,0
2009-04-24,23.47,25.13,23.04,24.52,1043800,0.0,0
2009-04-27,23.76,24.08,22.26,22.88,885800,0.0,0
2009-04-28,22.47,24.38,22.41,24.0,793700,0.0,0
2009-04-29,24.26,25.07,24.02,24.87,908900,0.0,0
2009-04-30,25.03,25.08,23.18,23.53,1180500,0.0,0
2009-05-01,23.49,23.56,22.8,22.98,791700,0.0,0
2009-05-04,23.45,25.26,23.12,25.17,874600,0.0,0
2009-05-05,24.73,25.04,23.85,24.22,772400,0.0,0
2009-05-06,24.63,24.98,23.4,24.96,862700,0.0,0
2009-05-07,25.35,25.35,22.93,23.25,856400,0.0,0
2009-05-08,23.83,25.03,23.63,24.93,1210800,0.0,0
2009-05-11,24.29,24.68,23.86,23.93,995000,0.0,0
2009-05-12,23.92,25.04,23.42,24.35,1136600,0.0,0
2009-05-13,23.77,23.98,22.47,22.65,868100,0.0,0
2009-05-14,22.83,24.34,22.56,23.91,952000,0.0,0
2009-05-15,22.98,23.25,21.82,22.02,1129200,0.0,0
2009-05-18,22.38,23.83,22.07,23.68,1110900,0.0,0
2009-05-19,23.6,23.68,22.86,23.2,786100,0.0,0
2009-05-20,23.53,24.0,22.44,22.62,749800,0.0,0
2009-05-21,22.16,23.09,21.95,22.64,607500,0.0,0
2009-05-22,22.77,23.18,22.0,22.1,524100,0.0,0
2009-05-26,22.03,23.14,22.03,22.97,916600,0.0,0
2009-05-27,22.84,22.92,22.14,22.26,969300,0.0,0
2009-05-28,22.68,22.69,21.41,22.28,850200,0.0,0
2009-05-29,22.45,23.08,22.17,23.08,648600,0.0,0
2009-06-01,23.42,24.5,23.0,23.67,617300,0.0,0
2009-06-02,23.66,24.05,23.35,23.73,438200,0.0,0
2009-06-03,23.63,23.86,23.21,23.6,500300,0.0,0
2009-06-04,23.56,24.14,23.45,24.04,502400,0.0,0
2009-06-05,24.29,24.35,23.47,23.65,387800,0.0,0
2009-06-08,23.63,23.89,23.02,23.58,354700,0.0,0
2009-06-09,23.72,24.04,23.01,23.45,251200,0.0,0
2009-06-10,23.66,23.66,22.27,22.99,666200,0.0,0
2009-06-11,23.08,23.39,22.43,22.53,527900,0.0,0
2009-06-12,22.34,23.3,22.18,23.21,412400,0.0,0
2009-06-15,22.78,22.78,22.2,22.36,632500,0.0,0
2009-06-16,22.68,22.76,21.81,22.19,458900,0.0,0
2009-06-17,22.29,22.84,22.04,22.08,431100,0.0,0
2009-06-18,22.04,22.36,21.89,22.16,491800,0.0,0
2009-06-19,22.55,22.55,22.03,22.33,631000,0.0,0
2009-06-22,21.92,22.22,21.4,21.45,605100,0.0,0
2009-06-23,21.64,21.85,21.28,21.51,673200,0.0,0
2009-06-24,21.62,22.11,21.4,21.89,579700,0.0,0
2009-06-25,21.86,22.22,21.34,22.21,480400,0.0,0
2009-06-26,22.08,22.81,21.99,22.7,510500,0.0,0
2009-06-29,22.74,22.74,22.08,22.49,316200,0.0,0
2009-06-30,22.45,23.56,22.45,23.35,479700,0.0,0
2009-07-01,23.53,23.83,23.53,23.72,458700,0.0,0
2009-07-02,23.27,23.37,22.45,22.45,416300,0.0,0
2009-07-06,22.48,23.83,22.24,23.79,802900,0.0,0
2009-07-07,23.73,23.73,22.77,22.85,544100,0.0,0
2009-07-08,22.84,23.08,22.26,22.7,757800,0.0,0
2009-07-09,23.0,23.0,22.28,22.34,258200,0.0,0
2009-07-10,22.2,22.89,22.11,22.74,383500,0.0,0
2009-07-13,22.92,23.56,22.66,23.48,580500,0.615,0
2009-07-14,23.35,23.39,22.86,23.3,275200,0.0,0
2009-07-15,23.38,24.27,23.32,23.99,553400,0.0,0
2009-07-16,23.69,24.12,23.26,23.96,277900,0.0,0
2009-07-17,23.94,24.0,23.03,23.21,372100,0.0,0
2009-07-20,23.6,24.13,23.56,24.11,252900,0.0,0
2009-07-21,24.12,24.12,23.25,23.8,168800,0.0,0
2009-07-22,23.41,23.85,23.23,23.45,373500,0.0,0
2009-07-23,23.3,24.28,23.27,24.07,521300,0.0,0
2009-07-24,23.87,24.46,23.54,24.4,300600,0.0,0
2009-07-27,24.46,24.61,24.0,24.59,297800,0.0,0
2009-07-28,24.26,25.02,24.18,24.9,221700,0.0,0
2009-07-29,24.73,25.1,24.42,24.97,245300,0.0,0
2009-07-30,25.36,26.37,25.1,25.36,587600,0.0,0
2009-07-31,25.36,25.91,25.24,25.67,380400,0.0,0
2009-08-03,26.14,26.16,25.7,25.94,363600,0.0,0
2009-08-04,25.7,27.11,25.39,26.81,661000,0.0,0
2009-08-05,26.79,27.76,26.73,27.52,1256100,0.0,0
2009-08-06,27.56,28.57,27.23,27.7,681000,0.0,0
2009-08-07,28.4,30.23,27.96,29.69,889900,0.0,0
2009-08-10,29.38,29.4,28.5,28.88,418500,0.0,0
2009-08-11,28.42,28.42,27.18,27.32,503600,0.0,0
2009-08-12,27.46,28.01,27.18,27.5,353700,0.0,0
2009-08-13,28.02,28.19,27.18,27.54,202000,0.0,0
2009-08-14,27.61,27.63,26.71,27.43,226500,0.0,0
2009-08-17,26.64,26.93,26.33,26.38,378300,0.0,0
2009-08-18,26.6,26.7,26.33,26.46,271200,0.0,0
2009-08-19,25.89,26.36,25.86,26.1,237000,0.0,0
2009-08-20,26.09,26.9,25.94,26.84,466800,0.0,0
2009-08-21,27.12,27.93,27.08,27.42,517500,0.0,0
2009-08-24,27.59,27.87,27.34,27.5,332100,0.0,0
2009-08-25,27.45,27.9,27.39,27.52,203900,0.0,0
2009-08-26,27.45,27.76,27.24,27.71,283000,0.0,0
2009-08-27,27.69,27.79,27.15,27.75,226900,0.0,0
2009-08-28,27.87,28.42,27.59,28.32,515000,0.0,0
2009-08-31,27.81,28.53,27.81,28.33,388800,0.0,0
2009-09-01,28.08,28.38,27.15,27.19,385200,0.0,0
2009-09-02,27.12,27.55,26.86,27.14,273300,0.0,0
2009-09-03,27.34,27.58,26.7,27.57,193400,0.0,0
2009-09-04,27.46,27.79,26.92,27.77,286700,0.0,0
2009-09-08,27.87,28.58,27.8,28.55,326000,0.0,0
2009-09-09,28.46,28.99,28.15,28.92,186300,0.0,0
2009-09-10,28.84,29.54,28.44,29.35,344200,0.0,0
2009-09-11,29.37,29.61,28.71,29.05,205800,0.0,0
2009-09-14,28.73,30.0,28.73,29.94,201600,0.0,0
2009-09-15,30.16,30.87,29.82,30.66,224600,0.0,0
2009-09-16,30.77,32.12,30.75,32.11,248100,0.0,0
2009-09-17,32.05,32.73,31.52,31.87,259400,0.0,0
2009-09-18,32.14,32.14,30.53,30.88,620800,0.0,0
2009-09-21,30.06,30.58,30.06,30.2,358400,0.0,0
2009-09-22,30.24,30.75,30.13,30.45,484200,0.0,0
2009-09-23,30.56,30.69,29.28,29.34,456700,0.0,0
2009-09-24,29.59,29.76,28.34,28.86,409400,0.0,0
2009-09-25,28.84,29.59,28.46,29.3,266500,0.0,0
2009-09-28,29.44,30.36,29.17,30.31,296800,0.0,0
2009-09-29,30.31,30.55,29.56,29.59,213500,0.0,0
2009-09-30,29.71,29.79,28.79,29.21,292400,0.0,0
2009-10-01,29.01,29.29,28.24,28.27,298100,0.0,0
2009-10-02,27.92,29.01,27.69,28.16,456500,0.0,0
2009-10-05,28.34,28.96,28.33,28.72,208300,0.0,0
2009-10-06,28.99,29.29,28.12,28.64,307500,0.0,0
2009-10-07,28.44,28.79,28.16,28.44,156900,0.0,0
2009-10-08,28.77,29.28,28.6,28.82,340600,0.0,0
2009-10-09,28.71,29.12,28.41,28.64,268600,0.0,0
2009-10-12,28.91,28.96,28.42,28.51,264900,0.0,0
2009-10-13,28.57,28.6,27.53,27.64,452200,0.615,0
2009-10-14,27.98,28.39,27.53,28.3,450800,0.0,0
2009-10-15,27.96,28.91,27.74,28.77,367300,0.0,0
2009-10-16,28.47,28.97,28.18,28.49,368700,0.0,0
2009-10-19,28.71,29.59,28.26,29.42,396800,0.0,0
2009-10-20,29.4,29.4,28.67,28.77,284900,0.0,0
2009-10-21,28.72,29.38,28.43,28.55,352400,0.0,0
2009-10-22,28.55,29.43,27.97,29.34,307600,0.0,0
2009-10-23,29.4,29.72,29.06,29.23,428300,0.0,0
2009-10-26,29.32,29.84,28.5,28.6,484200,0.0,0
2009-10-27,28.65,28.88,27.93,28.06,380400,0.0,0
2009-10-28,28.02,28.79,27.68,27.74,628600,0.0,0
2009-10-29,28.08,29.02,27.9,28.98,427600,0.0,0
2009-10-30,28.69,29.2,28.32,28.76,704400,0.0,0
2009-11-02,29.1,29.51,28.35,29.15,434100,0.0,0
2009-11-03,28.86,29.28,28.39,29.25,513400,0.0,0
2009-11-04,29.53,29.69,28.79,28.84,527400,0.0,0
2009-11-05,29.15,29.65,28.81,29.6,521000,0.0,0
2009-11-06,29.19,30.34,28.97,30.18,482400,0.0,0
2009-11-09,30.43,30.58,30.1,30.51,533600,0.0,0
2009-11-10,30.41,30.49,28.91,29.37,690000,0.0,0
2009-11-11,29.7,30.18,29.61,30.11,389900,0.0,0
2009-11-12,29.92,30.17,29.25,29.39,407000,0.0,0
2009-11-13,29.53,30.02,29.25,29.88,378400,0.0,0
2009-11-16,30.35,30.7,29.99,30.48,538500,0.0,0
2009-11-17,30.19,30.62,29.89,29.91,625700,0.0,0
2009-11-18,30.03,30.49,29.91,30.44,397300,0.0,0
2009-11-19,30.3,30.77,30.11,30.28,778700,0.0,0
2009-11-20,30.11,30.32,29.72,29.88,675600,0.0,0
2009-11-23,30.24,30.68,29.95,30.23,378600,0.0,0
2009-11-24,30.25,30.32,29.83,30.02,439500,0.0,0
2009-11-25,30.14,30.28,29.73,29.79,199100,0.0,0
2009-11-27,29.01,29.85,29.01,29.38,181300,0.0,0
2009-11-30,29.43,30.63,29.0,30.53,641800,0.0,0
2009-12-01,30.86,30.88,30.28,30.61,490200,0.0,0
2009-12-02,30.51,31.13,30.49,30.8,437600,0.0,0
2009-12-03,31.02,31.26,30.07,30.17,438500,0.0,0
2009-12-04,30.91,31.17,30.14,30.62,853700,0.0,0
2009-12-07,30.53,30.8,30.09,30.18,472500,0.0,0
2009-12-08,29.96,30.74,29.88,30.44,440100,0.0,0
2009-12-09,30.53,30.61,30.19,30.29,465500,0.0,0
2009-12-10,30.39,30.5,29.67,29.88,230600,0.0,0
2009-12-11,30.03,30.5,29.88,30.47,251400,0.0,0
2009-12-14,30.59,30.95,30.18,30.9,350300,0.0,0
2009-12-15,30.75,30.93,30.57,30.69,286100,0.0,0
2009-12-16,30.7,31.33,30.7,31.06,397900,0.0,0
2009-12-17,30.78,31.13,30.59,31.06,279400,0.0,0
2009-12-18,31.3,31.5,30.82,31.44,623500,0.0,0
2009-12-21,31.5,32.0,31.27,31.84,285300,0.0,0
2009-12-22,31.93,32.04,31.73,31.95,237700,0.0,0
2009-12-23,32.03,32.1,31.54,31.69,354300,0.0,0
2009-12-24,31.78,32.15,31.68,32.11,117900,0.0,0
2009-12-28,32.14,32.7,31.97,32.36,368900,0.0,0
2009-12-29,32.42,32.43,31.82,31.84,250700,0.0,0
2009-12-30,31.76,32.18,31.54,32.17,306900,0.0,0
2009-12-31,32.23,32.51,31.66,31.69,177600,0.0,0
2010-01-04,32.11,32.2,31.46,31.63,385800,0.0,0
2010-01-05,31.57,31.75,31.31,31.6,369900,0.0,0
2010-01-06,31.63,31.82,31.47,31.71,369100,0.0,0
2010-01-07,31.56,31.98,31.24,31.86,647600,0.0,0
2010-01-08,31.7,31.99,31.54,31.65,366400,0.0,0
2010-01-11,31.82,32.04,31.65,31.81,461400,0.0,0
2010-01-12,31.61,31.86,31.39,31.56,501100,0.0,0
2010-01-13,31.62,32.18,31.56,32.06,301900,0.615,0
2010-01-14,31.87,32.15,31.76,31.99,222400,0.0,0
2010-01-15,31.94,32.13,31.49,31.57,400500,0.0,0
2010-01-19,31.55,32.0,31.53,31.98,413700,0.0,0
2010-01-20,31.74,31.91,31.51,31.81,314400,0.0,0
2010-01-21,31.84,32.04,30.95,30.95,289700,0.0,0
2010-01-22,30.95,31.35,30.19,30.3,300900,0.0,0
2010-01-25,30.73,30.78,30.18,30.41,312500,0.0,0
2010-01-26,30.2,31.01,30.18,30.69,276000,0.0,0
2010-01-27,30.59,31.06,30.24,30.93,402600,0.0,0
2010-01-28,31.09,31.13,30.3,30.93,340500,0.0,0
2010-01-29,31.13,31.42,30.79,31.19,500500,0.0,0
2010-02-01,31.35,31.59,31.2,31.51,375900,0.0,0
2010-02-02,31.45,31.96,31.23,31.85,352200,0.0,0
2010-02-03,31.78,31.88,31.35,31.49,249100,0.0,0
2010-02-04,31.33,31.55,30.71,31.08,481300,0.0,0
2010-02-05,30.12,31.43,30.12,31.09,534700,0.0,0
2010-02-08,31.2,31.29,30.68,30.71,300400,0.0,0
2010-02-09,31.07,31.26,30.42,30.57,297100,0.0,0
2010-02-10,30.48,30.85,30.01,30.56,151900,0.0,0
2010-02-11,30.46,30.9,30.22,30.81,169500,0.0,0
2010-02-12,30.52,30.95,30.23,30.9,290000,0.0,0
2010-02-16,31.16,31.75,30.97,31.74,206700,0.0,0
2010-02-17,31.96,32.64,31.92,32.4,271900,0.0,0
2010-02-18,32.32,33.22,32.14,33.1,281100,0.0,0
2010-02-19,33.05,33.24,32.82,32.93,423300,0.0,0
2010-02-22,32.94,33.57,32.88,33.46,214100,0.0,0
2010-02-23,33.43,33.99,33.29,33.94,647900,0.0,0
2010-02-24,33.99,34.42,33.81,34.37,372400,0.0,0
2010-02-25,33.97,35.01,33.87,34.98,573700,0.0,0
2010-02-26,35.05,35.18,34.48,34.53,619900,0.0,0
2010-03-01,34.82,34.99,34.47,34.71,246700,0.0,0
2010-03-02,34.58,34.82,34.24,34.58,333300,0.0,0
2010-03-03,34.75,34.8,33.79,33.89,457400,0.0,0
2010-03-04,34.09,34.24,33.8,34.18,222100,0.0,0
2010-03-05,34.5,35.35,34.31,35.28,409600,0.0,0
2010-03-08,35.18,35.63,35.09,35.49,243900,0.0,0
2010-03-09,35.29,36.17,35.12,35.75,273400,0.0,0
2010-03-10,35.81,36.17,35.38,35.51,230400,0.0,0
2010-03-11,35.34,35.59,35.3,35.48,233400,0.0,0
2010-03-12,35.48,35.79,35.24,35.67,177600,0.0,0
2010-03-15,35.67,35.86,35.3,35.58,225600,0.0,0
2010-03-16,35.79,36.24,35.53,36.19,230500,0.0,0
2010-03-17,36.39,36.56,35.98,36.47,318200,0.0,0
2010-03-18,36.29,36.56,36.25,36.31,172900,0.0,0
2010-03-19,36.17,36.52,35.83,36.17,453700,0.0,0
2010-03-22,35.92,36.56,35.83,36.5,167400,0.0,0
2010-03-23,36.58,36.58,35.97,36.15,414900,0.0,0
2010-03-24,36.06,36.23,35.78,35.98,531300,0.0,0
2010-03-25,36.17,36.22,35.72,35.78,624100,0.0,0
2010-03-26,35.93,36.05,35.41,35.66,212400,0.0,0
2010-03-29,35.67,36.08,35.67,35.93,270600,0.0,0
2010-03-30,35.88,36.04,35.2,35.4,537100,0.0,0
2010-03-31,35.38,35.38,34.4,34.43,546200,0.0,0
2010-04-01,34.66,34.69,33.91,34.07,806400,0.0,0
2010-04-05,34.06,34.3,33.93,34.22,757200,0.0,0
2010-04-06,33.83,34.64,33.5,34.56,954700,0.0,0
2010-04-07,34.58,34.64,34.02,34.18,345200,0.0,0
2010-04-08,34.02,34.25,33.76,34.01,690500,0.0,0
2010-04-09,34.09,34.74,33.83,34.72,331500,0.0,0
2010-04-12,34.87,34.92,34.51,34.59,319100,0.0,0
2010-04-13,34.42,35.31,34.1,35.14,670100,0.615,0
2010-04-14,35.31,35.39,34.88,35.14,301800,0.0,0
2010-04-15,35.08,35.1,34.4,34.45,347000,0.0,0
2010-04-16,34.44,34.61,33.95,33.99,429500,0.0,0
2010-04-19,33.87,34.46,33.84,34.44,245700,0.0,0
2010-04-20,34.69,34.78,34.07,34.77,155400,0.0,0
2010-04-21,34.79,35.77,34.79,35.67,596100,0.0,0
2010-04-22,35.36,36.09,35.36,35.94,388200,0.0,0
2010-04-23,35.96,36.45,35.75,36.22,397000,0.0,0
2010-04-26,36.56,36.99,36.21,36.62,548100,0.0,0
2010-04-27,36.48,36.93,36.03,36.13,394300,0.0,0
2010-04-28,36.32,36.93,36.24,36.35,293400,0.0,0
2010-04-29,36.78,37.8,36.75,37.76,344500,0.0,0
2010-04-30,37.58,38.02,36.98,37.18,486200,0.0,0
2010-05-03,37.39,38.58,37.37,38.5,443200,0.0,0
2010-05-04,37.84,38.35,37.57,37.88,443100,0.0,0
2010-05-05,37.63,38.35,37.41,37.57,407600,0.0,0
2010-05-06,37.2,37.67,34.68,36.33,593400,0.0,0
2010-05-07,36.3,36.93,35.15,35.33,446400,0.0,0
2010-05-10,36.67,37.18,36.32,37.16,501600,0.0,0
2010-05-11,36.69,38.4,36.43,37.65,724100,0.0,0
2010-05-12,37.55,38.46,37.48,38.19,371900,0.0,0
2010-05-13,38.19,38.27,37.52,38.07,771200,0.0,0
2010-05-14,37.66,38.07,37.22,37.58,391100,0.0,0
2010-05-17,37.75,38.32,36.83,37.76,416400,0.0,0
2010-05-18,38.19,38.37,36.69,36.81,310000,0.0,0
2010-05-19,36.56,37.17,35.85,36.81,563400,0.0,0
2010-05-20,36.11,36.73,34.97,35.02,538000,0.0,0
2010-05-21,34.71,36.29,34.22,35.97,595700,0.0,0
2010-05-24,35.97,35.99,35.06,35.1,336900,0.0,0
2010-05-25,34.36,36.22,33.97,36.07,541900,0.0,0
2010-05-26,36.52,36.85,35.78,36.09,616100,0.0,0
2010-05-27,36.87,37.54,36.35,37.45,521000,0.0,0
2010-05-28,37.24,37.58,36.67,36.75,472900,0.0,0
2010-06-01,36.54,36.75,35.8,35.93,411100,0.0,0
2010-06-02,36.01,36.28,35.21,36.24,538800,0.0,0
2010-06-03,36.13,36.34,35.66,36.01,220400,0.0,0
2010-06-04,35.15,35.45,34.1,34.36,576500,0.0,0
2010-06-07,34.51,35.03,34.23,34.28,353700,0.0,0
2010-06-08,34.39,34.71,33.46,34.68,433200,0.0,0
2010-06-09,34.92,35.41,34.29,34.56,483400,0.0,0
2010-06-10,35.04,35.61,34.79,35.46,549200,0.0,0
2010-06-11,35.16,35.68,35.0,35.66,447800,0.0,0
2010-06-14,35.85,36.21,35.44,35.82,597700,0.0,0
2010-06-15,35.86,36.26,35.6,36.15,475600,0.0,0
2010-06-16,35.83,36.26,35.83,36.06,417600,0.0,0
2010-06-17,36.08,36.18,35.76,36.07,328600,0.0,0
2010-06-18,36.24,36.25,35.8,36.1,495000,0.0,0
2010-06-21,36.49,36.67,35.61,35.7,342800,0.0,0
2010-06-22,35.85,36.03,34.97,35.03,275400,0.0,0
2010-06-23,34.93,35.54,34.55,34.98,200200,0.0,0
2010-06-24,34.84,35.29,34.32,34.8,418900,0.0,0
2010-06-25,34.95,35.81,34.71,35.68,602900,0.0,0
2010-06-28,35.75,35.75,34.92,35.06,193700,0.0,0
2010-06-29,34.53,35.06,34.3,34.59,686800,0.0,0
2010-06-30,34.65,35.23,34.45,34.63,468900,0.0,0
2010-07-01,34.71,34.71,33.75,34.35,502100,0.0,0
2010-07-02,34.67,34.71,33.62,34.04,516100,0.0,0
2010-07-06,34.55,34.76,33.44,33.71,509000,0.0,0
2010-07-07,34.11,35.13,34.06,35.11,595400,0.0,0
2010-07-08,35.6,35.97,35.18,35.7,531400,0.0,0
2010-07-09,35.7,36.05,35.34,35.84,272600,0.0,0
2010-07-12,35.93,35.93,35.03,35.49,303700,0.0,0
2010-07-13,36.04,36.42,35.55,36.26,584300,0.615,0
2010-07-14,36.08,36.43,35.69,36.02,548500,0.0,0
2010-07-15,36.02,36.14,35.52,35.95,365800,0.0,0
2010-07-16,35.66,35.78,34.87,34.97,510400,0.0,0
2010-07-19,34.98,35.46,34.32,35.34,337400,0.0,0
2010-07-20,34.76,36.5,34.64,36.39,693400,0.0,0
2010-07-21,36.6,36.62,35.58,35.78,415300,0.0,0
2010-07-22,36.2,37.21,36.11,37.07,534600,0.0,0
2010-07-23,36.8,37.23,36.25,37.22,410400,0.0,0
2010-07-26,37.33,38.53,37.11,38.48,448500,0.0,0
2010-07-27,38.67,38.81,38.17,38.6,542000,0.0,0
2010-07-28,38.48,38.77,38.1,38.47,391000,0.0,0
2010-07-29,38.76,38.81,37.9,38.38,350200,0.0,0
2010-07-30,37.98,38.8,37.81,38.45,370100,0.0,0
2010-08-02,38.96,39.71,38.9,39.52,251900,0.0,0
2010-08-03,39.27,39.52,38.9,39.11,233600,0.0,0
2010-08-04,39.22,39.72,38.97,39.37,200300,0.0,0
2010-08-05,39.17,39.58,38.73,38.86,212000,0.0,0
2010-08-06,38.32,38.64,37.38,38.61,240700,0.0,0
2010-08-09,38.82,38.82,38.24,38.75,372300,0.0,0
2010-08-10,38.19,38.85,38.12,38.63,339400,0.0,0
2010-08-11,37.84,38.34,37.69,37.95,492700,0.0,0
2010-08-12,37.38,37.63,37.14,37.36,529700,0.0,0
2010-08-13,37.37,37.54,37.19,37.27,387600,0.0,0
2010-08-16,37.08,37.52,36.96,37.22,343900,0.0,0
2010-08-17,37.49,38.68,37.43,38.17,398600,0.0,0
2010-08-18,38.19,38.52,37.73,38.46,664900,0.0,0
2010-08-19,38.32,38.32,37.43,37.52,404100,0.0,0
2010-08-20,37.31,37.41,36.83,37.24,291500,0.0,0
2010-08-23,37.38,37.51,36.89,36.94,155800,0.0,0
2010-08-24,36.49,37.31,35.93,37.06,221800,0.0,0
2010-08-25,36.76,37.99,36.56,37.91,347500,0.0,0
2010-08-26,38.12,38.33,37.72,37.85,348900,0.0,0
2010-08-27,38.04,38.26,37.11,38.21,291000,0.0,0
2010-08-30,38.04,38.58,38.0,38.02,319600,0.0,0
2010-08-31,37.94,38.71,37.77,38.44,603400,0.0,0
2010-09-01,39.07,39.82,38.77,39.82,378700,0.0,0
2010-09-02,39.88,39.88,39.39,39.79,287200,0.0,0
2010-09-03,40.03,40.15,39.48,39.97,258500,0.0,0
2010-09-07,39.31,39.47,38.84,38.88,354100,0.0,0
2010-09-08,39.0,39.31,38.52,38.8,357100,0.0,0
2010-09-09,39.25,39.28,37.99,38.45,216000,0.0,0
2010-09-10,38.57,38.9,38.35,38.81,253400,0.0,0
2010-09-13,39.21,39.61,38.93,39.58,246400,0.0,0
2010-09-14,39.48,39.51,39.25,39.29,143700,0.0,0
2010-09-15,39.59,40.02,39.29,39.84,307200,0.0,0
2010-09-16,39.83,39.97,39.52,39.85,186600,0.0,0
2010-09-17,40.09,40.18,39.64,40.11,342800,0.0,0
2010-09-20,40.28,41.44,40.03,41.35,326400,0.0,0
2010-09-21,40.96,40.98,39.81,40.07,476900,0.0,0
2010-09-22,39.75,40.18,39.38,39.61,218600,0.0,0
2010-09-23,39.28,39.39,38.78,38.81,290100,0.0,0
2010-09-24,39.19,40.09,39.19,40.02,226700,0.0,0
2010-09-27,40.03,40.11,39.28,39.68,196800,0.0,0
2010-09-28,39.66,39.93,38.85,39.74,467000,0.0,0
2010-09-29,39.52,39.66,39.15,39.49,237300,0.0,0
2010-09-30,39.67,40.22,39.0,39.67,490700,0.0,0
2010-10-01,40.0,40.22,39.45,39.92,306700,0.0,0
2010-10-04,39.86,40.1,39.57,40.1,400900,0.0,0
2010-10-05,40.42,41.24,40.26,41.2,723600,0.0,0
2010-10-06,41.02,41.43,40.94,41.11,582800,0.0,0
2010-10-07,41.34,41.45,40.68,40.92,282900,0.0,0
2010-10-08,40.92,41.22,40.68,40.95,188000,0.0,0
2010-10-11,41.03,41.13,40.82,40.88,169500,0.0,0
2010-10-12,40.81,41.26,40.52,41.13,218800,0.0,0
2010-10-13,41.3,42.06,41.09,41.61,305800,0.615,0
2010-10-14,41.46,41.86,41.26,41.5,215800,0.0,0
2010-10-15,41.73,42.12,41.49,41.61,238500,0.0,0
2010-10-18,41.59,42.29,41.53,42.29,200900,0.0,0
2010-10-19,41.88,42.45,41.56,41.7,255500,0.0,0
2010-10-20,41.88,43.0,41.88,42.67,248100,0.0,0
2010-10-21,42.86,43.19,42.11,42.33,210400,0.0,0
2010-10-22,42.51,42.58,42.14,42.47,142600,0.0,0
2010-10-25,42.77,42.84,42.56,42.62,244100,0.0,0
2010-10-26,42.28,42.36,42.03,42.04,184100,0.0,0
2010-10-27,41.83,42.14,41.5,41.98,288800,0.0,0
2010-10-28,42.23,42.52,41.34,41.56,213400,0.0,0
2010-10-29,41.52,42.09,41.45,41.97,209400,0.0,0
2010-11-01,42.14,42.69,42.0,42.32,150200,0.0,0
2010-11-02,42.6,42.77,42.14,42.47,213100,0.0,0
2010-11-03,42.51,42.67,42.08,42.41,158100,0.0,0
2010-11-04,42.96,43.41,42.63,43.39,206400,0.0,0
2010-11-05,43.35,44.34,43.35,43.66,168600,0.0,0
2010-11-08,43.55,43.83,42.78,43.46,346100,0.0,0
2010-11-09,43.66,43.66,41.5,41.82,251500,0.0,0
2010-11-10,42.02,42.71,41.94,42.56,243400,0.0,0
2010-11-11,42.29,42.83,42.16,42.31,156600,0.0,0
2010-11-12,42.05,42.48,42.0,42.2,151200,0.0,0
2010-11-15,42.36,42.67,41.7,41.74,172700,0.0,0
2010-11-16,41.55,41.67,40.45,40.81,276700,0.0,0
2010-11-17,40.96,41.61,40.62,41.3,267500,0.0,0
2010-11-18,41.81,41.89,41.52,41.63,201500,0.0,0
2010-11-19,41.42,41.93,41.25,41.81,238300,0.0,0
2010-11-22,41.84,41.94,41.5,41.59,204800,0.0,0
2010-11-23,41.18,41.55,41.12,41.55,195800,0.0,0
2010-11-24,41.86,42.19,41.64,42.19,248100,0.0,0
2010-11-26,41.87,42.1,41.81,41.95,64600,0.0,0
2010-11-29,41.7,42.22,41.48,42.18,281200,0.0,0
2010-11-30,41.74,42.31,41.66,42.2,467000,0.0,0
2010-12-01,42.72,42.72,42.13,42.45,362300,0.0,0
2010-12-02,42.57,43.13,42.42,43.13,291300,0.0,0
2010-12-03,42.89,43.26,42.73,43.18,223400,0.0,0
2010-12-06,43.06,43.33,42.47,43.0,167100,0.0,0
2010-12-07,43.37,43.6,43.19,43.29,232700,0.0,0
2010-12-08,43.33,43.54,42.53,42.76,230200,0.0,0
2010-12-09,42.95,43.13,42.55,42.56,141200,0.0,0
2010-12-10,42.58,43.39,42.38,43.24,192400,0.0,0
2010-12-13,43.41,43.48,43.1,43.11,246600,0.0,0
2010-12-14,43.15,43.48,42.67,42.83,146100,0.0,0
2010-12-15,42.82,43.12,42.4,42.41,228100,0.0,0
2010-12-16,42.49,42.86,42.27,42.61,189500,0.0,0
2010-12-17,42.69,42.97,42.47,42.85,543400,0.0,0
2010-12-20,42.97,43.06,42.8,42.95,229700,0.0,0
2010-12-21,43.1,43.27,42.82,43.15,281700,0.0,0
2010-12-22,43.14,43.75,43.14,43.35,204100,0.0,0
2010-12-23,43.35,43.35,42.87,43.12,264600,0.0,0
2010-12-27,42.98,43.94,42.97,43.9,131100,0.0,0
2010-12-28,43.99,44.23,43.55,44.17,112100,0.0,0
2010-12-29,44.28,44.34,43.88,44.03,113200,0.0,0
2010-12-30,43.94,44.1,43.78,43.99,88900,0.0,0
2010-12-31,43.93,44.12,43.66,43.66,146000,0.0,0
2011-01-03,43.96,44.39,43.66,43.99,494500,0.0,0
2011-01-04,44.07,44.12,42.61,42.72,389700,0.0,0
2011-01-05,42.63,43.11,42.57,42.73,404700,0.0,0
2011-01-06,42.84,43.39,42.82,42.95,591000,0.0,0
2011-01-07,43.07,43.36,42.31,42.61,230500,0.0,0
2011-01-10,42.56,42.63,42.16,42.54,240000,0.0,0
2011-01-11,42.89,42.89,42.03,42.49,282600,0.0,0
2011-01-12,42.94,43.1,42.71,42.89,270100,0.628,0
2011-01-13,42.88,43.06,42.72,42.92,178700,0.0,0
2011-01-14,42.88,42.99,42.58,42.9,227200,0.0,0
2011-01-18,42.92,43.18,42.52,43.18,197900,0.0,0
2011-01-19,43.05,43.13,42.21,42.38,268900,0.0,0
2011-01-20,42.19,42.68,42.19,42.38,206100,0.0,0
2011-01-21,42.59,42.59,42.19,42.51,249800,0.0,0
2011-01-24,42.57,43.03,42.4,42.85,199300,0.0,0
2011-01-25,42.75,43.62,42.48,43.62,250000,0.0,0
2011-01-26,43.64,43.78,43.16,43.43,256100,0.0,0
2011-01-27,43.58,44.08,43.28,43.87,348800,0.0,0
2011-01-28,43.83,44.02,43.39,43.58,403200,0.0,0
2011-01-31,43.81,44.51,43.71,44.29,176700,0.0,0
2011-02-01,44.51,44.51,43.73,44.38,177600,0.0,0
2011-02-02,44.51,44.55,43.9,43.94,184600,0.0,0
2011-02-03,43.87,44.05,43.64,43.76,315200,0.0,0
2011-02-04,43.67,43.67,42.71,42.76,252900,0.0,0
2011-02-07,42.86,43.29,42.79,43.23,364100,0.0,0
2011-02-08,43.26,43.62,43.07,43.26,548900,0.0,0
2011-02-09,43.33,43.33,42.83,43.14,326500,0.0,0
2011-02-10,42.87,43.42,42.85,42.99,206100,0.0,0
2011-02-11,42.93,43.01,42.66,42.8,310300,0.0,0
2011-02-14,42.87,43.13,42.69,43.01,203800,0.0,0
2011-02-15,42.78,43.01,42.62,42.83,208100,0.0,0
2011-02-16,43.0,43.26,42.57,42.92,190400,0.0,0
2011-02-17,42.89,43.06,42.71,42.97,142700,0.0,0
2011-02-18,43.05,43.48,43.05,43.37,287500,0.0,0
2011-02-22,43.08,43.68,43.01,43.51,222400,0.0,0
2011-02-23,43.55,43.65,43.03,43.1,204700,0.0,0
2011-02-24,43.08,43.24,42.62,43.07,186200,0.0,0
2011-02-25,43.18,44.01,43.18,44.0,324600,0.0,0
2011-02-28,44.01,45.14,44.0,45.14,431700,0.0,0
2011-03-01,45.12,45.16,43.58,43.66,408700,0.0,0
2011-03-02,43.48,43.7,43.08,43.24,273500,0.0,0
2011-03-03,43.56,43.76,43.38,43.49,445800,0.0,0
2011-03-04,43.66,43.66,42.58,42.9,228300,0.0,0
2011-03-07,42.92,43.17,42.09,42.33,275400,0.0,0
2011-03-08,42.37,43.05,42.1,42.84,358300,0.0,0
2011-03-09,43.16,43.46,42.86,43.39,412300,0.0,0
2011-03-10,43.03,43.13,42.71,42.83,197600,0.0,0
2011-03-11,42.78,43.42,42.59,43.32,185100,0.0,0
2011-03-14,43.03,43.21,42.72,43.05,162300,0.0,0
2011-03-15,42.18,43.08,42.07,42.79,206600,0.0,0
2011-03-16,42.72,43.01,41.97,42.01,334000,0.0,0
2011-03-17,42.51,42.6,42.02,42.54,257900,0.0,0
2011-03-18,42.87,43.17,42.67,43.13,561900,0.0,0
2011-03-21,43.48,43.51,43.17,43.21,310700,0.0,0
2011-03-22,43.32,43.35,43.0,43.04,164000,0.0,0
2011-03-23,42.97,43.08,42.31,42.59,304500,0.0,0
2011-03-24,42.83,43.02,42.33,42.89,259800,0.0,0
2011-03-25,42.99,43.64,42.99,43.3,235100,0.0,0
2011-03-28,43.22,43.59,43.08,43.17,292600,0.0,0
2011-03-29,43.1,43.35,42.58,43.35,230200,0.0,0
2011-03-30,43.55,44.11,43.42,43.95,448700,0.0,0
2011-03-31,43.88,44.68,43.78,44.6,451000,0.0,0
2011-04-01,44.68,45.04,44.37,44.87,261900,0.0,0
2011-04-04,44.95,45.16,44.82,45.1,227400,0.0,0
2011-04-05,44.94,45.1,44.73,44.87,214600,0.0,0
2011-04-06,44.95,45.03,44.7,44.72,128700,0.0,0
2011-04-07,44.72,44.72,44.08,44.09,216900,0.0,0
2011-04-08,44.27,44.34,43.72,43.87,224300,0.0,0
2011-04-11,43.94,44.34,43.94,44.05,268000,0.0,0
2011-04-12,43.96,44.46,43.96,44.12,225400,0.0,0
2011-04-13,44.23,44.38,43.91,43.97,234000,0.628,0
2011-04-14,43.72,44.51,43.59,44.38,203100,0.0,0
2011-04-15,44.27,44.67,44.21,44.64,215800,0.0,0
2011-04-18,44.18,44.34,43.91,44.28,164700,0.0,0
2011-04-19,44.42,44.63,44.38,44.6,111000,0.0,0
2011-04-20,45.07,45.34,44.64,45.33,235900,0.0,0
2011-04-21,45.55,45.7,45.12,45.62,125700,0.0,0
2011-04-25,45.58,45.85,45.38,45.79,115600,0.0,0
2011-04-26,45.96,46.54,45.63,46.28,212400,0.0,0
2011-04-27,46.35,46.73,46.13,46.68,139100,0.0,0
2011-04-28,46.72,47.27,46.72,47.04,206000,0.0,0
2011-04-29,47.12,47.12,46.39,46.91,234000,0.0,0
2011-05-02,47.11,47.19,46.42,46.89,218000,0.0,0
2011-05-03,46.67,47.15,46.26,46.68,151000,0.0,0
2011-05-04,46.71,46.99,46.42,46.78,319700,0.0,0
2011-05-05,46.47,47.36,46.47,46.89,192300,0.0,0
2011-05-06,47.54,47.89,47.07,47.39,333000,0.0,0
2011-05-09,47.33,47.51,47.01,47.13,233000,0.0,0
2011-05-10,47.27,48.02,47.25,47.91,300000,0.0,0
2011-05-11,47.82,47.91,46.87,47.02,313100,0.0,0
2011-05-12,46.82,46.97,46.52,46.77,256000,0.0,0
2011-05-13,46.92,46.92,46.33,46.38,194700,0.0,0
2011-05-16,46.23,46.63,46.14,46.39,219500,0.0,0
2011-05-17,46.25,46.51,46.14,46.3,299400,0.0,0
2011-05-18,46.49,46.82,46.15,46.77,189600,0.0,0
2011-05-19,46.89,47.15,46.57,46.87,139100,0.0,0
2011-05-20,46.66,46.81,45.98,46.34,398800,0.0,0
2011-05-23,45.78,46.12,45.54,45.81,218500,0.0,0
2011-05-24,45.98,46.05,45.62,45.81,174600,0.0,0
2011-05-25,45.8,46.33,45.53,46.18,170900,0.0,0
2011-05-26,46.06,47.18,45.93,47.13,247300,0.0,0
2011-05-27,47.22,47.29,46.92,47.21,155700,0.0,0
2011-05-31,47.85,48.15,47.49,48.1,430000,0.0,0
2011-06-01,48.0,48.0,46.49,46.59,458800,0.0,0
2011-06-02,46.66,47.19,46.57,46.61,290100,0.0,0
2011-06-03,46.06,47.2,46.06,47.14,328900,0.0,0
2011-06-06,47.1,47.31,46.68,46.7,230500,0.0,0
2011-06-07,47.01,47.6,46.93,47.21,204400,0.0,0
2011-06-08,46.96,47.53,46.93,47.12,169000,0.0,0
2011-06-09,47.29,47.29,46.57,46.94,212700,0.0,0
2011-06-10,46.69,46.84,45.81,45.9,229900,0.0,0
2011-06-13,45.93,46.38,45.81,46.11,232400,0.0,0
2011-06-14,46.42,46.77,46.21,46.73,215800,0.0,0
2011-06-15,46.31,46.64,45.7,46.1,261200,0.0,0
2011-06-16,46.24,46.71,45.67,46.41,292100,0.0,0
2011-06-17,46.75,47.16,46.41,47.06,709900,0.0,0
2011-06-20,47.03,47.57,46.84,47.33,204900,0.0,0
2011-06-21,47.67,47.8,47.37,47.76,273500,0.0,0
2011-06-22,47.67,47.72,46.83,46.89,455700,0.0,0
2011-06-23,46.27,46.28,45.58,45.71,384800,0.0,0
2011-06-24,45.76,46.21,45.44,45.95,637700,0.0,0
2011-06-27,46.0,46.37,45.91,46.17,277900,0.0,0
2011-06-28,46.19,46.62,45.91,46.61,217800,0.0,0
2011-06-29,46.82,47.14,46.55,47.05,154900,0.0,0
2011-06-30,47.18,47.58,47.04,47.34,319000,0.0,0
2011-07-01,47.41,48.34,47.35,48.18,316400,0.0,0
2011-07-05,48.15,48.59,47.79,48.53,257800,0.0,0
2011-07-06,48.38,49.2,48.38,49.11,169200,0.0,0
2011-07-07,49.4,49.91,49.3,49.87,245900,0.0,0
2011-07-08,49.2,49.99,49.2,49.92,189700,0.0,0
2011-07-11,49.41,49.77,49.29,49.37,327500,0.0,0
2011-07-12,49.21,50.45,49.21,49.7,267700,0.0,0
2011-07-13,49.91,50.07,49.54,49.66,540000,0.628,0
2011-07-14,49.67,49.88,48.91,49.26,252900,0.0,0
2011-07-15,49.62,50.36,49.23,49.94,231900,0.0,0
2011-07-18,49.86,50.17,49.35,50.02,280200,0.0,0
2011-07-19,50.34,51.08,50.24,51.02,254000,0.0,0
2011-07-20,50.98,51.24,50.75,51.09,216800,0.0,0
2011-07-21,51.31,51.82,51.26,51.6,182400,0.0,0
2011-07-22,51.67,51.94,51.45,51.86,198700,0.0,0
2011-07-25,51.29,51.71,51.12,51.32,103400,0.0,0
2011-07-26,51.36,51.41,50.93,51.16,173000,0.0,0
2011-07-27,51.02,51.02,49.87,49.89,220500,0.0,0
2011-07-28,49.81,50.2,49.19,49.79,233500,0.0,0
2011-07-29,49.38,50.15,48.98,50.12,244700,0.0,0
2011-08-01,50.86,50.86,49.63,50.11,243300,0.0,0
2011-08-02,49.79,50.13,49.03,49.11,289800,0.0,0
2011-08-03,49.22,49.22,47.31,48.28,374400,0.0,0
2011-08-04,47.74,48.04,46.29,46.29,459500,0.0,0
2011-08-05,44.75,46.22,42.8,43.97,783800,0.0,0
2011-08-08,41.93,43.32,40.38,40.4,659300,0.0,0
2011-08-09,41.31,45.24,40.72,45.11,834000,0.0,0
2011-08-10,43.92,46.96,43.51,44.76,765600,0.0,0
2011-08-11,44.92,47.48,44.66,46.59,425500,0.0,0
2011-08-12,47.06,47.81,46.22,47.09,338100,0.0,0
2011-08-15,47.41,48.54,47.28,48.43,401700,0.0,0
2011-08-16,47.97,48.6,47.63,47.92,463400,0.0,0
2011-08-17,48.14,48.72,47.73,48.26,188500,0.0,0
2011-08-18,46.82,47.49,46.08,46.93,512500,0.0,0
2011-08-19,45.93,47.11,45.93,46.46,346300,0.0,0
2011-08-22,47.43,47.54,46.44,46.73,362200,0.0,0
2011-08-23,46.92,48.31,46.08,48.26,402900,0.0,0
2011-08-24,48.14,49.23,47.94,49.15,518300,0.0,0
2011-08-25,49.37,49.83,47.22,47.31,403600,0.0,0
2011-08-26,46.96,48.15,46.05,48.12,272200,0.0,0
2011-08-29,48.85,49.83,48.6,49.75,293600,0.0,0
2011-08-30,49.51,50.24,48.75,49.97,238500,0.0,0
2011-08-31,50.29,50.83,49.81,50.61,488100,0.0,0
2011-09-01,50.01,50.42,49.03,49.22,572300,0.0,0
2011-09-02,48.16,49.21,48.03,48.29,308400,0.0,0
2011-09-06,47.0,48.31,47.0,48.02,291200,0.0,0
2011-09-07,48.59,49.51,47.93,49.48,355800,0.0,0
2011-09-08,49.33,49.91,48.98,49.26,338900,0.0,0
2011-09-09,48.77,49.01,47.39,47.6,449800,0.0,0
2011-09-12,47.04,47.97,46.67,47.94,555400,0.0,0
2011-09-13,48.12,48.79,47.52,48.61,484700,0.0,0
2011-09-14,48.99,49.18,48.09,48.63,525800,0.0,0
2011-09-15,49.01,49.28,48.54,48.81,464400,0.0,0
2011-09-16,48.85,49.2,48.23,48.93,538200,0.0,0
2011-09-19,47.99,48.39,47.25,47.25,446300,0.0,0
2011-09-20,47.39,47.7,46.59,46.62,407400,0.0,0
2011-09-21,46.64,46.74,43.96,44.02,481100,0.0,0
2011-09-22,42.81,43.87,42.5,43.11,501800,0.0,0
2011-09-23,43.03,43.89,42.87,43.83,295400,0.0,0
2011-09-26,44.1,44.33,43.48,44.13,349600,0.0,0
2011-09-27,44.83,45.25,44.38,44.64,385100,0.0,0
2011-09-28,44.59,44.74,42.66,42.71,811700,0.0,0
2011-09-29,43.45,43.73,42.88,43.56,564500,0.0,0
2011-09-30,43.12,43.75,42.54,42.63,558800,0.0,0
2011-10-03,42.41,42.71,40.04,40.05,650300,0.0,0
2011-10-04,39.58,42.11,39.01,41.97,863700,0.0,0
2011-10-05,42.03,42.04,39.47,41.18,487600,0.0,0
2011-10-06,41.03,42.58,40.96,42.51,465900,0.0,0
2011-10-07,42.71,42.75,40.94,40.99,394400,0.0,0
2011-10-10,41.91,43.3,41.65,43.28,312700,0.0,0
2011-10-11,42.79,43.16,41.46,41.79,449900,0.0,0
2011-10-12,41.9,42.8,41.75,41.96,627700,0.628,0
2011-10-13,41.75,42.18,40.96,41.79,507800,0.0,0
2011-10-14,42.37,42.94,42.08,42.74,265800,0.0,0
2011-10-17,42.32,42.36,41.46,41.63,537200,0.0,0
2011-10-18,41.78,42.86,41.45,42.59,464400,0.0,0
2011-10-19,42.48,42.84,41.75,41.92,417600,0.0,0
2011-10-20,42.01,42.31,41.14,41.83,484400,0.0,0
2011-10-21,42.33,42.43,41.77,42.28,750900,0.0,0
2011-10-24,42.28,43.44,42.02,43.02,601900,0.0,0
2011-10-25,42.75,42.82,42.27,42.51,488400,0.0,0
2011-10-26,42.96,43.31,42.3,43.07,584900,0.0,0
2011-10-27,44.75,45.28,43.88,44.86,578100,0.0,0
2011-10-28,44.73,45.11,44.32,44.68,362100,0.0,0
2011-10-31,44.07,45.03,43.82,44.65,377300,0.0,0
2011-11-01,43.31,44.46,42.86,43.13,595300,0.0,0
2011-11-02,43.74,44.59,43.49,44.1,597700,0.0,0
2011-11-03,44.37,44.6,43.31,44.4,426600,0.0,0
2011-11-04,43.79,44.38,43.48,43.98,274700,0.0,0
2011-11-07,43.94,44.37,43.4,43.82,346200,0.0,0
2011-11-08,44.02,44.24,42.94,44.05,659200,0.0,0
2011-11-09,43.24,43.9,42.28,42.41,513800,0.0,0
2011-11-10,43.0,43.1,42.49,42.94,593900,0.0,0
2011-11-11,43.39,43.97,43.07,43.82,596100,0.0,0
2011-11-14,43.56,43.62,42.79,42.99,374300,0.0,0
2011-11-15,42.79,43.28,42.54,42.96,371100,0.0,0
2011-11-16,42.56,43.21,42.35,42.66,332600,0.0,0
2011-11-17,42.53,42.62,41.5,41.72,268100,0.0,0
2011-11-18,41.72,41.93,41.32,41.76,407400,0.0,0
2011-11-21,41.0,41.26,40.33,40.67,397300,0.0,0
2011-11-22,40.66,41.33,40.53,40.97,470300,0.0,0
2011-11-23,40.65,40.69,39.68,39.72,320600,0.0,0
2011-11-25,39.69,40.51,39.44,39.61,157500,0.0,0
2011-11-28,40.63,40.74,39.89,40.17,361300,0.0,0
2011-11-29,40.37,40.37,39.68,39.94,353100,0.0,0
2011-11-30,40.82,41.1,40.53,41.02,931700,0.0,0
2011-12-01,40.98,41.08,40.45,40.86,312600,0.0,0
2011-12-02,41.96,42.02,41.03,41.38,397300,0.0,0
2011-12-05,41.94,42.13,41.36,41.55,370800,0.0,0
2011-12-06,41.5,41.62,41.05,41.1,196100,0.0,0
2011-12-07,41.05,41.93,40.72,41.77,450500,0.0,0
2011-12-08,41.46,41.7,40.4,40.5,221300,0.0,0
2011-12-09,40.55,41.21,40.37,40.97,448400,0.0,0
2011-12-12,40.53,40.6,40.08,40.47,220600,0.0,0
2011-12-13,40.72,41.18,40.48,40.79,428400,0.0,0
2011-12-14,40.55,41.8,40.48,41.53,821700,0.0,0
2011-12-15,41.98,42.82,41.73,42.78,379800,0.0,0
2011-12-16,42.96,43.37,42.86,43.09,756000,0.0,0
2011-12-19,43.34,43.37,42.65,42.7,285500,0.0,0
2011-12-20,43.83,44.43,43.57,44.31,434400,0.0,0
2011-12-21,44.25,44.72,43.97,44.66,243300,0.0,0
2011-12-22,44.71,45.4,44.71,44.86,191500,0.0,0
2011-12-23,45.09,45.17,44.63,45.02,114600,0.0,0
2011-12-27,44.92,45.5,44.66,45.15,114200,0.0,0
2011-12-28,45.25,45.39,44.64,44.67,209300,0.0,0
2011-12-29,44.7,45.18,44.62,44.99,176900,0.0,0
2011-12-30,45.06,45.53,44.75,44.76,178300,0.0,0
2012-01-03,45.52,45.83,44.87,45.07,392800,0.0,0
2012-01-04,44.62,44.82,44.31,44.46,333800,0.0,0
2012-01-05,44.35,45.22,44.32,45.13,341500,0.0,0
2012-01-06,45.12,45.31,44.66,44.9,228600,0.0,0
2012-01-09,44.87,44.89,43.82,43.87,307400,0.0,0
2012-01-10,44.2,44.44,43.41,43.78,447700,0.0,0
2012-01-11,43.82,44.09,43.56,43.94,346800,0.66,0
2012-01-12,44.03,44.03,42.49,42.54,429200,0.0,0
2012-01-13,42.29,42.52,41.93,42.31,823400,0.0,0
2012-01-17,42.67,43.03,42.43,42.6,303600,0.0,0
2012-01-18,42.57,43.02,42.57,42.83,374200,0.0,0
2012-01-19,42.8,43.67,42.8,43.51,415600,0.0,0
2012-01-20,43.56,44.13,43.33,44.09,448100,0.0,0
2012-01-23,44.08,44.75,43.9,44.7,390800,0.0,0
2012-01-24,44.47,44.88,44.28,44.71,313300,0.0,0
2012-01-25,44.61,45.55,44.61,45.33,237000,0.0,0
2012-01-26,45.57,46.12,45.31,46.09,266100,0.0,0
2012-01-27,45.89,46.45,45.8,46.34,216500,0.0,0
2012-01-30,45.9,46.29,45.78,46.03,289600,0.0,0
2012-01-31,46.29,46.46,45.91,46.24,320500,0.0,0
2012-02-01,46.72,46.83,46.34,46.74,480900,0.0,0
2012-02-02,46.68,46.84,46.2,46.4,404300,0.0,0
2012-02-03,46.4,47.48,42.25,46.62,532900,0.0,0
2012-02-06,46.64,46.71,46.24,46.41,316100,0.0,0
2012-02-07,46.7,47.31,46.25,46.62,341000,0.0,0
2012-02-08,46.75,46.97,46.09,46.62,221200,0.0,0
2012-02-09,46.62,46.89,45.57,46.63,1693300,0.0,0
2012-02-10,46.34,47.19,46.32,46.59,482200,0.0,0
2012-02-13,46.93,47.2,46.3,46.36,396000,0.0,0
2012-02-14,46.33,46.39,45.07,45.29,579700,0.0,0
2012-02-15,45.45,45.55,44.92,45.0,555600,0.0,0
2012-02-16,45.21,45.68,45.03,45.52,307900,0.0,0
2012-02-17,45.62,45.78,45.39,45.65,131000,0.0,0
2012-02-21,45.73,45.76,44.94,45.11,279500,0.0,0
2012-02-22,45.07,45.24,44.79,44.8,179600,0.0,0
2012-02-23,44.88,45.55,44.68,45.54,231200,0.0,0
2012-02-24,45.6,45.78,45.21,45.67,155000,0.0,0
2012-02-27,45.54,45.96,44.81,45.94,272600,0.0,0
2012-02-28,45.75,45.92,45.09,45.31,1154400,0.0,0
2012-02-29,45.3,45.57,44.89,45.12,618100,0.0,0
2012-03-01,45.26,45.55,45.19,45.41,314100,0.0,0
2012-03-02,45.41,45.44,44.92,45.09,485400,0.0,0
2012-03-05,44.98,46.01,44.91,45.83,419600,0.0,0
2012-03-06,45.52,45.91,45.37,45.65,409200,0.0,0
2012-03-07,45.78,45.87,45.29,45.77,384300,0.0,0
2012-03-08,45.84,45.87,45.45,45.65,310600,0.0,0
2012-03-09,45.75,46.88,45.55,46.65,553400,0.0,0
2012-03-12,46.66,46.75,46.46,46.58,246900,0.0,0
2012-03-13,46.84,47.06,46.49,47.04,418500,0.0,0
2012-03-14,47.1,47.38,46.74,46.91,265700,0.0,0
2012-03-15,47.04,47.13,46.48,46.72,210100,0.0,0
2012-03-16,46.76,46.98,46.58,46.81,705700,0.0,0
2012-03-19,46.84,47.58,46.62,47.57,315500,0.0,0
2012-03-20,47.27,47.59,47.17,47.35,204500,0.0,0
2012-03-21,47.52,47.53,46.88,46.91,176900,0.0,0
2012-03-22,46.67,46.67,46.2,46.36,348200,0.0,0
2012-03-23,46.64,46.84,46.23,46.68,242700,0.0,0
2012-03-26,47.24,47.43,47.01,47.4,189800,0.0,0
2012-03-27,47.51,47.63,47.28,47.3,246000,0.0,0
2012-03-28,47.43,47.52,47.06,47.39,187900,0.0,0
2012-03-29,47.07,47.72,46.85,47.59,190500,0.0,0
2012-03-30,47.9,48.55,47.74,48.49,641400,0.0,0
2012-04-02,48.48,49.15,48.15,49.09,369300,0.0,0
2012-04-03,48.66,49.13,48.66,49.03,388400,0.0,0
2012-04-04,48.74,49.08,48.62,49.03,351900,0.0,0
2012-04-05,48.78,49.16,48.66,49.12,443900,0.0,0
2012-04-09,48.42,48.68,48.34,48.55,328800,0.0,0
2012-04-10,48.57,48.87,47.39,47.4,423800,0.0,0
2012-04-11,47.73,47.86,47.45,47.82,344600,0.66,0
2012-04-12,47.95,48.23,47.65,48.16,299600,0.0,0
2012-04-13,48.16,48.45,47.97,48.05,134500,0.0,0
2012-04-16,48.14,49.11,48.14,48.89,246800,0.0,0
2012-04-17,49.32,49.32,48.84,48.99,230600,0.0,0
2012-04-18,48.95,49.02,48.59,48.6,190700,0.0,0
2012-04-19,48.57,48.76,48.28,48.5,171400,0.0,0
2012-04-20,48.93,49.28,48.8,49.05,222000,0.0,0
2012-04-23,48.6,48.77,48.2,48.6,159900,0.0,0
2012-04-24,48.8,49.47,48.65,49.44,223300,0.0,0
2012-04-25,49.84,50.16,49.61,50.12,275300,0.0,0
2012-04-26,50.09,50.11,49.39,49.7,201600,0.0,0
2012-04-27,49.95,50.14,49.35,49.96,152900,0.0,0
2012-04-30,50.01,50.01,49.47,49.74,207000,0.0,0
2012-05-01,49.71,50.5,49.5,50.17,382000,0.0,0
2012-05-02,49.87,50.53,49.55,50.53,357100,0.0,0
2012-05-03,50.67,50.79,50.33,50.47,284400,0.0,0
2012-05-04,50.15,50.38,49.38,49.95,367900,0.0,0
2012-05-07,49.81,50.62,49.74,50.47,238000,0.0,0
2012-05-08,50.31,50.66,50.11,50.4,456800,0.0,0
2012-05-09,50.04,51.18,49.95,50.8,439500,0.0,0
2012-05-10,51.17,51.23,50.45,50.92,290700,0.0,0
2012-05-11,50.57,51.31,50.42,51.3,385800,0.0,0
2012-05-14,50.73,51.04,50.52,50.56,257000,0.0,0
2012-05-15,50.47,50.55,50.01,50.16,156000,0.0,0
2012-05-16,50.42,50.59,49.74,49.9,196900,0.0,0
2012-05-17,49.81,49.81,48.45,48.46,240800,0.0,0
2012-05-18,48.38,49.06,48.04,48.17,214600,0.0,0
2012-05-21,48.33,49.22,48.13,48.84,253500,0.0,0
2012-05-22,49.03,49.49,48.82,49.19,268000,0.0,0
2012-05-23,48.88,49.33,48.59,49.27,206000,0.0,0
2012-05-24,49.4,49.66,48.55,49.22,170300,0.0,0
2012-05-25,49.23,49.57,48.78,48.88,122900,0.0,0
2012-05-29,49.26,49.85,48.87,49.69,257200,0.0,0
2012-05-30,49.27,49.33,48.66,48.67,313700,0.0,0
2012-05-31,48.75,49.76,48.4,49.25,694300,0.0,0
2012-06-01,48.41,48.97,48.38,48.53,344600,0.0,0
2012-06-04,48.59,48.59,47.26,47.68,304400,0.0,0
2012-06-05,47.54,48.78,47.27,48.6,273600,0.0,0
2012-06-06,49.15,49.26,48.53,49.26,270400,0.0,0
2012-06-07,49.95,49.95,48.49,48.49,312200,0.0,0
2012-06-08,48.36,49.0,48.36,48.91,238100,0.0,0
2012-06-11,49.43,49.52,47.93,48.02,347400,0.0,0
2012-06-12,48.27,48.65,47.72,48.61,233400,0.0,0
2012-06-13,48.36,49.06,48.16,48.62,373100,0.0,0
2012-06-14,48.59,49.55,48.59,49.41,262100,0.0,0
2012-06-15,49.47,49.76,48.96,49.73,487500,0.0,0
2012-06-18,49.37,49.98,49.15,49.38,352300,0.0,0
2012-06-19,49.5,49.55,49.06,49.13,315900,0.0,0
2012-06-20,49.23,49.32,48.57,48.96,243900,0.0,0
2012-06-21,48.96,49.08,47.84,48.04,344500,0.0,0
2012-06-22,48.19,48.31,47.35,47.57,3948000,0.0,0
2012-06-25,47.45,48.25,47.29,48.06,459300,0.0,0
2012-06-26,48.22,48.54,47.89,48.12,266500,0.0,0
2012-06-27,48.4,48.54,47.93,48.23,198800,0.0,0
2012-06-28,48.05,49.06,47.63,48.96,306700,0.0,0
2012-06-29,49.65,49.87,49.36,49.87,225700,0.0,0
2012-07-02,50.2,50.55,49.6,50.41,316800,0.0,0
2012-07-03,50.57,50.8,50.42,50.73,118800,0.0,0
2012-07-05,50.74,50.9,50.13,50.44,175300,0.0,0
2012-07-06,50.07,50.69,50.05,50.66,123600,0.0,0
2012-07-09,50.57,50.74,50.18,50.58,264700,0.0,0
2012-07-10,50.89,51.03,49.85,50.07,161200,0.0,0
2012-07-11,50.24,50.35,49.68,50.01,184800,0.66,0
2012-07-12,49.73,51.17,49.68,50.93,258500,0.0,0
2012-07-13,51.08,51.64,50.88,51.63,260000,0.0,0
2012-07-16,51.4,51.7,51.3,51.56,207500,0.0,0
2012-07-17,51.64,51.8,51.31,51.69,286500,0.0,0
2012-07-18,51.61,51.79,51.13,51.54,133300,0.0,0
2012-07-19,51.79,51.79,50.57,51.01,89600,0.0,0
2012-07-20,50.82,51.08,50.52,50.63,375000,0.0,0
2012-07-23,50.33,50.78,50.07,50.66,115100,0.0,0
2012-07-24,50.93,51.19,50.55,51.04,271700,0.0,0
2012-07-25,51.34,51.36,50.77,51.25,175200,0.0,0
2012-07-26,51.76,51.81,50.69,50.91,167100,0.0,0
2012-07-27,51.14,51.53,50.99,51.21,175000,0.0,0
2012-07-30,51.24,51.42,50.93,51.06,196000,0.0,0
2012-07-31,51.06,51.22,50.82,51.08,225000,0.0,0
2012-08-01,51.35,51.65,50.94,50.96,288800,0.0,0
2012-08-02,50.93,51.03,50.5,50.93,217200,0.0,0
2012-08-03,51.41,51.65,50.37,50.77,208800,0.0,0
2012-08-06,50.88,50.88,50.33,50.51,132100,0.0,0
2012-08-07,50.57,50.71,49.87,49.93,206900,0.0,0
2012-08-08,49.87,49.89,49.13,49.33,243100,0.0,0
2012-08-09,49.36,49.63,49.16,49.26,148500,0.0,0
2012-08-10,49.27,49.46,48.96,49.16,149800,0.0,0
2012-08-13,49.25,49.32,48.93,49.07,116400,0.0,0
2012-08-14,49.17,49.41,48.91,49.04,144100,0.0,0
2012-08-15,48.91,49.14,48.91,49.07,280800,0.0,0
2012-08-16,49.19,49.7,48.8,49.52,472200,0.0,0
2012-08-17,49.61,50.25,49.51,49.96,528200,0.0,0
2012-08-20,49.98,50.13,49.69,50.03,291900,0.0,0
2012-08-21,50.23,50.4,49.88,50.05,103700,0.0,0
2012-08-22,50.03,50.14,49.62,50.13,192600,0.0,0
2012-08-23,50.04,50.14,49.75,49.87,483900,0.0,0
2012-08-24,49.96,50.27,49.69,50.12,171000,0.0,0
2012-08-27,50.32,50.48,49.84,50.4,127700,0.0,0
2012-08-28,50.44,50.85,50.14,50.78,219900,0.0,0
2012-08-29,50.91,50.91,50.6,50.78,190300,0.0,0
2012-08-30,50.6,50.68,50.33,50.41,111600,0.0,0
2012-08-31,50.48,50.54,49.85,50.17,213500,0.0,0
2012-09-04,50.29,50.31,49.75,50.24,188900,0.0,0
2012-09-05,50.39,50.46,49.99,50.09,155200,0.0,0
2012-09-06,50.4,50.4,50.03,50.09,218300,0.0,0
2012-09-07,50.03,50.23,49.98,50.21,213500,0.0,0
2012-09-10,50.2,50.2,49.62,49.77,129000,0.0,0
2012-09-11,49.85,50.03,49.62,50.02,133800,0.0,0
2012-09-12,50.27,50.34,49.65,49.72,140200,0.0,0
2012-09-13,49.7,50.27,49.67,50.04,162500,0.0,0
2012-09-14,50.03,51.02,50.03,50.66,142600,0.0,0
2012-09-17,50.66,50.88,50.42,50.43,82300,0.0,0
2012-09-18,50.43,50.51,49.71,49.89,118700,0.0,0
2012-09-19,49.98,50.12,49.52,49.52,212400,0.0,0
2012-09-20,49.27,49.27,48.63,48.81,193800,0.0,0
2012-09-21,48.81,49.05,48.71,48.75,254300,0.0,0
2012-09-24,48.79,49.05,48.57,48.68,237000,0.0,0
2012-09-25,48.8,48.83,47.96,47.97,188200,0.0,0
2012-09-26,48.03,48.46,47.88,47.98,209300,0.0,0
2012-09-27,48.18,48.7,47.82,48.26,642200,0.0,0
2012-09-28,48.18,48.42,48.03,48.19,276800,0.0,0
2012-10-01,48.15,48.19,46.91,47.33,293700,0.0,0
2012-10-02,47.17,47.87,47.17,47.81,220700,0.0,0
2012-10-03,47.86,48.15,47.54,47.62,148000,0.0,0
2012-10-04,47.77,47.92,47.13,47.34,183400,0.0,0
2012-10-05,47.33,47.55,47.16,47.28,201000,0.0,0
2012-10-08,47.25,47.33,47.05,47.31,208100,0.0,0
2012-10-09,47.36,47.45,47.08,47.08,235500,0.0,0
2012-10-10,47.08,47.5,47.01,47.42,129100,0.0,0
2012-10-11,47.65,47.94,47.24,47.24,225000,0.66,0
2012-10-12,47.3,47.42,46.65,46.76,227700,0.0,0
2012-10-15,46.75,47.07,46.29,47.04,332100,0.0,0
2012-10-16,47.12,47.6,47.09,47.51,272800,0.0,0
2012-10-17,49.71,49.71,47.6,48.02,411100,0.0,0
2012-10-18,47.97,48.67,47.91,48.51,230900,0.0,0
2012-10-19,47.94,48.68,47.77,48.09,365100,0.0,0
2012-10-22,47.65,48.03,47.59,48.03,372600,0.0,0
2012-10-23,47.65,47.79,47.02,47.79,739600,0.0,0
2012-10-24,47.74,47.98,47.5,47.83,314400,0.0,0
2012-10-25,48.06,48.29,47.24,47.76,155500,0.0,0
2012-10-26,47.84,47.84,47.08,47.33,179200,0.0,0
2012-10-31,47.31,48.37,47.3,48.24,264300,0.0,0
2012-11-01,48.54,48.62,47.98,48.31,268300,0.0,0
2012-11-02,48.44,48.72,47.97,48.03,360100,0.0,0
2012-11-05,47.95,48.09,47.11,47.68,272000,0.0,0
2012-11-06,47.86,48.12,47.3,48.06,168200,0.0,0
2012-11-07,48.01,48.06,47.5,47.57,267400,0.0,0
2012-11-08,47.47,47.74,47.06,47.06,127500,0.0,0
2012-11-09,46.85,47.06,46.54,46.57,171700,0.0,0
2012-11-12,46.68,46.93,46.08,46.36,128900,0.0,0
2012-11-13,46.19,46.59,46.09,46.26,148600,0.0,0
2012-11-14,46.51,46.51,45.26,45.36,203900,0.0,0
2012-11-15,45.22,45.6,45.01,45.34,260900,0.0,0
2012-11-16,45.29,45.67,45.01,45.5,209400,0.0,0
2012-11-19,45.94,46.13,45.6,45.89,150100,0.0,0
2012-11-20,46.15,46.15,45.58,46.12,251700,0.0,0
2012-11-21,46.24,46.35,45.82,45.84,220000,0.0,0
2012-11-23,46.05,46.12,45.59,45.9,95200,0.0,0
2012-11-26,45.95,46.52,45.87,46.26,210300,0.0,0
2012-11-27,46.27,47.24,45.69,46.84,340100,0.0,0
2012-11-28,46.84,46.9,46.28,46.54,262700,0.0,0
2012-11-29,46.1,46.54,46.01,46.36,338000,0.0,0
2012-11-30,46.45,46.74,46.27,46.46,198000,0.0,0
2012-12-03,46.69,46.82,46.3,46.44,203000,0.0,0
2012-12-04,46.42,47.01,46.42,46.82,162700,0.0,0
2012-12-05,46.98,46.98,46.44,46.78,242800,0.0,0
2012-12-06,46.68,47.15,46.68,46.9,322100,0.0,0
2012-12-07,46.74,47.13,46.68,46.8,199300,0.0,0
2012-12-10,46.79,46.92,46.59,46.79,202900,0.0,0
2012-12-11,46.74,46.92,46.58,46.77,198100,0.0,0
2012-12-12,46.8,47.16,46.56,47.16,216100,0.0,0
2012-12-13,47.24,47.24,46.93,47.01,353300,0.0,0
2012-12-14,47.01,47.27,46.98,47.15,345500,0.0,0
2012-12-17,47.19,47.54,46.96,47.14,241300,0.0,0
2012-12-18,47.25,47.62,47.24,47.62,263400,0.0,0
2012-12-19,47.65,47.75,47.47,47.5,152800,0.0,0
2012-12-20,47.59,48.18,47.47,48.15,173300,0.0,0
2012-12-21,47.79,48.4,47.79,48.09,504200,0.0,0
2012-12-24,47.81,48.29,47.74,48.29,94500,0.0,0
2012-12-26,48.32,48.34,47.8,48.09,157900,0.0,0
2012-12-27,48.0,48.38,47.83,48.19,152000,0.0,0
2012-12-28,48.03,48.44,47.92,47.96,145100,0.0,0
2012-12-31,47.91,48.31,47.76,48.27,153400,0.0,0
2013-01-02,48.47,49.0,48.38,48.55,196900,0.0,0
2013-01-03,48.56,49.1,48.56,48.79,275000,0.0,0
2013-01-04,48.85,49.02,48.68,48.99,148200,0.0,0
2013-01-07,49.0,49.19,48.73,49.06,134000,0.0,0
2013-01-08,49.06,49.2,48.73,48.94,123800,0.0,0
2013-01-09,49.0,49.2,48.9,49.0,168000,0.0,0
2013-01-10,49.09,49.09,48.75,49.0,189100,0.0,0
2013-01-11,49.05,49.08,48.63,49.08,166200,0.695,0
2013-01-14,49.2,49.68,48.98,49.58,252600,0.0,0
2013-01-15,49.55,49.87,49.46,49.83,176400,0.0,0
2013-01-16,49.74,49.82,49.5,49.67,209100,0.0,0
2013-01-17,49.84,49.94,49.58,49.69,145800,0.0,0
2013-01-18,49.68,49.74,49.44,49.59,134600,0.0,0
2013-01-22,49.69,49.87,49.59,49.72,194000,0.0,0
2013-01-23,50.04,50.29,49.81,50.24,220400,0.0,0
2013-01-24,50.41,50.45,49.9,50.11,153700,0.0,0
2013-01-25,50.27,50.3,49.69,49.88,195700,0.0,0
2013-01-28,49.88,50.01,49.62,49.83,196800,0.0,0
2013-01-29,49.97,50.26,49.73,50.25,212500,0.0,0
2013-01-30,50.06,50.16,49.65,49.73,178300,0.0,0
2013-01-31,49.81,49.81,49.01,49.26,218200,0.0,0
2013-02-01,49.52,49.73,49.35,49.58,263400,0.0,0
2013-02-04,49.52,49.93,49.45,49.59,343800,0.0,0
2013-02-05,49.72,49.77,49.07,49.09,196000,0.0,0
2013-02-06,49.09,49.69,48.8,49.29,390900,0.0,0
2013-02-07,50.69,50.69,49.3,49.3,362800,0.0,0
2013-02-08,49.9,50.63,49.65,50.09,371600,0.0,0
2013-02-11,50.15,50.99,50.14,50.68,347500,0.0,0
2013-02-12,50.7,50.85,50.42,50.79,146600,0.0,0
2013-02-13,51.01,51.13,50.56,50.79,128900,0.0,0
2013-02-14,50.66,51.13,50.66,50.91,407000,0.0,0
2013-02-15,50.99,51.37,50.95,51.12,216600,0.0,0
2013-02-19,51.31,51.84,51.3,51.84,239900,0.0,0
2013-02-20,51.86,52.3,51.79,51.84,372000,0.0,0
2013-02-21,52.13,52.21,51.73,51.96,472900,0.0,0
2013-02-22,51.92,52.51,51.84,52.28,340200,0.0,0
2013-02-25,52.4,52.44,51.82,51.83,257300,0.0,0
2013-02-26,51.96,52.32,51.64,52.1,225300,0.0,0
2013-02-27,52.26,52.86,52.07,52.41,282400,0.0,0
2013-02-28,52.37,52.57,52.22,52.32,542100,0.0,0
2013-03-01,52.39,52.79,51.95,52.66,490400,0.0,0
2013-03-04,52.55,52.64,52.04,52.13,575300,0.0,0
2013-03-05,52.4,52.45,51.87,52.04,369500,0.0,0
2013-03-06,52.28,52.28,51.73,51.8,462100,0.0,0
2013-03-07,52.04,52.31,51.45,51.53,363300,0.0,0
2013-03-08,51.67,51.88,51.29,51.4,356100,0.0,0
2013-03-11,51.42,51.51,51.06,51.51,320700,0.0,0
2013-03-12,51.48,51.55,51.01,51.06,223100,0.0,0
2013-03-13,51.24,51.4,50.82,51.34,290600,0.0,0
2013-03-14,51.5,52.41,51.37,52.39,330800,0.0,0
2013-03-15,52.2,52.8,52.06,52.76,360200,0.0,0
2013-03-18,52.51,53.38,52.47,53.26,527400,0.0,0
2013-03-19,53.26,53.36,52.66,52.91,423600,0.0,0
2013-03-20,53.03,53.12,52.45,52.57,578400,0.0,0
2013-03-21,52.46,52.86,52.0,52.01,383100,0.0,0
2013-03-22,52.24,52.27,51.47,51.8,480400,0.0,0
2013-03-25,51.95,52.25,51.61,51.8,252600,0.0,0
2013-03-26,51.89,52.18,51.86,52.15,252400,0.0,0
2013-03-27,51.98,52.19,51.87,52.01,155800,0.0,0
2013-03-28,52.07,52.37,51.83,52.04,280200,0.0,0
2013-04-01,52.04,52.41,51.96,52.15,574600,0.0,0
2013-04-02,52.47,52.71,52.28,52.33,294600,0.0,0
2013-04-03,52.49,52.62,52.16,52.29,298800,0.0,0
2013-04-04,52.5,53.11,52.31,52.99,341400,0.0,0
2013-04-05,52.75,53.6,52.56,53.55,371800,0.0,0
2013-04-08,53.55,53.75,53.35,53.71,196400,0.0,0
2013-04-09,53.87,54.28,53.49,53.93,304500,0.0,0
2013-04-10,53.59,53.94,53.17,53.19,234000,0.0,0
2013-04-11,53.18,53.76,53.09,53.19,468100,0.695,0
2013-04-12,53.14,53.34,53.02,53.15,301300,0.0,0
2013-04-15,53.27,53.39,52.34,52.34,449000,0.0,0
2013-04-16,52.61,52.85,52.44,52.8,241900,0.0,0
2013-04-17,51.78,52.36,51.75,51.95,320500,0.0,0
2013-04-18,52.09,52.23,51.88,52.0,208200,0.0,0
2013-04-19,52.17,52.39,52.01,52.29,210700,0.0,0
2013-04-22,52.41,52.41,51.91,52.2,201800,0.0,0
2013-04-23,52.38,52.42,51.92,52.33,148200,0.0,0
2013-04-24,52.35,52.55,52.11,52.2,399200,0.0,0
2013-04-25,52.29,52.36,51.69,52.09,165600,0.0,0
2013-04-26,52.1,52.25,51.72,51.72,293800,0.0,0
2013-04-29,51.98,52.39,51.85,52.28,395900,0.0,0
2013-04-30,52.28,52.57,52.07,52.3,478600,0.0,0
2013-05-01,51.88,52.36,51.77,52.02,410700,0.0,0
2013-05-02,52.23,52.39,51.86,52.36,476400,0.0,0
2013-05-03,52.71,53.21,52.59,53.14,445500,0.0,0
2013-05-06,53.13,53.92,53.04,53.87,361100,0.0,0
2013-05-07,53.82,54.25,53.73,54.21,235500,0.0,0
2013-05-08,54.2,54.5,54.02,54.49,232700,0.0,0
2013-05-09,54.72,54.72,54.26,54.52,203600,0.0,0
2013-05-10,54.58,54.82,54.32,54.78,204900,0.0,0
2013-05-13,54.87,55.19,54.63,55.1,176100,0.0,0
2013-05-14,55.09,55.57,55.09,55.56,282700,0.0,0
2013-05-15,55.53,55.8,55.29,55.7,286300,0.0,0
2013-05-16,55.57,56.07,55.57,56.0,233700,0.0,0
2013-05-17,56.21,56.46,56.02,56.25,598900,0.0,0
2013-05-20,56.37,56.62,56.21,56.62,357100,0.0,0
2013-05-21,56.77,57.03,56.43,56.53,594800,0.0,0
2013-05-22,56.45,56.85,55.47,55.76,263200,0.0,0
2013-05-23,55.17,55.41,54.59,54.76,319700,0.0,0
2013-05-24,54.65,54.95,54.18,54.84,132900,0.0,0
2013-05-28,55.13,55.29,53.92,53.98,240500,0.0,0
2013-05-29,53.45,53.62,52.17,52.96,231400,0.0,0
2013-05-30,53.02,53.3,52.17,52.26,156800,0.0,0
2013-05-31,52.2,52.61,51.69,51.72,306600,0.0,0
2013-06-03,50.04,51.16,49.52,50.14,2435800,0.0,0
2013-06-04,50.25,51.52,50.0,51.05,1219400,0.0,0
2013-06-05,51.18,51.18,50.45,50.81,500300,0.0,0
2013-06-06,50.75,51.15,50.29,51.0,449300,0.0,0
2013-06-07,51.0,51.0,49.51,50.08,539900,0.0,0
2013-06-10,50.25,50.31,49.73,49.88,246200,0.0,0
2013-06-11,49.66,49.87,49.13,49.23,545100,0.0,0
2013-06-12,49.55,49.61,48.71,48.88,1939600,0.0,0
2013-06-13,48.86,49.78,48.75,49.66,596600,0.0,0
2013-06-14,49.63,50.08,49.07,49.36,993200,0.0,0
2013-06-17,49.68,50.1,48.88,49.39,503300,0.0,0
2013-06-18,49.41,50.0,49.13,49.77,307700,0.0,0
2013-06-19,48.86,49.91,48.19,48.3,419800,0.0,0
2013-06-20,48.01,48.04,46.53,46.72,626700,0.0,0
2013-06-21,47.06,47.74,46.46,47.56,1088200,0.0,0
2013-06-24,47.06,48.25,46.33,47.85,719400,0.0,0
2013-06-25,48.28,49.73,47.87,49.54,706800,0.0,0
2013-06-26,49.87,50.61,49.81,50.32,679300,0.0,0
2013-06-27,50.52,51.3,50.3,51.3,529100,0.0,0
2013-06-28,51.02,51.98,50.72,51.57,1027100,0.0,0
2013-07-01,51.64,51.91,51.06,51.27,350200,0.0,0
2013-07-02,51.22,52.0,51.02,51.75,597700,0.0,0
2013-07-03,51.54,51.54,50.59,51.21,344500,0.0,0
2013-07-05,51.24,51.63,49.58,50.47,453000,0.0,0
2013-07-08,50.49,51.08,50.22,50.49,287300,0.0,0
2013-07-09,50.52,51.86,50.52,51.63,275200,0.0,0
2013-07-10,51.71,51.75,50.8,51.12,448500,0.0,0
2013-07-11,51.93,52.17,51.61,52.11,725300,0.695,0
2013-07-12,52.16,52.16,51.48,51.76,272400,0.0,0
2013-07-15,51.79,51.93,51.34,51.88,169700,0.0,0
2013-07-16,51.78,52.2,51.77,52.2,211900,0.0,0
2013-07-17,52.46,52.6,52.01,52.5,258900,0.0,0
2013-07-18,52.6,53.3,52.41,53.25,324900,0.0,0
2013-07-19,53.07,53.4,52.88,53.2,703100,0.0,0
2013-07-22,53.26,53.82,53.03,53.41,489600,0.0,0
2013-07-23,53.61,53.76,52.98,53.33,227100,0.0,0
2013-07-24,53.26,53.29,51.81,52.2,378700,0.0,0
2013-07-25,52.15,52.53,51.99,52.29,552300,0.0,0
2013-07-26,52.19,52.55,51.96,52.43,285800,0.0,0
2013-07-29,52.37,52.64,52.15,52.37,302700,0.0,0
2013-07-30,52.76,52.81,52.08,52.43,293100,0.0,0
2013-07-31,52.79,53.0,51.35,51.94,394200,0.0,0
2013-08-01,51.98,52.26,50.57,50.94,600700,0.0,0
2013-08-02,51.08,51.33,50.23,50.3,345500,0.0,0
2013-08-05,50.2,50.88,50.2,50.87,263900,0.0,0
2013-08-06,50.69,50.89,49.81,50.04,441300,0.0,0
2013-08-07,50.05,50.16,49.32,49.46,737500,0.0,0
2013-08-08,49.69,49.77,49.07,49.67,273700,0.0,0
2013-08-09,49.57,50.62,49.37,50.29,246000,0.0,0
2013-08-12,50.09,50.09,49.24,49.59,314000,0.0,0
2013-08-13,49.77,49.77,48.58,48.74,193500,0.0,0
2013-08-14,48.45,48.86,48.38,48.59,228400,0.0,0
2013-08-15,47.65,48.1,47.49,47.94,339800,0.0,0
2013-08-16,47.76,47.94,46.91,46.94,424900,0.0,0
2013-08-19,46.98,47.21,46.69,46.75,288600,0.0,0
2013-08-20,46.81,48.05,46.81,47.87,584100,0.0,0
2013-08-21,47.68,48.51,47.31,47.87,348500,0.0,0
2013-08-22,48.04,48.1,47.46,48.04,203700,0.0,0
2013-08-23,48.1,48.37,47.7,48.37,345400,0.0,0
2013-08-26,48.34,48.58,48.02,48.13,302700,0.0,0
2013-08-27,47.78,48.48,47.6,48.33,369000,0.0,0
2013-08-28,48.17,48.38,47.51,47.66,261600,0.0,0
2013-08-29,47.4,47.69,47.27,47.51,323000,0.0,0
2013-08-30,47.5,47.95,47.34,47.41,215800,0.0,0
2013-09-03,47.78,48.04,46.49,46.94,290300,0.0,0
2013-09-04,46.86,47.47,46.71,47.17,211800,0.0,0
2013-09-05,47.04,47.23,46.28,46.44,484600,0.0,0
2013-09-06,47.11,47.95,46.89,47.25,532200,0.0,0
2013-09-09,47.37,48.1,46.91,48.07,263900,0.0,0
2013-09-10,48.07,48.29,47.58,48.04,235700,0.0,0
2013-09-11,48.03,48.39,47.5,48.14,181900,0.0,0
2013-09-12,48.26,48.62,47.82,48.06,339500,0.0,0
2013-09-13,47.94,48.37,47.81,47.82,188000,0.0,0
2013-09-16,48.37,48.7,47.87,48.01,311800,0.0,0
2013-09-17,47.98,48.29,47.54,47.65,480100,0.0,0
2013-09-18,47.67,48.84,47.03,48.84,945300,0.0,0
2013-09-19,48.79,50.07,48.45,49.56,344100,0.0,0
2013-09-20,49.56,49.63,48.66,48.74,467400,0.0,0
2013-09-23,48.54,48.84,47.96,48.0,212800,0.0,0
2013-09-24,47.99,48.0,47.38,47.45,294200,0.0,0
2013-09-25,47.37,47.8,46.94,47.27,677000,0.0,0
2013-09-26,47.35,48.6,47.35,48.29,938800,0.0,0
2013-09-27,48.0,48.58,47.83,48.57,507500,0.0,0
2013-09-30,48.23,48.56,47.7,48.06,468500,0.0,0
2013-10-01,48.1,48.64,47.63,47.89,13313900,0.0,0
2013-10-02,47.54,49.1,47.38,49.0,1385900,0.0,0
2013-10-03,48.87,48.93,46.93,47.36,1891900,0.0,0
2013-10-04,47.63,47.67,46.92,47.32,972800,0.0,0
2013-10-07,47.1,48.04,46.87,47.8,696500,0.0,0
2013-10-08,47.75,48.04,47.24,47.27,562500,0.0,0
2013-10-09,47.42,47.91,47.1,47.21,608800,0.0,0
2013-10-10,47.5,48.63,47.47,48.61,532500,0.695,0
2013-10-11,48.41,49.32,48.29,49.25,543900,0.0,0
2013-10-14,49.12,49.23,48.41,48.92,801200,0.0,0
2013-10-15,48.68,48.86,48.3,48.55,385000,0.0,0
2013-10-16,48.57,49.6,48.57,49.53,570700,0.0,0
2013-10-17,49.29,50.71,49.11,50.6,645200,0.0,0
2013-10-18,50.54,50.85,50.18,50.78,689000,0.0,0
2013-10-21,50.91,51.13,50.37,51.11,615300,0.0,0
2013-10-22,51.17,51.9,51.02,51.74,991200,0.0,0
2013-10-23,51.74,51.86,51.28,51.79,525700,0.0,0
2013-10-24,51.77,51.77,50.81,51.16,561100,0.0,0
2013-10-25,51.21,52.37,51.14,52.35,468400,0.0,0
2013-10-28,52.23,52.6,51.4,52.09,459500,0.0,0
2013-10-29,52.02,52.02,51.5,51.91,429200,0.0,0
2013-10-30,51.82,52.09,51.52,51.88,295600,0.0,0
2013-10-31,51.84,52.22,51.35,51.64,655800,0.0,0
2013-11-01,51.68,51.71,50.48,51.27,547900,0.0,0
2013-11-04,51.01,51.55,50.76,51.18,556100,0.0,0
2013-11-05,50.96,51.02,49.82,49.98,517000,0.0,0
2013-11-06,50.03,50.64,49.9,50.08,383500,0.0,0
2013-11-07,49.39,49.9,48.63,48.71,822600,0.0,0
2013-11-08,48.54,48.92,47.16,48.09,1081900,0.0,0
2013-11-11,48.19,48.21,47.69,47.77,546700,0.0,0
2013-11-12,47.83,47.92,47.19,47.79,675900,0.0,0
2013-11-13,47.65,48.09,47.36,47.86,334300,0.0,0
2013-11-14,48.13,48.78,48.07,48.44,419600,0.0,0
2013-11-15,48.58,48.87,48.38,48.62,516600,0.0,0
2013-11-18,48.61,48.93,48.13,48.53,408600,0.0,0
2013-11-19,48.38,48.89,48.21,48.54,534700,0.0,0
2013-11-20,48.54,48.8,47.57,47.73,439500,0.0,0
2013-11-21,47.92,48.06,47.48,47.89,453800,0.0,0
2013-11-22,47.92,47.97,47.23,47.78,389500,0.0,0
2013-11-25,47.75,47.91,47.2,47.27,404800,0.0,0
2013-11-26,47.12,47.28,46.65,46.81,602600,0.0,0
2013-11-27,46.8,47.64,46.77,47.44,971200,0.0,0
2013-11-29,47.43,47.43,46.76,46.85,328900,0.0,0
2013-12-02,46.98,47.25,46.67,46.87,531100,0.0,0
2013-12-03,47.02,47.28,46.84,47.12,387200,0.0,0
2013-12-04,47.05,48.44,46.9,47.81,744000,0.0,0
2013-12-05,47.7,48.37,47.33,48.34,533700,0.0,0
2013-12-06,48.52,48.73,48.11,48.14,633900,0.0,0
2013-12-09,48.06,48.32,47.75,48.19,520900,0.0,0
2013-12-10,48.06,48.71,48.06,48.55,570200,0.0,0
2013-12-11,48.52,48.52,47.13,47.24,456000,0.0,0
2013-12-12,47.02,47.18,46.52,46.86,733800,0.0,0
2013-12-13,47.09,47.54,46.65,46.82,424700,0.0,0
2013-12-16,46.83,47.21,46.57,46.7,424900,0.0,0
2013-12-17,46.73,47.06,46.42,46.94,530400,0.0,0
2013-12-18,46.86,47.41,46.2,47.18,540000,0.0,0
2013-12-19,46.91,47.33,46.07,46.43,754300,0.0,0
2013-12-20,46.31,47.0,46.31,46.84,811500,0.0,0
2013-12-23,47.12,47.39,46.73,46.88,352800,0.0,0
2013-12-24,46.77,47.35,46.7,47.19,186700,0.0,0
2013-12-26,47.23,47.61,47.05,47.07,328400,0.0,0
2013-12-27,47.08,47.43,46.98,47.39,244800,0.0,0
2013-12-30,47.29,47.73,47.19,47.59,274200,0.0,0
2013-12-31,47.6,47.78,47.11,47.24,338000,0.0,0
2014-01-02,47.24,47.78,47.03,47.49,345300,0.0,0
2014-01-03,47.57,48.17,47.5,47.99,282100,0.0,0
2014-01-06,48.06,48.36,47.76,48.1,497400,0.0,0
2014-01-07,48.09,48.41,47.95,48.06,458700,0.0,0
2014-01-08,47.96,48.1,47.11,47.99,586000,0.0,0
2014-01-09,48.04,48.14,47.5,47.92,338600,0.0,0
2014-01-10,48.06,48.65,48.03,48.56,293400,0.0,0
2014-01-13,48.44,48.7,48.22,48.33,408700,0.73,0
2014-01-14,48.31,48.95,48.16,48.67,516400,0.0,0
2014-01-15,48.98,48.98,48.73,48.75,509600,0.0,0
2014-01-16,48.71,48.99,48.71,48.85,399400,0.0,0
2014-01-17,48.97,49.19,48.88,49.15,524800,0.0,0
2014-01-21,49.33,49.62,48.96,49.57,289300,0.0,0
2014-01-22,49.64,49.88,49.46,49.58,400400,0.0,0
2014-01-23,49.42,49.71,49.1,49.61,449200,0.0,0
2014-01-24,49.53,49.88,49.13,49.29,333800,0.0,0
2014-01-27,49.29,49.48,48.85,48.96,443100,0.0,0
2014-01-28,48.99,49.59,48.96,49.44,447500,0.0,0
2014-01-29,49.18,49.58,48.94,48.99,619400,0.0,0
2014-01-30,49.23,50.4,49.0,50.24,869700,0.0,0
2014-01-31,49.93,51.03,49.7,50.79,745500,0.0,0
2014-02-03,50.73,50.84,49.71,49.87,1024600,0.0,0
2014-02-04,49.99,50.88,49.72,50.85,1058900,0.0,0
2014-02-05,50.76,51.25,50.53,50.96,947500,0.0,0
2014-02-06,51.91,51.91,50.09,51.5,1017300,0.0,0
2014-02-07,51.54,52.5,51.07,52.43,698400,0.0,0
2014-02-10,52.43,52.87,52.1,52.69,605500,0.0,0
2014-02-11,52.62,53.25,52.31,53.07,732100,0.0,0
2014-02-12,53.01,53.24,52.76,53.06,616300,0.0,0
2014-02-13,52.73,53.34,52.73,53.12,557900,0.0,0
2014-02-14,53.21,53.36,52.99,53.23,382500,0.0,0
2014-02-18,53.22,53.69,53.04,53.47,343900,0.0,0
2014-02-19,53.43,54.08,53.4,53.57,457000,0.0,0
2014-02-20,53.8,54.15,53.52,53.57,613100,0.0,0
2014-02-21,53.58,53.83,53.32,53.35,378300,0.0,0
2014-02-24,53.46,53.73,53.21,53.22,473000,0.0,0
2014-02-25,53.38,54.06,53.06,54.05,551100,0.0,0
2014-02-26,54.09,54.55,53.66,53.82,692800,0.0,0
2014-02-27,53.82,53.92,53.0,53.04,415300,0.0,0
2014-02-28,53.02,53.46,52.85,53.23,982900,0.0,0
2014-03-03,53.02,53.65,52.78,53.61,401700,0.0,0
2014-03-04,54.02,54.24,53.71,54.02,346700,0.0,0
2014-03-05,53.98,54.18,53.31,53.61,399200,0.0,0
2014-03-06,53.58,53.65,53.05,53.25,446500,0.0,0
2014-03-07,53.13,53.28,52.61,52.93,473900,0.0,0
2014-03-10,52.88,52.97,52.3,52.41,268400,0.0,0
2014-03-11,52.4,52.93,52.39,52.65,328100,0.0,0
2014-03-12,52.51,52.99,52.51,52.96,392600,0.0,0
2014-03-13,52.97,52.97,52.11,52.93,535800,0.0,0
2014-03-14,52.91,53.3,52.8,53.05,404900,0.0,0
2014-03-17,53.24,53.52,52.8,53.23,292300,0.0,0
2014-03-18,53.25,53.43,53.04,53.28,218800,0.0,0
2014-03-19,53.28,53.76,51.99,52.14,333600,0.0,0
2014-03-20,52.09,52.78,51.64,52.76,358100,0.0,0
2014-03-21,52.8,53.43,52.73,52.9,755300,0.0,0
2014-03-24,53.07,53.21,52.18,52.76,307400,0.0,0
2014-03-25,52.95,53.5,52.64,53.46,369100,0.0,0
2014-03-26,53.57,53.61,52.4,52.44,458900,0.0,0
2014-03-27,52.43,53.23,52.13,53.08,477600,0.0,0
2014-03-28,53.2,53.35,52.69,53.02,371400,0.0,0
2014-03-31,53.17,54.03,52.72,53.72,467900,0.0,0
2014-04-01,53.79,53.79,53.17,53.63,405200,0.0,0
2014-04-02,53.64,53.87,53.19,53.86,432400,0.0,0
2014-04-03,53.89,54.09,53.66,53.87,399600,0.0,0
2014-04-04,53.98,54.35,53.8,54.09,414900,0.0,0
2014-04-07,54.05,54.57,53.89,54.09,372000,0.0,0
2014-04-08,54.1,54.79,53.87,54.63,569500,0.0,0
2014-04-09,54.61,54.72,54.11,54.47,209100,0.0,0
2014-04-10,54.55,54.77,53.81,53.93,583600,0.0,0
2014-04-11,53.67,54.24,53.39,53.59,783300,0.73,0
2014-04-14,53.69,54.17,53.37,54.11,843600,0.0,0
2014-04-15,54.1,54.49,53.98,54.29,343200,0.0,0
2014-04-16,54.41,54.52,54.09,54.45,393600,0.0,0
2014-04-17,54.37,54.49,53.98,54.21,435300,0.0,0
2014-04-21,54.19,54.52,54.03,54.46,299600,0.0,0
2014-04-22,54.51,54.85,53.91,54.74,497200,0.0,0
2014-04-23,54.79,54.99,54.46,54.58,709300,0.0,0
2014-04-24,54.61,54.94,54.41,54.88,300700,0.0,0
2014-04-25,54.88,55.17,54.57,54.83,339000,0.0,0
2014-04-28,55.03,55.46,54.84,55.37,463300,0.0,0
2014-04-29,55.37,55.54,54.97,55.21,241100,0.0,0
2014-04-30,55.27,55.46,54.99,55.4,250900,0.0,0
2014-05-01,55.49,55.49,54.64,55.32,692500,0.0,0
2014-05-02,55.22,55.86,54.87,55.85,669000,0.0,0
2014-05-05,55.59,56.24,55.39,56.22,493000,0.0,0
2014-05-06,56.32,56.43,56.01,56.23,378700,0.0,0
2014-05-07,56.28,57.14,56.13,57.13,471600,0.0,0
2014-05-08,57.22,57.49,56.52,56.98,645500,0.0,0
2014-05-09,56.98,57.33,56.63,57.29,401800,0.0,0
2014-05-12,57.44,57.47,57.14,57.47,261900,0.0,0
2014-05-13,57.52,57.98,56.46,56.6,447900,0.0,0
2014-05-14,56.56,57.1,56.34,56.73,430900,0.0,0
2014-05-15,56.68,57.04,56.42,57.01,311200,0.0,0
2014-05-16,56.94,57.59,56.85,57.55,290100,0.0,0
2014-05-19,57.52,57.79,57.17,57.53,635400,0.0,0
2014-05-20,57.53,57.82,57.31,57.73,516100,0.0,0
2014-05-21,57.8,57.91,56.61,56.65,406700,0.0,0
2014-05-22,56.64,56.77,56.29,56.49,322500,0.0,0
2014-05-23,56.66,56.88,56.39,56.77,376800,0.0,0
2014-05-27,56.83,57.37,56.73,57.24,526800,0.0,0
2014-05-28,57.12,57.16,56.62,56.95,295100,0.0,0
2014-05-29,57.03,57.16,56.89,57.1,274200,0.0,0
2014-05-30,57.1,57.73,56.89,57.55,1056400,0.0,0
2014-06-02,57.62,57.88,57.44,57.83,190300,0.0,0
2014-06-03,57.6,57.88,57.35,57.83,461400,0.0,0
2014-06-04,57.79,58.07,57.56,57.91,290100,0.0,0
2014-06-05,58.07,58.45,57.8,58.39,513300,0.0,0
2014-06-06,58.39,58.45,57.59,57.67,481300,0.0,0
2014-06-09,57.59,57.83,56.82,57.16,411500,0.0,0
2014-06-10,57.17,57.23,56.57,56.82,271600,0.0,0
2014-06-11,56.83,56.87,56.23,56.52,493600,0.0,0
2014-06-12,56.49,56.57,55.9,56.34,527100,0.0,0
2014-06-13,56.47,56.71,55.97,56.6,302000,0.0,0
2014-06-16,56.73,56.83,55.99,56.2,419300,0.0,0
2014-06-17,56.24,56.61,56.01,56.41,476400,0.0,0
2014-06-18,56.51,56.92,56.26,56.65,601100,0.0,0
2014-06-19,56.75,57.1,56.43,57.09,500600,0.0,0
2014-06-20,56.9,57.42,56.9,57.36,511800,0.0,0
2014-06-23,57.49,57.62,57.14,57.27,584600,0.0,0
2014-06-24,57.18,57.44,56.96,57.29,485700,0.0,0
2014-06-25,57.37,57.6,57.31,57.59,682100,0.0,0
2014-06-26,57.6,57.61,57.33,57.51,382900,0.0,0
2014-06-27,57.48,58.32,57.45,58.21,680700,0.0,0
2014-06-30,58.33,58.42,57.82,58.1,545000,0.0,0
2014-07-01,58.01,58.43,57.83,58.3,696300,0.0,0
2014-07-02,58.19,58.34,57.66,58.17,365000,0.0,0
2014-07-03,57.93,58.14,57.41,57.71,206600,0.0,0
2014-07-07,57.67,58.05,57.5,57.95,218100,0.0,0
2014-07-08,57.92,58.4,57.9,58.07,284900,0.0,0
2014-07-09,58.22,58.24,57.74,58.14,150400,0.0,0
2014-07-10,57.56,58.29,57.56,58.1,591400,0.0,0
2014-07-11,58.23,58.35,57.78,58.23,430500,0.73,0
2014-07-14,58.34,58.65,58.07,58.64,536800,0.0,0
2014-07-15,58.64,59.05,58.6,59.0,401800,0.0,0
2014-07-16,59.22,59.38,58.67,59.1,453700,0.0,0
2014-07-17,58.9,59.33,58.77,59.1,378200,0.0,0
2014-07-18,59.21,59.76,59.21,59.37,313000,0.0,0
2014-07-21,59.18,59.47,58.88,58.98,244100,0.0,0
2014-07-22,59.01,59.44,58.98,59.04,456000,0.0,0
2014-07-23,59.38,59.48,59.11,59.45,344200,0.0,0
2014-07-24,59.44,59.97,59.35,59.76,433100,0.0,0
2014-07-25,59.62,59.86,59.49,59.62,374500,0.0,0
2014-07-28,59.63,60.19,59.54,59.96,377700,0.0,0
2014-07-29,59.86,60.25,59.67,59.9,356000,0.0,0
2014-07-30,59.86,60.33,59.76,60.19,512900,0.0,0
2014-07-31,59.03,59.36,56.09,56.18,1889900,0.0,0
2014-08-01,55.97,56.47,55.86,56.21,1344400,0.0,0
2014-08-04,56.36,57.13,55.98,57.08,574400,0.0,0
2014-08-05,56.76,57.36,56.6,56.64,494300,0.0,0
2014-08-06,56.5,56.81,56.42,56.67,439700,0.0,0
2014-08-07,56.88,57.06,56.47,56.72,261500,0.0,0
2014-08-08,56.93,57.06,56.46,56.63,309800,0.0,0
2014-08-11,56.82,57.04,56.55,56.76,258800,0.0,0
2014-08-12,56.67,56.95,56.47,56.48,312600,0.0,0
2014-08-13,56.72,57.42,56.47,57.21,224700,0.0,0
2014-08-14,57.3,57.45,56.79,56.96,297000,0.0,0
2014-08-15,57.11,57.25,56.81,57.02,171700,0.0,0
2014-08-18,57.25,57.85,57.19,57.84,271700,0.0,0
2014-08-19,57.85,57.96,57.5,57.91,241000,0.0,0
2014-08-20,57.82,58.26,57.56,58.13,232900,0.0,0
2014-08-21,58.13,58.39,57.98,58.05,166500,0.0,0
2014-08-22,58.04,58.04,57.34,57.6,363500,0.0,0
2014-08-25,58.04,58.04,57.37,57.64,213200,0.0,0
2014-08-26,57.79,57.99,57.45,57.79,174000,0.0,0
2014-08-27,57.97,57.97,57.6,57.77,219100,0.0,0
2014-08-28,57.76,57.98,57.57,57.74,181300,0.0,0
2014-08-29,57.68,58.15,57.48,58.1,346500,0.0,0
2014-09-02,58.27,58.38,57.88,58.06,467100,0.0,0
2014-09-03,58.32,58.47,58.07,58.26,402000,0.0,0
2014-09-04,58.14,58.58,57.78,57.84,404000,0.0,0
2014-09-05,57.9,58.71,57.7,58.63,309600,0.0,0
2014-09-08,58.63,58.84,58.5,58.72,366200,0.0,0
2014-09-09,58.6,58.68,58.25,58.43,312600,0.0,0
2014-09-10,58.16,58.18,56.98,57.06,328900,0.0,0
2014-09-11,56.97,57.21,56.6,56.97,336900,0.0,0
2014-09-12,56.85,57.05,54.79,54.96,514300,0.0,0
2014-09-15,54.95,55.39,54.4,54.43,362200,0.0,0
2014-09-16,54.44,55.17,54.3,54.98,448000,0.0,0
2014-09-17,55.25,55.48,54.59,54.61,345400,0.0,0
2014-09-18,54.64,54.83,53.89,53.94,371200,0.0,0
2014-09-19,54.1,54.35,53.78,53.94,715400,0.0,0
2014-09-22,53.81,54.02,53.36,53.38,356800,0.0,0
2014-09-23,53.29,53.74,53.01,53.03,360400,0.0,0
2014-09-24,53.03,53.61,52.6,52.63,519100,0.0,0
2014-09-25,52.67,52.89,52.32,52.67,521600,0.0,0
2014-09-26,52.64,53.33,52.26,53.31,389300,0.0,0
2014-09-29,52.97,53.12,52.63,53.06,483500,0.0,0
2014-09-30,53.09,53.23,52.42,52.75,1075100,0.0,0
2014-10-01,52.73,53.39,52.66,53.2,591100,0.0,0
2014-10-02,53.2,53.53,52.87,53.26,493100,0.0,0
2014-10-03,53.57,53.68,53.13,53.53,396000,0.0,0
2014-10-06,53.62,54.02,53.47,53.49,351900,0.0,0
2014-10-07,53.38,53.57,53.04,53.06,627600,0.0,0
2014-10-08,53.23,54.18,53.07,54.18,408000,0.0,0
2014-10-09,54.08,54.58,53.81,53.93,458400,0.0,0
2014-10-10,54.08,54.68,54.06,54.1,373900,0.73,0
2014-10-13,54.71,55.24,54.39,54.78,618900,0.73,0
2014-10-14,54.91,56.09,54.91,55.84,479600,0.0,0
2014-10-15,55.4,56.1,55.03,55.72,626200,0.0,0
2014-10-16,55.31,55.67,54.69,55.5,695500,0.0,0
2014-10-17,55.94,55.94,54.83,55.42,365600,0.0,0
2014-10-20,55.44,56.62,55.44,56.56,409000,0.0,0
2014-10-21,56.78,57.1,56.43,57.05,332200,0.0,0
2014-10-22,57.26,57.55,56.95,56.95,343100,0.0,0
2014-10-23,57.31,57.75,56.96,57.55,399100,0.0,0
2014-10-24,57.63,57.94,56.94,57.23,460700,0.0,0
2014-10-27,57.22,57.94,56.95,57.81,338000,0.0,0
2014-10-28,57.81,57.92,57.49,57.78,258300,0.0,0
2014-10-29,57.62,57.92,56.77,57.51,712500,0.0,0
2014-10-30,57.51,57.81,56.8,57.66,626600,0.0,0
2014-10-31,58.07,58.2,57.24,58.03,830000,0.0,0
2014-11-03,58.15,59.1,57.83,59.08,520800,0.0,0
2014-11-04,58.97,59.16,58.54,59.03,523400,0.0,0
2014-11-05,59.23,59.44,58.38,58.75,323700,0.0,0
2014-11-06,58.7,58.93,58.13,58.19,400700,0.0,0
2014-11-07,58.21,58.52,57.69,58.08,399100,0.0,0
2014-11-10,57.99,59.0,57.97,58.89,619800,0.0,0
2014-11-11,58.89,58.91,58.34,58.86,292000,0.0,0
2014-11-12,58.8,59.06,58.0,58.15,304600,0.0,0
2014-11-13,58.37,58.89,58.03,58.77,471000,0.0,0
2014-11-14,58.63,58.9,58.02,58.12,456000,0.0,0
2014-11-17,58.04,58.79,57.95,58.75,583900,0.0,0
2014-11-18,58.7,59.68,58.54,59.52,521400,0.0,0
2014-11-19,59.39,59.68,58.7,58.82,353500,0.0,0
2014-11-20,58.84,58.97,58.46,58.97,253300,0.0,0
2014-11-21,59.32,59.48,58.99,59.42,229500,0.0,0
2014-11-24,59.63,59.89,59.45,59.8,286900,0.0,0
2014-11-25,59.83,60.12,59.56,59.93,458300,0.0,0
2014-11-26,60.02,60.63,59.9,60.32,261100,0.0,0
2014-11-28,60.26,60.91,60.14,60.5,232400,0.0,0
2014-12-01,60.44,60.5,59.47,59.48,457300,0.0,0
2014-12-02,59.43,59.76,58.86,59.59,360700,0.0,0
2014-12-03,59.67,59.8,59.29,59.39,229600,0.0,0
2014-12-04,59.52,59.71,59.13,59.65,458800,0.0,0
2014-12-05,59.4,59.52,58.8,59.1,289100,0.0,0
2014-12-08,59.12,60.13,59.12,59.81,444600,0.0,0
2014-12-09,59.51,60.4,59.49,60.32,349800,0.0,0
2014-12-10,60.25,60.47,59.99,60.16,233300,0.0,0
2014-12-11,60.65,60.9,60.31,60.63,409600,0.0,0
2014-12-12,60.53,60.94,60.18,60.26,354000,0.0,0
2014-12-15,60.24,60.35,59.31,59.39,482500,0.0,0
2014-12-16,59.47,59.99,58.85,59.5,389100,0.0,0
2014-12-17,59.59,60.93,59.17,60.9,428400,0.0,0
2014-12-18,61.19,61.41,60.73,61.19,274800,0.0,0
2014-12-19,61.11,61.61,60.89,61.34,585300,0.0,0
2014-12-22,61.47,62.6,61.43,62.56,237300,0.0,0
2014-12-23,62.69,62.96,62.11,62.59,303100,0.0,0
2014-12-24,62.58,62.89,62.22,62.42,213300,0.0,0
2014-12-26,62.44,62.76,62.29,62.36,173900,0.0,0
2014-12-29,62.33,63.1,61.97,62.61,213900,0.0,0
2014-12-30,62.39,62.91,62.15,62.43,189800,0.0,0
2014-12-31,62.61,62.95,61.28,61.33,264700,0.0,0
2015-01-02,61.16,62.57,61.16,62.54,276200,0.0,0
2015-01-05,62.3,62.7,61.95,62.3,549700,0.0,0
2015-01-06,62.65,63.92,62.64,63.39,833400,0.0,0
2015-01-07,62.81,64.34,62.66,64.17,544700,0.0,0
2015-01-08,64.17,64.44,63.53,64.34,544000,0.0,0
2015-01-09,64.36,65.18,64.05,64.74,481200,0.0,0
2015-01-12,65.38,66.47,65.29,66.41,496700,0.0,0
2015-01-13,66.62,66.87,65.75,66.24,447800,0.77,0
2015-01-14,65.69,67.02,65.49,66.86,545100,0.0,0
2015-01-15,66.91,67.3,66.74,66.86,464000,0.0,0
2015-01-16,66.91,67.61,66.71,67.53,416300,0.0,0
2015-01-20,67.86,68.07,66.52,66.66,485300,0.0,0
2015-01-21,66.72,67.3,66.38,67.23,266900,0.0,0
2015-01-22,67.37,68.11,67.18,68.03,383600,0.0,0
2015-01-23,68.08,68.34,67.75,68.08,328400,0.0,0
2015-01-26,68.03,68.42,67.83,68.4,654300,0.0,0
2015-01-27,68.38,68.66,68.13,68.39,225600,0.0,0
2015-01-28,68.38,69.24,67.71,67.76,543200,0.0,0
2015-01-29,67.64,67.88,66.71,66.93,862400,0.0,0
2015-01-30,66.91,66.92,65.72,65.77,686900,0.0,0
2015-02-02,65.76,66.12,64.48,65.98,549100,0.0,0
2015-02-03,65.65,65.95,65.04,65.73,576300,0.0,0
2015-02-04,65.7,65.96,64.59,65.27,760100,0.0,0
2015-02-05,65.51,65.72,63.37,64.29,1317600,0.0,0
2015-02-06,64.29,64.39,61.85,62.09,1087500,0.0,0
2015-02-09,62.49,62.63,61.19,61.21,755400,0.0,0
2015-02-10,61.18,61.37,60.46,61.3,669700,0.0,0
2015-02-11,61.43,61.62,60.85,61.01,545200,0.0,0
2015-02-12,61.18,61.84,60.75,61.7,667300,0.0,0
2015-02-13,61.62,61.62,60.83,61.21,354100,0.0,0
2015-02-17,61.2,61.97,60.9,61.19,367200,0.0,0
2015-02-18,61.44,62.3,60.82,62.27,587500,0.0,0
2015-02-19,62.06,62.2,61.07,61.11,673200,0.0,0
2015-02-20,60.99,61.91,60.87,61.77,495300,0.0,0
2015-02-23,62.03,62.39,61.27,61.74,572800,0.0,0
2015-02-24,61.47,61.47,60.22,60.65,509800,0.0,0
2015-02-25,60.74,61.46,60.16,60.9,391200,0.0,0
2015-02-26,60.88,60.88,59.59,59.68,511400,0.0,0
2015-02-27,59.78,60.41,59.47,60.09,595200,0.0,0
2015-03-02,60.21,61.38,60.21,60.75,519100,0.0,0
2015-03-03,60.7,60.74,60.05,60.61,367800,0.0,0
2015-03-04,60.75,60.89,60.39,60.73,702300,0.0,0
2015-03-05,60.81,61.49,60.81,60.96,556500,0.0,0
2015-03-06,60.19,60.19,58.6,59.0,544400,0.0,0
2015-03-09,59.4,59.7,59.09,59.51,401000,0.0,0
2015-03-10,59.45,60.02,59.39,59.58,401600,0.0,0
2015-03-11,59.58,60.0,59.39,59.92,575200,0.0,0
2015-03-12,60.31,61.45,59.89,61.31,875800,0.0,0
2015-03-13,61.4,61.72,60.86,61.48,747900,0.0,0
2015-03-16,61.72,62.97,61.45,62.49,554200,0.0,0
2015-03-17,62.48,63.44,62.44,63.37,979700,0.0,0
2015-03-18,63.54,64.61,62.94,64.44,624000,0.0,0
2015-03-19,64.19,64.97,64.0,64.23,605500,0.0,0
2015-03-20,64.44,66.17,64.44,65.99,971900,0.0,0
2015-03-23,65.99,66.33,65.55,65.65,566300,0.0,0
2015-03-24,65.65,65.85,64.87,64.92,482800,0.0,0
2015-03-25,65.0,65.24,63.66,63.77,276600,0.0,0
2015-03-26,63.74,64.38,63.3,63.61,274100,0.0,0
2015-03-27,63.66,64.06,63.32,63.62,305600,0.0,0
2015-03-30,63.9,64.7,63.67,64.57,283100,0.0,0
2015-03-31,64.34,64.88,63.85,64.07,407600,0.0,0
2015-04-01,64.09,64.36,63.42,64.11,463500,0.0,0
2015-04-02,63.74,64.94,63.74,64.65,393600,0.0,0
2015-04-06,64.9,65.5,64.4,65.34,427300,0.0,0
2015-04-07,65.28,65.28,64.2,64.25,317200,0.0,0
2015-04-08,64.49,65.12,64.42,64.8,390500,0.0,0
2015-04-09,65.21,65.21,62.88,63.08,318300,0.0,0
2015-04-10,63.44,63.84,62.5,62.74,432600,0.0,0
2015-04-13,62.59,63.15,62.19,62.65,601700,0.77,0
2015-04-14,63.01,63.51,62.73,63.16,417500,0.0,0
2015-04-15,63.23,63.33,62.19,62.4,364600,0.0,0
2015-04-16,62.13,63.09,61.94,62.94,274900,0.0,0
2015-04-17,62.73,63.13,62.36,62.79,364300,0.0,0
2015-04-20,62.86,63.31,62.58,63.03,336600,0.0,0
2015-04-21,63.35,63.74,63.02,63.3,291900,0.0,0
2015-04-22,63.27,64.16,62.92,64.14,295500,0.0,0
2015-04-23,63.98,64.75,63.92,64.55,312200,0.0,0
2015-04-24,64.63,64.9,64.27,64.28,267100,0.0,0
2015-04-27,64.53,64.96,63.92,64.17,434900,0.0,0
2015-04-28,64.2,64.49,63.66,64.27,247100,0.0,0
2015-04-29,63.79,64.08,63.15,63.42,343600,0.0,0
2015-04-30,64.59,64.59,62.12,62.5,501500,0.0,0
2015-05-01,62.63,64.25,62.39,63.86,662000,0.0,0
2015-05-04,64.11,64.97,64.11,64.54,832100,0.0,0
2015-05-05,64.29,64.55,62.57,62.79,800300,0.0,0
2015-05-06,62.94,63.32,62.56,62.96,594400,0.0,0
2015-05-07,63.1,64.24,63.03,63.93,451800,0.0,0
2015-05-08,64.7,65.63,64.17,64.62,275100,0.0,0
2015-05-11,64.42,65.03,63.03,63.24,329100,0.0,0
2015-05-12,62.84,63.72,62.32,63.37,244800,0.0,0
2015-05-13,63.1,64.03,62.19,62.4,498800,0.0,0
2015-05-14,62.87,63.56,62.53,63.54,386500,0.0,0
2015-05-15,63.77,64.47,63.58,64.38,234000,0.0,0
2015-05-18,64.04,64.49,63.72,64.37,381800,0.0,0
2015-05-19,64.2,64.54,63.86,64.31,299200,0.0,0
2015-05-20,64.48,64.77,64.12,64.39,238800,0.0,0
2015-05-21,64.58,64.9,64.03,64.33,430900,0.0,0
2015-05-22,64.13,64.88,63.7,64.54,406300,0.0,0
2015-05-26,64.42,64.42,63.67,63.87,222700,0.0,0
2015-05-27,64.01,64.7,63.62,64.58,303100,0.0,0
2015-05-28,64.63,64.9,64.34,64.78,503200,0.0,0
2015-05-29,64.79,64.86,63.84,63.99,865100,0.0,0
2015-06-01,64.19,64.88,63.75,64.81,460100,0.0,0
2015-06-02,64.47,64.55,63.65,63.8,262400,0.0,0
2015-06-03,63.83,64.38,62.46,62.48,340600,0.0,0
2015-06-04,62.45,62.83,62.15,62.62,406600,0.0,0
2015-06-05,62.07,62.87,61.68,62.46,604400,0.0,0
2015-06-08,62.58,62.69,61.96,61.96,295300,0.0,0
2015-06-09,62.01,62.22,61.15,61.29,488900,0.0,0
2015-06-10,61.34,62.25,60.99,61.68,444800,0.0,0
2015-06-11,62.01,62.51,61.81,62.07,369200,0.0,0
2015-06-12,62.16,62.63,62.01,62.17,337100,0.0,0
2015-06-15,62.14,62.14,61.59,61.64,412200,0.0,0
2015-06-16,61.8,62.37,61.27,62.05,463400,0.0,0
2015-06-17,62.19,62.22,61.38,61.97,1020700,0.0,0
2015-06-18,62.08,63.39,61.91,62.95,510900,0.0,0
2015-06-19,62.51,63.32,61.98,62.98,868700,0.0,0
2015-06-22,63.15,63.4,62.44,62.48,315000,0.0,0
2015-06-23,62.38,62.88,61.64,62.07,298900,0.0,0
2015-06-24,62.07,62.53,61.86,61.93,441800,0.0,0
2015-06-25,61.89,61.99,61.34,61.38,329500,0.0,0
2015-06-26,61.42,62.07,60.98,61.92,334200,0.0,0
2015-06-29,61.91,62.62,61.35,61.39,505000,0.0,0
2015-06-30,61.73,61.73,60.92,60.99,565100,0.0,0
2015-07-01,61.56,62.62,60.74,62.62,988200,0.0,0
2015-07-02,63.14,63.94,62.63,63.15,457800,0.0,0
2015-07-06,62.9,63.53,62.9,63.37,521800,0.0,0
2015-07-07,63.88,64.39,63.67,64.05,511800,0.0,0
2015-07-08,63.91,64.14,63.41,63.61,415800,0.0,0
2015-07-09,64.04,64.64,63.48,64.08,721200,0.0,0
2015-07-10,64.23,64.98,64.12,64.21,457800,0.0,0
2015-07-13,64.77,65.39,63.85,64.12,463600,0.77,0
2015-07-14,64.36,64.85,63.84,64.52,378900,0.0,0
2015-07-15,64.35,64.83,63.89,64.57,436300,0.0,0
2015-07-16,64.78,65.29,64.68,65.23,398900,0.0,0
2015-07-17,65.42,65.56,64.83,65.21,428600,0.0,0
2015-07-20,64.98,66.05,64.88,65.74,524600,0.0,0
2015-07-21,66.12,66.39,65.56,65.82,471100,0.0,0
2015-07-22,65.77,66.52,65.48,65.74,365300,0.0,0
2015-07-23,65.85,65.89,64.58,65.01,468100,0.0,0
2015-07-24,64.97,65.24,64.82,64.93,341900,0.0,0
2015-07-27,64.95,65.62,64.77,64.89,381600,0.0,0
2015-07-28,64.9,65.06,64.26,64.57,362400,0.0,0
2015-07-29,64.54,64.69,63.96,64.65,616800,0.0,0
2015-07-30,66.23,67.54,65.45,67.06,1249500,0.0,0
2015-07-31,67.75,68.5,67.45,67.98,674200,0.0,0
2015-08-03,68.09,68.77,67.88,68.69,616200,0.0,0
2015-08-04,68.6,69.06,67.97,68.06,669100,0.0,0
2015-08-05,68.12,68.79,67.18,67.44,648300,0.0,0
2015-08-06,67.51,68.35,66.91,68.16,647200,0.0,0
2015-08-07,68.09,68.97,67.65,68.71,501700,0.0,0
2015-08-10,68.99,69.3,68.45,68.69,523200,0.0,0
2015-08-11,68.48,69.55,68.25,69.14,670100,0.0,0
2015-08-12,69.13,69.37,68.47,69.08,510200,0.0,0
2015-08-13,68.76,69.27,68.29,69.08,930000,0.0,0
2015-08-14,69.1,70.13,68.7,70.08,480700,0.0,0
2015-08-17,70.4,71.22,69.65,71.19,491100,0.0,0
2015-08-18,70.73,71.44,70.73,71.39,551500,0.0,0
2015-08-19,70.73,71.33,70.03,70.77,1179700,0.0,0
2015-08-20,70.27,70.76,69.88,70.1,718900,0.0,0
2015-08-21,69.23,69.86,68.52,68.52,940400,0.0,0
2015-08-24,66.55,67.95,65.67,65.71,888000,0.0,0
2015-08-25,66.99,70.37,64.7,64.75,938600,0.0,0
2015-08-26,65.89,66.32,64.79,66.17,559600,0.0,0
2015-08-27,66.86,68.38,66.16,68.01,805300,0.0,0
2015-08-28,68.0,68.37,67.0,68.23,712100,0.0,0
2015-08-31,68.17,68.22,66.47,66.5,885300,0.0,0
2015-09-01,65.59,66.46,65.21,65.57,593300,0.0,0
2015-09-02,66.04,66.96,65.44,66.05,354300,0.0,0
2015-09-03,66.7,66.9,65.83,65.89,396000,0.0,0
2015-09-04,65.2,65.43,63.88,64.36,354000,0.0,0
2015-09-08,64.93,65.28,64.13,64.61,2218500,0.0,0
2015-09-09,65.02,65.56,63.74,63.83,616300,0.0,0
2015-09-10,63.46,65.02,63.46,64.35,553400,0.0,0
2015-09-11,64.37,65.72,63.98,65.72,699800,0.0,0
2015-09-14,66.04,66.04,65.5,65.86,334400,0.0,0
2015-09-15,65.69,66.62,65.17,66.55,495300,0.0,0
2015-09-16,66.51,67.76,66.18,67.56,606300,0.0,0
2015-09-17,67.55,69.76,67.33,68.55,707500,0.0,0
2015-09-18,67.86,69.87,67.86,68.73,990200,0.0,0
2015-09-21,69.05,69.81,68.94,69.11,634800,0.0,0
2015-09-22,68.75,69.09,67.92,68.02,811500,0.0,0
2015-09-23,68.36,69.54,68.18,69.41,569500,0.0,0
2015-09-24,69.25,69.39,68.16,68.34,489000,0.0,0
2015-09-25,68.37,68.95,67.72,68.24,560200,0.0,0
2015-09-28,68.13,68.16,66.61,67.12,494800,0.0,0
2015-09-29,67.38,68.6,66.91,68.52,538300,0.0,0
2015-09-30,68.93,69.5,68.48,69.28,667700,0.0,0
2015-10-01,69.46,70.15,69.23,70.04,531900,0.0,0
2015-10-02,69.85,71.22,69.15,71.22,474600,0.0,0
2015-10-05,70.88,71.44,69.82,71.27,574500,0.0,0
2015-10-06,71.27,71.44,70.02,70.13,498700,0.0,0
2015-10-07,70.39,70.73,69.89,70.73,485700,0.0,0
2015-10-08,70.72,71.17,70.3,71.06,317100,0.0,0
2015-10-09,71.07,71.42,70.66,71.29,479500,0.0,0
2015-10-12,71.39,71.85,69.82,71.3,372600,0.0,0
2015-10-13,71.16,71.7,70.11,70.71,436700,0.77,0
2015-10-14,71.0,71.0,69.79,69.88,354600,0.0,0
2015-10-15,70.17,71.64,70.17,71.64,376000,0.0,0
2015-10-16,71.63,72.18,71.47,71.71,386800,0.0,0
2015-10-19,71.67,73.19,71.6,73.19,430800,0.0,0
2015-10-20,73.87,73.93,73.01,73.31,630700,0.0,0
2015-10-21,73.38,73.91,72.55,72.81,596900,0.0,0
2015-10-22,73.26,73.68,72.76,73.32,698800,0.0,0
2015-10-23,73.11,73.85,72.6,73.26,520100,0.0,0
2015-10-26,73.28,73.59,72.75,73.3,476800,0.0,0
2015-10-27,73.38,73.83,72.95,73.56,433400,0.0,0
2015-10-28,73.51,74.08,71.72,72.85,568100,0.0,0
2015-10-29,72.63,75.03,72.39,74.77,698700,0.0,0
2015-10-30,75.09,75.09,72.72,72.75,629100,0.0,0
2015-11-02,72.65,74.41,72.46,74.32,505200,0.0,0
2015-11-03,74.08,74.26,72.73,73.56,509300,0.0,0
2015-11-04,73.5,73.69,72.79,73.6,367200,0.0,0
2015-11-05,73.23,74.07,72.86,73.46,404800,0.0,0
2015-11-06,72.51,73.24,70.55,71.15,649000,0.0,0
2015-11-09,70.7,71.21,70.07,70.64,469900,0.0,0
2015-11-10,70.12,71.96,70.12,71.31,462100,0.0,0
2015-11-11,71.6,72.26,71.3,72.01,222200,0.0,0
2015-11-12,71.87,72.27,71.33,71.7,223700,0.0,0
2015-11-13,72.04,72.19,71.38,71.9,430100,0.0,0
2015-11-16,71.9,73.18,71.53,73.14,409500,0.0,0
2015-11-17,72.95,74.52,72.87,73.87,439400,0.0,0
2015-11-18,73.91,74.53,73.22,74.37,291300,0.0,0
2015-11-19,74.38,75.17,73.77,74.81,386400,0.0,0
2015-11-20,75.02,75.83,74.79,75.72,404900,0.0,0
2015-11-23,75.77,76.13,75.19,75.55,322200,0.0,0
2015-11-24,75.15,75.49,74.34,74.9,282200,0.0,0
2015-11-25,75.12,75.9,74.79,75.71,203500,0.0,0
2015-11-27,75.47,76.59,75.35,76.35,135900,0.0,0
2015-11-30,76.38,76.83,75.28,75.63,381400,0.0,0
2015-12-01,75.8,76.83,75.8,76.76,305200,0.0,0
2015-12-02,76.54,77.09,75.42,75.63,303400,0.0,0
2015-12-03,75.37,75.75,74.06,74.13,415200,0.0,0
2015-12-04,74.16,76.13,74.16,75.96,239000,0.0,0
2015-12-07,75.97,76.07,75.18,75.51,281300,0.0,0
2015-12-08,75.37,75.99,74.87,75.32,313800,0.0,0
2015-12-09,74.95,75.49,73.97,74.83,285500,0.0,0
2015-12-10,74.96,75.49,74.47,74.98,463900,0.0,0
2015-12-11,74.51,75.93,74.4,75.51,872800,0.0,0
2015-12-14,75.09,76.51,74.86,76.47,537300,0.0,0
2015-12-15,76.83,77.43,76.4,76.89,510700,0.0,0
2015-12-16,76.34,78.26,75.2,78.01,389300,0.0,0
2015-12-17,78.17,78.72,76.99,77.16,518200,0.0,0
2015-12-18,76.91,77.37,76.32,76.74,731700,0.0,0
2015-12-21,77.48,77.58,76.25,76.98,468600,0.0,0
2015-12-22,77.67,78.04,77.25,77.34,327400,0.0,0
2015-12-23,77.6,77.84,76.87,77.6,286500,0.0,0
2015-12-24,77.56,77.98,77.15,77.78,176000,0.0,0
2015-12-28,77.77,78.3,77.41,78.29,301000,0.0,0
2015-12-29,78.44,79.22,78.22,78.91,322700,0.0,0
2015-12-30,79.02,79.25,78.35,78.41,346800,0.0,0
2015-12-31,78.63,79.2,77.54,77.55,504300,0.0,0
2016-01-04,77.21,77.39,76.16,76.89,564600,0.0,0
2016-01-05,76.89,78.0,76.63,77.85,515500,0.0,0
2016-01-06,77.21,78.02,76.88,77.45,462000,0.0,0
2016-01-07,76.54,78.15,76.13,77.59,698000,0.0,0
2016-01-08,77.83,78.29,76.95,77.08,575400,0.0,0
2016-01-11,77.25,78.46,76.48,77.34,698900,0.0,0
2016-01-12,77.62,77.62,76.45,77.11,491400,0.0,0
2016-01-13,77.33,78.44,76.56,76.96,546000,0.82,0
2016-01-14,76.94,77.74,76.38,77.04,792700,0.0,0
2016-01-15,75.88,77.99,75.14,77.87,968500,0.0,0
2016-01-19,78.25,79.23,77.57,78.5,550800,0.0,0
2016-01-20,77.87,78.29,75.57,77.02,995800,0.0,0
2016-01-21,77.52,78.23,76.53,77.0,650300,0.0,0
2016-01-22,77.84,79.25,76.69,78.84,678800,0.0,0
2016-01-25,78.85,80.1,78.34,79.75,679700,0.0,0
2016-01-26,80.01,81.76,79.74,81.7,709900,0.0,0
2016-01-27,81.59,81.59,79.0,79.6,693200,0.0,0
2016-01-28,79.82,80.53,78.56,79.23,493100,0.0,0
2016-01-29,80.02,81.01,78.86,80.86,941100,0.0,0
2016-02-01,80.32,81.4,80.02,80.88,713700,0.0,0
2016-02-02,80.74,81.26,79.44,79.64,762100,0.0,0
2016-02-03,80.0,81.18,78.45,79.69,930800,0.0,0
2016-02-04,77.97,79.58,74.21,75.52,1655200,0.0,0
2016-02-05,75.25,76.55,73.47,73.74,978100,0.0,0
2016-02-08,73.61,74.12,71.45,72.95,663400,0.0,0
2016-02-09,72.21,74.26,72.1,73.41,633100,0.0,0
2016-02-10,73.69,75.05,73.17,74.31,899700,0.0,0
2016-02-11,73.3,74.01,72.33,73.14,587500,0.0,0
2016-02-12,73.79,74.88,72.75,73.68,753800,0.0,0
2016-02-16,74.41,76.38,73.68,76.12,815800,0.0,0
2016-02-17,76.27,77.44,75.33,76.57,626200,0.0,0
2016-02-18,76.93,79.02,76.25,78.78,808500,0.0,0
2016-02-19,78.21,79.46,77.01,78.94,622400,0.0,0
2016-02-22,79.2,80.56,79.2,80.12,462000,0.0,0
2016-02-23,79.65,80.85,78.98,79.31,881600,0.0,0
2016-02-24,78.77,79.94,77.25,78.61,1181700,0.0,0
2016-02-25,79.07,79.83,79.0,79.53,534700,0.0,0
2016-02-26,79.53,79.88,78.85,79.07,663300,0.0,0
2016-02-29,79.21,79.81,77.36,77.51,3970800,0.0,0
2016-03-01,78.19,80.93,78.19,80.91,682300,0.0,0
2016-03-02,80.6,81.87,80.32,81.44,542800,0.0,0
2016-03-03,81.58,81.58,79.95,81.09,501500,0.0,0
2016-03-04,80.94,81.37,80.28,80.47,590300,0.0,0
2016-03-07,80.02,81.21,79.9,80.83,432300,0.0,0
2016-03-08,81.0,81.65,80.6,80.99,637400,0.0,0
2016-03-09,80.85,81.87,80.82,81.09,303200,0.0,0
2016-03-10,81.64,81.73,80.13,81.06,353300,0.0,0
2016-03-11,81.3,82.4,80.54,82.34,412600,0.0,0
2016-03-14,82.31,83.03,81.99,82.84,339500,0.0,0
2016-03-15,82.52,83.79,82.21,83.77,414400,0.0,0
2016-03-16,83.41,86.17,83.29,85.65,841500,0.0,0
2016-03-17,85.7,87.23,85.32,87.03,500600,0.0,0
2016-03-18,87.0,88.08,86.44,87.26,819800,0.0,0
2016-03-21,86.61,87.28,85.48,85.75,1004000,0.0,0
2016-03-22,85.63,85.88,84.87,85.69,654100,0.0,0
2016-03-23,85.8,85.9,84.97,85.28,296100,0.0,0
2016-03-24,84.99,85.4,84.31,84.73,466100,0.0,0
2016-03-28,85.31,85.85,84.74,85.67,266800,0.0,0
2016-03-29,85.97,87.35,85.97,87.29,603600,0.0,0
2016-03-30,87.35,87.9,86.79,87.46,245400,0.0,0
2016-03-31,87.23,88.27,86.73,88.09,580200,0.0,0
2016-04-01,87.67,88.64,87.31,88.35,324800,0.0,0
2016-04-04,88.58,88.8,87.44,87.96,296000,0.0,0
2016-04-05,87.4,88.1,86.98,87.73,420600,0.0,0
2016-04-06,87.47,88.28,87.23,88.17,273600,0.0,0
2016-04-07,87.84,88.08,87.3,87.85,510400,0.0,0
2016-04-08,88.18,88.83,87.85,88.54,244900,0.0,0
2016-04-11,88.41,88.45,87.25,87.26,326800,0.0,0
2016-04-12,87.45,88.15,86.95,87.73,529600,0.0,0
2016-04-13,88.15,88.45,85.94,86.23,689000,0.82,0
2016-04-14,85.97,86.36,83.52,83.52,820200,0.0,0
2016-04-15,83.41,85.39,83.29,85.01,822500,0.0,0
2016-04-18,85.15,85.78,84.71,85.72,373500,0.0,0
2016-04-19,85.95,86.08,85.3,86.06,409400,0.0,0
2016-04-20,86.0,86.0,84.08,84.28,364800,0.0,0
2016-04-21,84.34,84.82,82.74,83.09,270300,0.0,0
2016-04-22,82.17,83.99,82.17,83.76,426200,0.0,0
2016-04-25,83.56,84.5,83.37,84.49,509900,0.0,0
2016-04-26,84.84,85.61,84.29,84.73,322500,0.0,0
2016-04-27,84.6,85.86,83.17,83.97,483900,0.0,0
2016-04-28,83.74,84.54,83.55,83.89,230400,0.0,0
2016-04-29,83.59,83.71,82.51,83.16,343400,0.0,0
2016-05-02,83.21,84.82,83.21,84.63,293900,0.0,0
2016-05-03,84.44,84.98,83.92,84.66,468900,0.0,0
2016-05-04,84.11,86.43,83.29,86.17,349600,0.0,0
2016-05-05,85.87,87.55,85.52,87.38,476000,0.0,0
2016-05-06,87.3,88.72,86.41,88.71,462500,0.0,0
2016-05-09,88.98,89.45,88.52,89.17,438000,0.0,0
2016-05-10,89.56,90.24,88.84,89.32,400000,0.0,0
2016-05-11,89.39,89.39,87.39,87.47,491400,0.0,0
2016-05-12,87.66,88.69,86.77,88.51,566500,0.0,0
2016-05-13,88.63,89.32,87.94,89.25,534800,0.0,0
2016-05-16,89.25,90.4,88.91,90.06,435100,0.0,0
2016-05-17,89.77,89.85,87.11,87.86,410500,0.0,0
2016-05-18,87.57,87.9,85.97,86.51,665100,0.0,0
2016-05-19,85.64,86.42,85.31,86.09,278500,0.0,0
2016-05-20,86.53,87.48,86.05,86.88,402300,0.0,0
2016-05-23,87.28,87.28,86.11,86.38,248200,0.0,0
2016-05-24,86.95,88.47,86.95,88.21,506800,0.0,0
2016-05-25,88.34,88.34,87.03,87.93,482200,0.0,0
2016-05-26,87.75,88.36,87.27,87.67,621400,0.0,0
2016-05-27,87.83,88.92,87.13,88.92,361600,0.0,0
2016-05-31,89.01,89.68,88.13,89.48,639900,0.0,0
2016-06-01,88.92,89.33,88.55,89.28,542200,0.0,0
2016-06-02,88.99,89.31,88.19,88.53,572300,0.0,0
2016-06-03,89.24,89.48,86.53,87.1,880000,0.0,0
2016-06-06,86.83,87.39,84.32,85.28,711300,0.0,0
2016-06-07,85.41,85.98,85.01,85.31,569300,0.0,0
2016-06-08,85.43,86.22,84.65,85.27,735300,0.0,0
2016-06-09,85.32,85.79,85.0,85.56,700300,0.0,0
2016-06-10,85.0,85.6,84.76,85.27,498100,0.0,0
2016-06-13,85.46,87.72,85.36,87.2,559700,0.0,0
2016-06-14,87.28,87.65,86.54,86.95,322900,0.0,0
2016-06-15,87.05,88.46,86.93,88.06,654400,0.0,0
2016-06-16,87.92,89.11,87.92,88.77,444700,0.0,0
2016-06-17,88.84,89.04,87.8,88.34,572400,0.0,0
2016-06-20,88.78,89.64,88.07,88.17,352400,0.0,0
2016-06-21,88.19,88.86,88.19,88.41,249000,0.0,0
2016-06-22,88.66,89.15,88.11,88.59,405200,0.0,0
2016-06-23,89.3,89.52,88.72,88.91,430900,0.0,0
2016-06-24,87.36,89.33,86.95,87.85,1144500,0.0,0
2016-06-27,87.42,89.68,87.4,89.41,676000,0.0,0
2016-06-28,89.74,90.95,88.92,90.92,645900,0.0,0
2016-06-29,91.52,92.69,91.27,91.49,906300,0.0,0
2016-06-30,91.54,92.47,90.85,92.44,1340400,0.0,0
2016-07-01,92.95,94.03,92.31,93.25,591100,0.0,0
2016-07-05,93.23,95.0,93.23,94.96,504500,0.0,0
2016-07-06,94.8,95.58,94.49,95.28,543900,0.0,0
2016-07-07,94.96,95.21,93.31,94.26,457800,0.0,0
2016-07-08,94.48,95.27,93.44,93.84,770700,0.0,0
2016-07-11,94.13,94.62,93.08,93.73,794200,0.0,0
2016-07-12,93.76,94.31,92.79,94.29,677400,0.0,0
2016-07-13,94.57,95.01,94.25,94.57,421500,0.82,0
2016-07-14,95.02,95.02,92.64,92.86,565100,0.0,0
2016-07-15,93.32,94.64,91.87,92.24,838400,0.0,0
2016-07-18,92.48,93.73,92.02,92.04,272200,0.0,0
2016-07-19,92.11,92.93,91.62,92.88,339100,0.0,0
2016-07-20,92.89,93.3,92.52,92.81,483800,0.0,0
2016-07-21,92.84,93.03,92.13,92.54,394800,0.0,0
2016-07-22,92.57,94.2,92.57,93.45,323100,0.0,0
2016-07-25,93.55,94.04,92.39,93.19,337700,0.0,0
2016-07-26,93.23,93.23,92.21,92.6,333100,0.0,0
2016-07-27,92.29,92.35,90.08,90.84,948600,0.0,0
2016-07-28,90.17,91.5,88.8,90.87,534900,0.0,0
2016-07-29,90.77,93.58,90.7,92.81,573600,0.0,0
2016-08-01,92.81,93.1,92.22,92.55,393200,0.0,0
2016-08-02,92.48,92.95,90.97,91.26,299300,0.0,0
2016-08-03,91.4,91.4,89.85,90.2,255000,0.0,0
2016-08-04,90.66,90.67,89.5,89.96,280100,0.0,0
2016-08-05,90.09,90.35,89.77,90.35,290400,0.0,0
2016-08-08,90.45,90.76,89.98,90.42,369600,0.0,0
2016-08-09,90.49,90.58,89.82,90.35,247000,0.0,0
2016-08-10,90.4,90.76,89.83,90.17,302100,0.0,0
2016-08-11,90.32,91.24,88.03,88.79,554000,0.0,0
2016-08-12,88.73,90.13,88.45,89.43,439500,0.0,0
2016-08-15,86.2,86.41,83.88,85.05,3730800,0.0,0
2016-08-16,84.7,85.14,82.15,82.3,2966400,0.0,0
2016-08-17,82.7,83.46,81.3,83.18,1603000,0.0,0
2016-08-18,83.21,83.81,82.09,82.55,1566700,0.0,0
2016-08-19,83.1,83.97,81.86,82.78,921900,0.0,0
2016-08-22,82.8,83.3,81.66,82.61,800600,0.0,0
2016-08-23,82.81,83.32,82.49,82.61,700000,0.0,0
2016-08-24,82.61,82.61,81.14,81.55,735700,0.0,0
2016-08-25,81.64,83.26,81.42,82.62,962500,0.0,0
2016-08-26,82.66,83.41,81.46,82.09,1181500,0.0,0
2016-08-29,82.49,83.45,82.35,82.65,717800,0.0,0
2016-08-30,82.65,82.65,81.33,82.19,492500,0.0,0
2016-08-31,82.02,82.62,81.65,82.28,953200,0.0,0
2016-09-01,82.28,83.56,81.92,83.17,621000,0.0,0
2016-09-02,83.47,84.87,83.39,83.89,735600,0.0,0
2016-09-06,83.84,84.1,83.33,84.03,751200,0.0,0
2016-09-07,84.03,84.03,83.08,83.6,743600,0.0,0
2016-09-08,83.64,83.69,82.73,83.16,641500,0.0,0
2016-09-09,82.34,82.63,80.88,80.99,806700,0.0,0
2016-09-12,80.74,82.76,80.62,82.35,716600,0.0,0
2016-09-13,81.37,81.8,80.34,80.51,804100,0.0,0
2016-09-14,80.91,81.45,80.41,81.39,544600,0.0,0
2016-09-15,81.27,81.57,80.66,81.19,581100,0.0,0
2016-09-16,80.87,81.26,80.44,81.08,727200,0.0,0
2016-09-19,81.22,82.67,81.07,82.53,773900,0.0,0
2016-09-20,83.08,83.53,82.55,82.69,578900,0.0,0
2016-09-21,82.87,83.06,81.03,83.02,571200,0.0,0
2016-09-22,83.81,84.37,83.36,83.94,667200,0.0,0
2016-09-23,83.65,84.76,82.54,84.2,853400,0.0,0
2016-09-26,84.03,85.74,84.03,85.25,725500,0.0,0
2016-09-27,85.46,85.46,83.87,84.0,782800,0.0,0
2016-09-28,84.19,85.58,83.73,85.48,704000,0.0,0
2016-09-29,85.2,85.7,84.17,84.17,797600,0.0,0
2016-09-30,84.56,84.83,82.24,82.28,800500,0.0,0
2016-10-03,82.09,82.09,79.91,80.57,805300,0.0,0
2016-10-04,80.48,80.48,78.65,79.26,687000,0.0,0
2016-10-05,79.58,79.78,76.18,76.77,910200,0.0,0
2016-10-06,76.38,76.98,75.14,75.94,793100,0.0,0
2016-10-07,76.2,77.15,74.45,75.3,1247500,0.0,0
2016-10-10,75.43,76.57,75.43,76.23,454200,0.0,0
2016-10-11,76.08,76.23,75.16,75.24,749300,0.0,0
2016-10-12,75.54,76.98,75.43,76.91,451200,0.82,0
2016-10-13,76.91,79.27,76.89,78.57,1128200,0.0,0
2016-10-14,78.68,79.05,77.77,78.67,745400,0.0,0
2016-10-17,79.43,80.35,78.75,80.04,1050300,0.0,0
2016-10-18,80.67,81.36,80.05,81.24,707700,0.0,0
2016-10-19,80.98,81.32,80.44,80.72,615000,0.0,0
2016-10-20,81.79,82.57,80.91,81.33,748200,0.0,0
2016-10-21,80.89,81.68,80.51,81.55,418600,0.0,0
2016-10-24,82.72,82.72,81.34,81.86,394000,0.0,0
2016-10-25,81.43,82.3,81.08,82.02,297500,0.0,0
2016-10-26,81.73,82.07,80.64,81.81,481700,0.0,0
2016-10-27,81.73,81.73,79.08,79.53,728500,0.0,0
2016-10-28,80.21,81.34,78.73,79.86,1328200,0.0,0
2016-10-31,79.92,82.2,79.92,81.98,953100,0.0,0
2016-11-01,81.78,82.24,80.73,81.51,618100,0.0,0
2016-11-02,81.59,82.83,81.56,81.82,844400,0.0,0
2016-11-03,81.89,83.2,81.33,82.8,644700,0.0,0
2016-11-04,82.8,83.61,82.2,83.22,748000,0.0,0
2016-11-07,84.16,84.32,82.64,83.03,1120400,0.0,0
2016-11-08,83.0,84.6,82.65,84.17,621400,0.0,0
2016-11-09,83.73,83.92,81.9,82.86,909800,0.0,0
2016-11-10,82.55,83.3,79.42,80.93,901400,0.0,0
2016-11-11,80.96,82.63,80.96,81.08,696900,0.0,0
2016-11-14,80.61,82.24,79.26,81.94,703100,0.0,0
2016-11-15,82.09,82.58,79.19,79.55,639300,0.0,0
2016-11-16,79.5,80.57,79.02,80.37,559800,0.0,0
2016-11-17,79.95,80.68,79.03,79.27,389000,0.0,0
2016-11-18,79.25,79.82,78.26,78.71,401500,0.0,0
2016-11-21,78.86,79.52,78.44,78.67,505600,0.0,0
2016-11-22,78.95,80.41,78.89,80.33,704500,0.0,0
2016-11-23,79.68,80.53,79.18,80.3,606400,0.0,0
2016-11-25,80.24,81.4,79.9,80.89,305800,0.0,0
2016-11-28,81.01,82.34,81.01,81.55,941800,0.0,0
2016-11-29,81.55,84.32,81.28,82.92,1501300,0.0,0
2016-11-30,82.97,83.61,80.21,80.99,6673300,0.0,0
2016-12-01,80.8,81.01,77.53,78.58,24658200,0.0,0
2016-12-02,80.38,80.7,78.21,78.96,2293000,0.0,0
2016-12-05,78.93,79.05,77.42,78.55,1781800,0.0,0
2016-12-06,78.5,79.37,77.75,78.21,1712600,0.0,0
2016-12-07,78.5,78.97,77.88,78.67,1585200,0.0,0
2016-12-08,78.51,81.91,78.36,81.43,1272000,0.0,0
2016-12-09,81.67,83.12,81.26,82.4,1370500,0.0,0
2016-12-12,81.86,83.87,81.53,83.76,1243400,0.0,0
2016-12-13,84.2,85.13,83.72,84.53,1432200,0.0,0
2016-12-14,84.6,84.6,83.39,83.7,1687300,0.0,0
2016-12-15,83.25,85.6,82.98,84.37,1542300,0.0,0
2016-12-16,85.2,86.58,84.87,85.48,4634200,0.0,0
2016-12-19,86.18,86.39,85.11,85.64,1196600,0.0,0
2016-12-20,85.59,86.12,85.14,86.12,922800,0.0,0
2016-12-21,85.88,86.57,83.28,83.38,1374400,0.0,0
2016-12-22,83.53,84.49,83.16,84.31,831400,0.0,0
2016-12-23,84.59,85.21,83.86,84.44,670000,0.0,0
2016-12-27,84.57,85.61,84.33,85.14,596100,0.0,0
2016-12-28,85.34,85.6,84.29,84.75,600500,0.0,0
2016-12-29,84.85,85.81,84.3,85.37,513500,0.0,0
2016-12-30,85.53,86.93,84.94,86.55,847500,0.0,0
2017-01-03,86.88,87.15,84.99,86.02,1006100,0.0,0
2017-01-04,86.35,87.21,86.0,86.81,890100,0.0,0
2017-01-05,86.72,87.19,85.44,86.69,897900,0.0,0
2017-01-06,86.76,87.05,86.12,86.62,933800,0.0,0
2017-01-09,86.58,86.62,85.31,86.09,991100,0.0,0
2017-01-10,85.83,86.65,85.38,86.18,743500,0.0,0
2017-01-11,85.88,86.49,84.52,84.71,907900,0.87,0
2017-01-12,84.48,85.8,84.19,85.71,670200,0.0,0
2017-01-13,85.57,85.69,84.61,84.83,404700,0.0,0
2017-01-17,84.88,86.3,84.88,86.25,843700,0.0,0
2017-01-18,86.4,86.71,85.67,85.9,638100,0.0,0
2017-01-19,85.77,86.1,84.4,84.96,508700,0.0,0
2017-01-20,85.04,85.59,84.01,85.5,495700,0.0,0
2017-01-23,85.78,86.23,85.3,85.56,403300,0.0,0
2017-01-24,85.55,86.29,85.13,86.2,1032800,0.0,0
2017-01-25,86.35,86.42,85.3,86.22,1029000,0.0,0
2017-01-26,86.19,86.84,85.77,86.34,698100,0.0,0
2017-01-27,86.72,86.94,85.1,85.38,502700,0.0,0
2017-01-30,85.19,86.15,84.22,84.55,619600,0.0,0
2017-01-31,84.64,85.97,84.4,84.68,1000600,0.0,0
2017-02-01,84.7,84.95,83.2,83.64,824700,0.0,0
2017-02-02,83.47,87.22,82.49,87.1,1624200,0.0,0
2017-02-03,87.57,88.09,86.75,87.38,1054400,0.0,0
2017-02-06,87.22,87.47,86.23,87.24,680400,0.0,0
2017-02-07,87.08,87.57,86.61,86.84,661900,0.0,0
2017-02-08,86.93,88.29,86.7,87.16,616500,0.0,0
2017-02-09,87.03,87.57,86.89,87.31,545900,0.0,0
2017-02-10,87.03,87.93,86.78,87.85,393000,0.0,0
2017-02-13,87.9,88.14,87.0,87.77,531200,0.0,0
2017-02-14,87.81,88.23,86.9,88.1,747600,0.0,0
2017-02-15,87.3,87.95,86.87,87.59,572300,0.0,0
2017-02-16,87.69,89.09,87.61,88.71,544400,0.0,0
2017-02-17,89.01,89.38,88.42,88.84,1069600,0.0,0
2017-02-21,88.52,89.83,88.31,89.67,579100,0.0,0
2017-02-22,89.82,90.05,88.87,89.5,668000,0.0,0
2017-02-23,89.83,90.77,89.2,90.57,542800,0.0,0
2017-02-24,90.97,91.05,89.79,91.01,698000,0.0,0
2017-02-27,91.25,91.9,90.77,91.6,612400,0.0,0
2017-02-28,91.66,91.83,91.13,91.62,666000,0.0,0
2017-03-01,91.86,92.43,91.13,91.48,864500,0.0,0
2017-03-02,91.54,91.89,90.25,90.41,1268700,0.0,0
2017-03-03,90.27,90.36,89.49,90.16,950200,0.0,0
2017-03-06,89.81,90.21,89.3,89.84,545300,0.0,0
2017-03-07,89.85,89.92,88.85,89.88,537200,0.0,0
2017-03-08,89.62,89.82,88.84,89.15,653400,0.0,0
2017-03-09,89.25,89.9,87.5,87.52,790500,0.0,0
2017-03-10,87.52,88.88,85.86,86.64,1067800,0.0,0
2017-03-13,86.85,87.36,86.25,87.19,1116200,0.0,0
2017-03-14,88.07,89.11,87.52,88.19,1073600,0.0,0
2017-03-15,88.18,90.56,87.42,90.19,993400,0.0,0
2017-03-16,90.08,91.12,89.74,90.27,921600,0.0,0
2017-03-17,90.36,91.63,89.83,90.77,2075900,0.0,0
2017-03-20,90.89,90.9,89.98,90.22,385900,0.0,0
2017-03-21,90.59,91.15,89.95,90.21,764000,0.0,0
2017-03-22,90.68,90.68,89.59,90.32,628700,0.0,0
2017-03-23,90.32,91.39,90.16,90.89,659900,0.0,0
2017-03-24,91.15,91.69,90.8,90.89,350800,0.0,0
2017-03-27,90.81,91.64,89.73,90.22,640500,0.0,0
2017-03-28,90.16,90.42,88.96,90.09,599100,0.0,0
2017-03-29,90.06,91.0,89.74,90.99,732800,0.0,0
2017-03-30,90.81,90.98,89.9,90.77,609400,0.0,0
2017-03-31,90.56,91.49,90.27,90.74,534700,0.0,0
2017-04-03,90.7,90.99,90.19,90.76,489900,0.0,0
2017-04-04,90.74,92.35,90.58,91.46,638900,0.0,0
2017-04-05,91.25,91.76,90.76,91.62,505900,0.0,0
2017-04-06,91.51,91.95,90.94,91.67,380000,0.0,0
2017-04-07,91.77,92.19,90.88,90.9,535900,0.0,0
2017-04-10,90.84,91.69,90.43,91.63,564200,0.0,0
2017-04-11,91.82,92.72,91.51,92.51,872000,0.87,0
2017-04-12,92.36,93.08,91.41,91.59,1128300,0.0,0
2017-04-13,91.57,91.79,90.66,90.93,727800,0.0,0
2017-04-17,91.19,91.5,91.03,91.49,1130400,0.0,0
2017-04-18,91.45,92.09,91.33,91.65,746700,0.0,0
2017-04-19,91.68,91.79,90.91,91.2,541500,0.0,0
2017-04-20,91.4,91.47,90.86,91.35,511300,0.0,0
2017-04-21,91.29,91.58,90.93,91.09,450100,0.0,0
2017-04-24,91.68,92.33,89.77,91.14,586300,0.0,0
2017-04-25,91.22,91.41,90.76,91.27,670600,0.0,0
2017-04-26,91.33,91.66,90.53,90.84,960000,0.0,0
2017-04-27,90.84,90.84,86.53,88.15,1624600,0.0,0
2017-04-28,87.51,89.27,87.51,89.23,1085700,0.0,0
2017-05-01,89.58,89.95,88.76,89.59,650700,0.0,0
2017-05-02,89.58,90.22,89.23,89.56,559100,0.0,0
2017-05-03,89.43,89.73,88.27,88.54,391700,0.0,0
2017-05-04,88.44,89.14,87.69,89.06,592300,0.0,0
2017-05-05,89.15,90.02,88.9,89.99,540400,0.0,0
2017-05-08,90.12,90.14,89.0,89.41,427200,0.0,0
2017-05-09,89.27,89.31,88.68,88.83,425900,0.0,0
2017-05-10,88.66,89.25,88.37,88.78,469300,0.0,0
2017-05-11,88.49,89.35,87.87,88.86,487900,0.0,0
2017-05-12,88.89,89.1,88.18,88.45,576200,0.0,0
2017-05-15,88.5,89.41,88.33,89.18,461700,0.0,0
2017-05-16,88.98,89.48,88.29,88.78,550700,0.0,0
2017-05-17,88.6,90.44,88.6,89.34,569600,0.0,0
2017-05-18,89.62,90.3,89.05,89.85,633600,0.0,0
2017-05-19,90.04,90.33,89.01,89.95,642200,0.0,0
2017-05-22,89.97,90.71,89.64,90.0,438400,0.0,0
2017-05-23,90.2,90.66,89.73,90.04,336200,0.0,0
2017-05-24,90.27,90.65,89.92,90.42,309300,0.0,0
2017-05-25,90.7,91.14,89.72,90.66,286700,0.0,0
2017-05-26,90.84,91.69,90.57,90.96,544500,0.0,0
2017-05-30,90.84,91.28,90.7,90.89,394900,0.0,0
2017-05-31,90.92,91.91,90.92,91.69,1012500,0.0,0
2017-06-01,91.58,91.97,90.95,91.92,904400,0.0,0
2017-06-02,92.45,94.18,91.54,93.8,900100,0.0,0
2017-06-05,93.67,95.31,93.33,94.96,745400,0.0,0
2017-06-06,95.03,95.14,94.08,94.46,576000,0.0,0
2017-06-07,94.71,96.1,94.5,96.05,999700,0.0,0
2017-06-08,96.05,96.81,95.31,96.57,750300,0.0,0
2017-06-09,96.5,97.09,96.03,96.42,859200,0.0,0
2017-06-12,96.28,97.05,96.09,96.6,754000,0.0,0
2017-06-13,96.53,97.28,96.43,97.28,674900,0.0,0
2017-06-14,97.66,98.36,97.61,97.93,844800,0.0,0
2017-06-15,97.79,99.79,97.79,98.94,1082600,0.0,0
2017-06-16,99.03,99.06,98.23,98.98,902000,0.0,0
2017-06-19,98.94,99.65,98.65,99.23,357000,0.0,0
2017-06-20,99.18,99.56,97.7,98.82,618400,0.0,0
2017-06-21,98.81,99.15,98.22,99.11,584100,0.0,0
2017-06-22,99.03,99.03,98.01,98.31,585800,0.0,0
2017-06-23,98.31,99.29,97.98,98.2,1314100,0.0,0
2017-06-26,98.24,98.8,97.55,97.68,561600,0.0,0
2017-06-27,97.48,97.72,95.92,95.99,1055900,0.0,0
2017-06-28,96.09,96.36,95.4,95.57,662600,0.0,0
2017-06-29,94.77,95.53,94.48,94.98,446500,0.0,0
2017-06-30,94.84,95.42,94.19,94.78,683300,0.0,0
2017-07-03,95.23,95.46,94.65,95.25,348400,0.0,0
2017-07-05,95.26,95.54,94.07,94.73,752700,0.0,0
2017-07-06,93.72,94.42,91.33,91.34,937600,0.0,0
2017-07-07,91.44,92.49,91.11,92.08,682100,0.0,0
2017-07-10,92.08,92.08,90.43,90.51,682900,0.0,0
2017-07-11,90.6,90.61,89.3,89.58,857700,0.0,0
2017-07-12,90.41,90.98,90.1,90.58,935300,0.87,0
2017-07-13,90.7,90.79,89.98,90.5,570800,0.0,0
2017-07-14,90.79,91.49,90.68,91.11,571400,0.0,0
2017-07-17,91.16,92.16,90.88,91.86,666200,0.0,0
2017-07-18,91.86,92.15,91.25,91.57,869000,0.0,0
2017-07-19,91.65,92.15,91.53,91.92,783300,0.0,0
2017-07-20,92.2,92.67,91.59,91.65,693600,0.0,0
2017-07-21,91.62,92.02,91.23,91.82,901700,0.0,0
2017-07-24,92.09,92.87,91.66,92.65,804800,0.0,0
2017-07-25,92.8,92.8,91.27,92.02,588300,0.0,0
2017-07-26,92.01,92.9,91.76,92.77,416100,0.0,0
2017-07-27,91.85,93.89,89.88,93.37,968700,0.0,0
2017-07-28,93.46,94.95,93.38,94.1,699300,0.0,0
2017-07-31,94.14,94.27,93.53,93.94,837500,0.0,0
2017-08-01,94.19,94.69,93.79,94.26,460100,0.0,0
2017-08-02,94.01,94.38,93.63,94.23,469100,0.0,0
2017-08-03,94.24,94.88,93.38,94.31,409600,0.0,0
2017-08-04,94.31,94.96,94.02,94.15,399000,0.0,0
2017-08-07,94.21,94.58,93.68,94.39,374200,0.0,0
2017-08-08,94.29,94.73,94.06,94.69,485800,0.0,0
2017-08-09,94.69,95.52,94.5,95.36,546200,0.0,0
2017-08-10,95.17,95.53,94.77,94.8,396000,0.0,0
2017-08-11,95.09,95.09,94.19,94.39,392700,0.0,0
2017-08-14,94.79,96.5,94.49,96.36,502400,0.0,0
2017-08-15,96.25,97.26,95.32,97.18,677100,0.0,0
2017-08-16,97.46,97.81,96.64,96.81,591300,0.0,0
2017-08-17,96.68,97.2,96.39,96.65,472100,0.0,0
2017-08-18,96.32,96.32,95.51,95.97,507600,0.0,0
2017-08-21,96.05,97.77,95.77,97.5,501100,0.0,0
2017-08-22,97.5,97.77,96.39,96.99,411800,0.0,0
2017-08-23,96.88,97.95,96.88,97.65,311300,0.0,0
2017-08-24,97.77,98.24,97.43,97.52,563500,0.0,0
2017-08-25,97.6,98.11,97.02,97.17,374700,0.0,0
2017-08-28,97.17,97.26,95.55,96.48,529100,0.0,0
2017-08-29,96.4,97.18,95.72,95.98,453100,0.0,0
2017-08-30,95.86,96.74,95.37,96.74,327500,0.0,0
2017-08-31,96.9,97.31,96.45,96.6,501000,0.0,0
2017-09-01,96.75,97.27,96.36,96.38,311000,0.0,0
2017-09-05,96.35,96.98,95.73,96.63,542900,0.0,0
2017-09-06,96.81,96.97,96.26,96.52,514200,0.0,0
2017-09-07,96.65,97.52,96.59,97.12,558700,0.0,0
2017-09-08,97.36,98.4,97.01,97.94,845600,0.0,0
2017-09-11,98.15,99.13,97.82,99.0,575400,0.0,0
2017-09-12,98.78,98.8,96.69,97.14,508000,0.0,0
2017-09-13,97.0,97.03,96.08,96.41,452300,0.0,0
2017-09-14,96.22,97.3,95.61,97.1,406000,0.0,0
2017-09-15,97.27,98.2,96.88,98.2,1412300,0.0,0
2017-09-18,98.25,98.6,97.83,98.23,753500,0.0,0
2017-09-19,98.25,98.38,97.12,97.72,962300,0.0,0
2017-09-20,97.65,98.02,96.93,97.36,730300,0.0,0
2017-09-21,97.28,97.82,97.2,97.33,690500,0.0,0
2017-09-22,97.45,97.75,96.94,97.23,760100,0.0,0
2017-09-25,97.33,97.62,96.94,97.01,446400,0.0,0
2017-09-26,96.95,97.54,96.88,97.19,513700,0.0,0
2017-09-27,96.82,97.14,96.11,96.23,455100,0.0,0
2017-09-28,96.14,96.48,95.72,96.17,419500,0.0,0
2017-09-29,95.96,96.98,95.85,96.98,537800,0.0,0
2017-10-02,97.17,97.45,96.74,97.27,647200,0.0,0
2017-10-03,97.33,97.52,96.57,97.25,541500,0.0,0
2017-10-04,97.23,97.99,96.94,97.89,422500,0.0,0
2017-10-05,98.16,98.96,97.9,98.23,516900,0.0,0
2017-10-06,97.86,98.15,96.92,97.93,356800,0.0,0
2017-10-09,97.83,98.6,97.83,98.31,525600,0.0,0
2017-10-10,98.6,99.18,97.79,98.47,899400,0.0,0
2017-10-11,98.45,99.08,98.36,98.72,505600,0.0,0
2017-10-12,98.79,99.4,98.34,99.39,566300,0.87,0
2017-10-13,100.34,100.84,99.34,99.5,513900,0.0,0
2017-10-16,99.56,99.75,98.15,98.38,669600,0.0,0
2017-10-17,98.19,98.55,97.78,98.02,703200,0.0,0
2017-10-18,97.92,98.08,96.69,96.79,818400,0.0,0
2017-10-19,96.48,97.09,96.07,96.12,738100,0.0,0
2017-10-20,96.15,96.37,95.54,95.87,749900,0.0,0
2017-10-23,96.24,96.24,95.07,95.5,759200,0.0,0
2017-10-24,95.4,95.6,94.3,95.27,684800,0.0,0
2017-10-25,95.14,95.9,94.84,95.33,596300,0.0,0
2017-10-26,93.98,93.98,91.11,91.21,1698300,0.0,0
2017-10-27,91.01,92.0,90.31,91.97,947500,0.0,0
2017-10-30,92.21,93.54,92.07,93.29,950700,0.0,0
2017-10-31,93.23,93.7,92.88,93.62,709900,0.0,0
2017-11-01,93.97,94.57,93.34,94.31,563800,0.0,0
2017-11-02,94.3,95.02,93.28,93.45,587900,0.0,0
2017-11-03,93.09,95.1,92.87,94.57,461700,0.0,0
2017-11-06,94.74,96.31,94.7,95.38,452300,0.0,0
2017-11-07,95.36,96.73,95.14,96.07,482200,0.0,0
2017-11-08,96.23,96.88,96.23,96.6,389400,0.0,0
2017-11-09,96.51,97.15,95.98,96.6,341400,0.0,0
2017-11-10,96.13,97.01,96.13,96.47,377500,0.0,0
2017-11-13,96.72,97.66,96.17,96.98,583000,0.0,0
2017-11-14,96.95,96.95,95.05,95.07,1180000,0.0,0
2017-11-15,95.15,95.33,93.46,93.48,973500,0.0,0
2017-11-16,93.66,94.73,93.19,94.34,635200,0.0,0
2017-11-17,94.03,94.42,92.98,93.63,948700,0.0,0
2017-11-20,93.91,94.37,93.34,94.01,709900,0.0,0
2017-11-21,93.99,95.73,93.99,95.67,736700,0.0,0
2017-11-22,95.39,95.86,94.79,95.24,430900,0.0,0
2017-11-24,95.59,95.81,95.22,95.27,207800,0.0,0
2017-11-27,94.76,95.21,94.46,94.48,534000,0.0,0
2017-11-28,94.43,94.74,93.75,94.09,524000,0.0,0
2017-11-29,92.84,93.8,92.11,93.53,754200,0.0,0
2017-11-30,93.58,94.21,93.33,93.7,1160500,0.0,0
2017-12-01,94.03,94.58,93.21,94.07,722300,0.0,0
2017-12-04,94.03,94.63,93.16,93.77,624300,0.0,0
2017-12-05,93.59,93.98,92.69,92.76,627900,0.0,0
2017-12-06,93.05,93.92,92.7,93.6,472500,0.0,0
2017-12-07,93.38,93.98,93.15,93.55,527600,0.0,0
2017-12-08,93.47,94.34,93.19,94.33,493900,0.0,0
2017-12-11,94.16,94.47,93.39,94.1,442300,0.0,0
2017-12-12,94.35,95.19,93.14,95.02,967400,0.0,0
2017-12-13,95.04,95.33,93.62,93.82,833100,0.0,0
2017-12-14,93.37,93.77,92.78,93.71,663000,0.0,0
2017-12-15,94.25,94.89,94.04,94.3,1155700,0.0,0
2017-12-18,94.37,94.92,94.05,94.17,520200,0.0,0
2017-12-19,94.0,94.22,90.56,91.01,573500,0.0,0
2017-12-20,90.95,92.16,90.44,90.99,1056700,0.0,0
2017-12-21,91.19,91.63,90.13,90.34,438900,0.0,0
2017-12-22,90.37,91.51,90.33,91.24,636800,0.0,0
2017-12-26,91.48,91.81,91.11,91.61,296200,0.0,0
2017-12-27,91.74,91.98,91.15,91.53,287400,0.0,0
2017-12-28,91.56,92.11,91.29,91.98,382200,0.0,0
2017-12-29,92.26,92.45,91.55,91.98,462300,0.0,0
2018-01-02,92.02,92.02,90.99,91.1,901600,0.0,0
2018-01-03,90.89,91.62,89.92,91.0,939900,0.0,0
2018-01-04,90.66,90.97,88.28,88.34,735500,0.0,0
2018-01-05,88.34,88.72,87.48,87.95,960100,0.0,0
2018-01-08,87.96,88.7,87.87,88.25,556600,0.0,0
2018-01-09,88.17,88.61,86.75,86.9,643500,0.0,0
2018-01-10,86.44,86.61,85.42,85.9,700000,0.0,0
2018-01-11,86.26,86.68,84.97,85.05,605300,0.923,0
2018-01-12,84.99,85.25,83.95,84.36,856700,0.0,0
2018-01-16,84.65,86.5,84.65,85.17,885500,0.0,0
2018-01-17,85.67,86.1,85.06,85.79,878200,0.0,0
2018-01-18,85.42,85.55,84.18,84.56,672900,0.0,0
2018-01-19,85.38,86.23,84.82,85.47,711600,0.0,0
2018-01-22,85.45,86.14,85.2,86.14,563800,0.0,0
2018-01-23,86.28,87.83,85.99,87.76,697300,0.0,0
2018-01-24,87.62,87.92,87.1,87.4,781800,0.0,0
2018-01-25,87.41,87.41,86.65,87.3,580700,0.0,0
2018-01-26,87.55,87.59,86.22,87.31,555200,0.0,0
2018-01-29,87.05,87.18,85.98,86.14,580800,0.0,0
2018-01-30,85.91,86.55,85.71,85.87,705800,0.0,0
2018-01-31,85.74,88.13,85.53,88.1,1157500,0.0,0
2018-02-01,87.3,87.76,84.16,84.76,1467200,0.0,0
2018-02-02,84.03,85.11,83.19,84.7,875100,0.0,0
2018-02-05,84.74,86.36,82.12,82.12,1021800,0.0,0
2018-02-06,81.19,83.06,80.32,82.39,1072800,0.0,0
2018-02-07,82.03,83.32,81.15,81.23,845600,0.0,0
2018-02-08,80.87,82.65,78.8,78.88,982700,0.0,0
2018-02-09,79.21,81.77,79.21,81.06,1500900,0.0,0
2018-02-12,81.59,81.96,79.11,81.05,1059800,0.0,0
2018-02-13,81.13,81.61,80.54,81.28,769900,0.0,0
2018-02-14,80.57,81.21,79.65,81.15,751800,0.0,0
2018-02-15,81.38,82.35,80.95,82.2,645200,0.0,0
2018-02-16,82.17,83.03,81.6,81.98,1765600,0.0,0
2018-02-20,81.54,82.88,80.4,81.52,830500,0.0,0
2018-02-21,81.35,81.78,78.96,78.99,875000,0.0,0
2018-02-22,79.18,80.14,78.81,79.36,846800,0.0,0
2018-02-23,79.85,81.39,79.41,81.34,513100,0.0,0
2018-02-26,81.61,81.73,80.63,81.08,610800,0.0,0
2018-02-27,81.17,81.53,79.05,79.07,699400,0.0,0
2018-02-28,79.52,80.81,79.27,79.28,1053200,0.0,0
2018-03-01,78.99,80.41,78.77,79.36,968100,0.0,0
2018-03-02,78.91,79.53,78.67,79.15,836200,0.0,0
2018-03-05,79.06,80.77,78.92,80.14,913300,0.0,0
2018-03-06,80.07,80.24,79.27,79.65,867900,0.0,0
2018-03-07,79.47,80.65,79.44,80.09,1502900,0.0,0
2018-03-08,80.29,80.81,79.89,80.4,1072900,0.0,0
2018-03-09,80.65,82.56,80.05,82.55,1060600,0.0,0
2018-03-12,82.36,82.92,82.01,82.53,680600,0.0,0
2018-03-13,82.98,83.5,82.41,82.65,616700,0.0,0
2018-03-14,82.82,83.6,82.13,83.49,855600,0.0,0
2018-03-15,83.66,84.39,83.4,83.92,889400,0.0,0
2018-03-16,84.18,85.03,83.9,84.89,1075900,0.0,0
2018-03-19,84.71,84.71,83.38,84.09,633000,0.0,0
2018-03-20,84.16,84.77,82.63,83.0,745900,0.0,0
2018-03-21,83.04,83.68,82.23,82.65,524900,0.0,0
2018-03-22,82.32,83.66,81.41,81.44,742600,0.0,0
2018-03-23,81.41,81.61,80.01,80.21,803200,0.0,0
2018-03-26,80.87,81.31,80.49,81.15,600700,0.0,0
2018-03-27,81.12,82.62,80.33,81.48,774100,0.0,0
2018-03-28,81.91,84.19,81.88,84.01,716500,0.0,0
2018-03-29,84.36,84.56,83.59,84.28,990700,0.0,0
2018-04-02,84.38,84.38,82.88,83.4,834100,0.0,0
2018-04-03,83.68,85.2,83.18,84.65,872600,0.0,0
2018-04-04,84.14,85.67,84.14,85.45,691300,0.0,0
2018-04-05,85.57,85.57,84.62,85.39,337200,0.0,0
2018-04-06,85.54,85.98,84.78,84.97,732300,0.0,0
2018-04-09,85.04,85.54,84.43,84.89,833900,0.0,0
2018-04-10,85.27,85.62,84.79,85.15,564300,0.0,0
2018-04-11,84.98,86.01,84.73,85.24,671200,0.0,0
2018-04-12,85.63,85.63,83.94,84.38,745400,0.923,0
2018-04-13,84.51,85.5,84.39,85.38,836300,0.0,0
2018-04-16,85.57,86.16,84.92,85.56,708900,0.0,0
2018-04-17,85.79,86.93,85.47,86.45,841800,0.0,0
2018-04-18,86.6,86.64,85.76,85.85,531900,0.0,0
2018-04-19,85.6,85.99,83.84,84.3,579700,0.0,0
2018-04-20,84.32,84.69,83.48,83.62,453000,0.0,0
2018-04-23,83.92,84.64,83.38,83.81,518900,0.0,0
2018-04-24,83.9,84.35,83.29,83.86,567000,0.0,0
2018-04-25,83.59,84.16,82.79,83.72,400400,0.0,0
2018-04-26,83.97,85.16,83.56,84.62,504600,0.0,0
2018-04-27,84.51,86.31,84.16,85.76,629800,0.0,0
2018-04-30,85.95,86.31,85.27,85.34,515800,0.0,0
2018-05-01,85.44,86.56,84.7,86.33,645200,0.0,0
2018-05-02,86.04,86.7,85.1,85.86,916000,0.0,0
2018-05-03,84.29,86.49,83.81,85.63,870900,0.0,0
2018-05-04,85.42,86.4,85.1,86.16,665200,0.0,0
2018-05-07,86.52,86.91,86.18,86.83,413900,0.0,0
2018-05-08,86.69,86.69,85.56,85.87,702200,0.0,0
2018-05-09,86.02,86.57,85.84,86.31,376500,0.0,0
2018-05-10,86.92,87.26,86.33,86.79,467400,0.0,0
2018-05-11,87.1,87.54,85.74,85.83,544200,0.0,0
2018-05-14,85.73,86.13,84.64,85.41,502700,0.0,0
2018-05-15,84.8,84.86,82.85,83.26,553500,0.0,0
2018-05-16,83.28,83.45,82.59,82.95,549500,0.0,0
2018-05-17,83.0,83.29,82.06,82.34,419500,0.0,0
2018-05-18,82.32,82.55,81.62,82.05,516800,0.0,0
2018-05-21,82.3,82.93,81.66,82.66,313600,0.0,0
2018-05-22,83.03,84.04,82.55,83.82,892800,0.0,0
2018-05-23,84.03,86.07,84.03,85.52,910400,0.0,0
2018-05-24,85.38,85.57,84.12,84.8,585400,0.0,0
2018-05-25,84.98,86.03,84.98,85.42,534700,0.0,0
2018-05-29,85.16,85.66,84.47,85.6,627800,0.0,0
2018-05-30,85.52,87.79,85.27,87.7,607300,0.0,0
2018-05-31,86.98,87.49,86.32,87.3,724400,0.0,0
2018-06-01,87.45,88.44,85.76,88.23,750200,0.0,0
2018-06-04,88.52,89.41,87.92,89.16,720700,0.0,0
2018-06-05,89.37,89.46,88.6,88.92,784600,0.0,0
2018-06-06,88.59,89.04,88.0,88.93,507400,0.0,0
2018-06-07,88.93,89.36,88.47,88.97,525900,0.0,0
2018-06-08,89.08,90.13,89.0,89.85,555000,0.0,0
2018-06-11,89.76,90.14,89.37,89.86,626000,0.0,0
2018-06-12,89.85,90.95,89.23,90.6,671400,0.0,0
2018-06-13,90.79,91.05,88.85,89.58,714100,0.0,0
2018-06-14,89.8,91.38,89.76,90.39,825800,0.0,0
2018-06-15,90.5,91.03,89.9,90.04,850100,0.0,0
2018-06-18,89.9,90.13,89.04,89.6,604100,0.0,0
2018-06-19,89.03,90.62,89.03,89.85,782400,0.0,0
2018-06-20,89.71,91.45,89.33,91.33,1047000,0.0,0
2018-06-21,91.44,92.35,90.83,92.22,902500,0.0,0
2018-06-22,92.28,93.14,91.58,92.92,846200,0.0,0
2018-06-25,92.98,93.53,92.55,93.11,668900,0.0,0
2018-06-26,93.15,94.15,92.68,93.36,1467900,0.0,0
2018-06-27,93.82,94.57,92.95,93.21,1288100,0.0,0
2018-06-28,93.29,94.67,93.29,94.48,757200,0.0,0
2018-06-29,94.16,94.92,92.81,93.94,1019200,0.0,0
2018-07-02,93.83,94.23,92.09,92.77,862600,0.0,0
2018-07-03,92.75,93.65,92.26,92.79,541900,0.0,0
2018-07-05,92.97,93.08,92.31,92.98,666600,0.0,0
2018-07-06,93.28,93.81,93.0,93.55,653000,0.0,0
2018-07-09,93.57,93.57,92.03,92.42,845600,0.0,0
2018-07-10,92.42,93.39,91.99,93.13,730700,0.0,0
2018-07-11,93.06,93.71,92.65,93.49,580100,0.0,0
2018-07-12,93.56,94.03,92.81,93.88,318400,0.923,0
2018-07-13,94.02,94.28,93.33,93.66,325500,0.0,0
2018-07-16,93.39,93.67,92.67,93.37,430600,0.0,0
2018-07-17,93.57,93.62,92.37,92.72,496200,0.0,0
2018-07-18,92.66,93.1,92.01,92.69,353600,0.0,0
2018-07-19,92.45,94.34,92.45,93.73,338700,0.0,0
2018-07-20,93.46,93.57,91.8,92.2,531900,0.0,0
2018-07-23,92.16,92.3,91.4,92.19,394200,0.0,0
2018-07-24,92.16,92.2,91.31,91.92,466400,0.0,0
2018-07-25,92.17,93.4,92.1,92.78,461600,0.0,0
2018-07-26,93.2,93.58,92.76,93.34,281400,0.0,0
2018-07-27,93.58,93.68,92.4,92.92,304600,0.0,0
2018-07-30,92.92,93.25,92.33,92.91,238100,0.0,0
2018-07-31,93.29,95.49,92.13,94.91,459600,0.0,0
2018-08-01,94.17,95.38,93.54,95.23,502000,0.0,0
2018-08-02,93.98,94.47,92.58,94.09,864700,0.0,0
2018-08-03,93.98,96.17,93.37,95.92,510100,0.0,0
2018-08-06,95.88,96.49,95.27,95.43,380000,0.0,0
2018-08-07,95.35,95.35,94.4,95.15,661500,0.0,0
2018-08-08,95.35,95.51,94.43,94.63,353000,0.0,0
2018-08-09,94.72,95.38,94.57,95.32,311300,0.0,0
2018-08-10,95.12,95.57,93.98,94.04,289300,0.0,0
2018-08-13,93.94,95.04,93.91,94.86,461800,0.0,0
2018-08-14,94.8,95.82,94.62,95.26,294900,0.0,0
2018-08-15,94.98,95.96,94.73,95.77,307500,0.0,0
2018-08-16,95.97,96.52,95.5,96.48,362300,0.0,0
2018-08-17,96.49,97.14,96.3,97.09,331900,0.0,0
2018-08-20,97.46,97.98,97.01,97.13,371100,0.0,0
2018-08-21,96.92,97.48,95.88,96.1,340800,0.0,0
2018-08-22,95.93,96.4,95.64,96.15,303400,0.0,0
2018-08-23,96.31,96.61,95.81,96.29,269000,0.0,0
2018-08-24,96.06,97.76,96.06,97.5,467400,0.0,0
2018-08-27,97.77,97.88,97.14,97.54,579400,0.0,0
2018-08-28,97.45,98.5,97.06,98.41,467400,0.0,0
2018-08-29,98.63,98.67,97.82,97.95,350400,0.0,0
2018-08-30,98.25,98.25,97.22,97.41,304600,0.0,0
2018-08-31,97.33,97.83,97.0,97.53,391000,0.0,0
2018-09-04,97.2,98.03,96.44,97.01,347900,0.0,0
2018-09-05,96.69,97.91,96.36,97.48,591900,0.0,0
2018-09-06,97.78,98.43,97.55,97.63,517400,0.0,0
2018-09-07,97.16,97.25,96.42,96.77,530000,0.0,0
2018-09-10,97.16,98.57,97.16,97.95,475300,0.0,0
2018-09-11,97.63,98.87,97.27,97.97,482200,0.0,0
2018-09-12,98.0,98.11,97.44,97.68,335400,0.0,0
2018-09-13,98.25,98.27,97.55,97.71,598100,0.0,0
2018-09-14,97.44,97.46,95.69,96.33,913500,0.0,0
2018-09-17,96.34,97.46,95.93,97.12,934400,0.0,0
2018-09-18,97.12,97.19,96.45,97.0,457600,0.0,0
2018-09-19,97.14,97.22,95.56,95.86,461000,0.0,0
2018-09-20,95.93,96.57,95.41,96.52,533300,0.0,0
2018-09-21,96.43,97.92,95.83,97.05,1001600,0.0,0
2018-09-24,96.82,96.82,94.49,94.77,697600,0.0,0
2018-09-25,94.74,95.43,94.33,95.06,525800,0.0,0
2018-09-26,95.11,95.69,93.71,93.79,528600,0.0,0
2018-09-27,93.7,94.46,93.12,93.15,893800,0.0,0
2018-09-28,93.3,94.38,93.3,94.35,964000,0.0,0
2018-10-01,94.39,94.47,93.56,93.76,511800,0.0,0
2018-10-02,93.9,94.5,93.53,94.02,471200,0.0,0
2018-10-03,94.01,94.28,92.08,92.9,463700,0.0,0
2018-10-04,92.42,92.8,91.32,92.33,520800,0.0,0
2018-10-05,92.51,93.26,92.38,92.52,565500,0.0,0
2018-10-08,92.71,94.55,92.71,94.04,596100,0.0,0
2018-10-09,94.05,94.3,93.16,94.17,753800,0.0,0
2018-10-10,93.88,94.52,92.6,92.74,705300,0.0,0
2018-10-11,93.01,93.08,90.02,90.21,1163800,0.0,0
2018-10-12,91.0,91.46,89.41,89.97,707500,0.923,0
2018-10-15,89.84,92.59,89.65,91.6,780500,0.0,0
2018-10-16,91.84,93.72,91.12,93.42,717300,0.0,0
2018-10-17,93.15,93.78,92.34,93.3,465200,0.0,0
2018-10-18,93.29,93.94,93.11,93.42,463600,0.0,0
2018-10-19,93.32,94.88,93.32,94.53,441600,0.0,0
2018-10-22,94.62,94.85,92.22,92.24,551900,0.0,0
2018-10-23,91.69,93.28,91.26,92.75,454600,0.0,0
2018-10-24,92.94,95.23,92.82,94.23,616100,0.0,0
2018-10-25,94.2,95.77,93.15,95.12,760800,0.0,0
2018-10-26,95.09,95.09,92.53,93.07,693500,0.0,0
2018-10-29,93.77,95.08,93.59,94.71,460000,0.0,0
2018-10-30,95.1,96.14,94.69,95.09,600600,0.0,0
2018-10-31,94.96,94.96,92.53,92.92,864100,0.0,0
2018-11-01,94.27,94.27,91.85,93.37,940200,0.0,0
2018-11-02,93.24,93.5,91.11,91.73,792200,0.0,0
2018-11-05,91.82,92.95,91.8,92.58,735500,0.0,0
2018-11-06,92.92,93.71,92.45,93.05,780900,0.0,0
2018-11-07,93.65,93.93,92.85,93.56,947900,0.0,0
2018-11-08,93.33,95.09,92.86,94.99,544800,0.0,0
2018-11-09,95.0,95.67,94.79,95.59,443500,0.0,0
2018-11-12,95.71,96.86,95.67,96.03,533900,0.0,0
2018-11-13,96.18,96.81,95.39,96.58,686700,0.0,0
2018-11-14,96.7,96.82,95.29,95.42,462600,0.0,0
2018-11-15,94.84,95.06,93.18,94.14,472100,0.0,0
2018-11-16,94.12,96.17,93.88,96.07,626400,0.0,0
2018-11-19,96.05,96.82,95.4,96.47,427500,0.0,0
2018-11-20,96.45,96.94,95.34,95.98,481400,0.0,0
2018-11-21,95.87,97.1,95.28,96.14,491000,0.0,0
2018-11-23,96.13,96.53,95.28,95.85,140800,0.0,0
2018-11-26,96.35,96.48,95.39,96.47,555700,0.0,0
2018-11-27,96.44,97.18,96.08,97.06,554300,0.0,0
2018-11-28,96.94,97.68,96.22,97.52,644300,0.0,0
2018-11-29,97.47,97.73,96.36,97.21,419700,0.0,0
2018-11-30,97.67,98.53,97.08,98.48,749300,0.0,0
2018-12-03,98.41,98.78,97.71,98.32,655800,0.0,0
2018-12-04,98.25,98.44,95.91,96.05,1060100,0.0,0
2018-12-06,95.66,98.44,94.21,98.35,1000200,0.0,0
2018-12-07,98.15,98.68,96.57,96.84,870800,0.0,0
2018-12-10,97.18,97.33,95.32,96.88,535300,0.0,0
2018-12-11,97.41,98.08,96.88,96.93,799400,0.0,0
2018-12-12,97.47,97.7,94.94,95.0,654800,0.0,0
2018-12-13,95.08,97.11,95.08,96.49,538700,0.0,0
2018-12-14,96.02,96.83,95.42,96.44,803200,0.0,0
2018-12-17,96.58,97.07,92.07,92.34,781200,0.0,0
2018-12-18,92.79,94.06,92.56,93.47,467100,0.0,0
2018-12-19,93.62,94.69,92.74,93.23,715800,0.0,0
2018-12-20,93.07,94.1,91.93,92.54,770900,0.0,0
2018-12-21,92.61,95.3,92.38,92.43,1311900,0.0,0
2018-12-24,92.49,92.49,87.71,87.71,328500,0.0,0
2018-12-26,87.87,90.59,86.74,90.59,564400,0.0,0
2018-12-27,89.79,90.8,87.87,90.8,610800,0.0,0
2018-12-28,91.48,91.98,89.44,90.44,593600,0.0,0
2018-12-31,90.48,91.01,89.19,91.01,448400,0.0,0
2019-01-02,90.27,90.27,87.67,88.11,602100,0.0,0
2019-01-03,88.1,90.14,88.03,88.74,521500,0.0,0
2019-01-04,89.22,90.04,88.69,88.75,587300,0.0,0
2019-01-07,88.98,89.88,88.15,88.63,725600,0.0,0
2019-01-08,89.36,90.89,88.92,90.42,868200,0.0,0
2019-01-09,90.79,90.79,89.46,90.33,573500,0.0,0
2019-01-10,89.96,92.16,89.86,91.83,442000,0.0,0
2019-01-11,91.61,92.53,91.39,92.42,603800,0.0,0
2019-01-14,92.55,93.22,92.01,92.7,557800,0.96,0
2019-01-15,92.97,94.34,92.94,94.09,747700,0.0,0
2019-01-16,93.97,95.74,93.66,95.45,625000,0.0,0
2019-01-17,95.4,96.17,95.35,96.04,454900,0.0,0
2019-01-18,96.19,96.49,95.18,96.18,494400,0.0,0
2019-01-22,96.15,96.43,95.08,95.9,572700,0.0,0
2019-01-23,95.89,96.03,95.03,95.69,900500,0.0,0
2019-01-24,95.51,96.54,95.13,96.01,331800,0.0,0
2019-01-25,96.23,97.33,96.08,97.07,475800,0.0,0
2019-01-28,96.91,98.48,96.66,98.3,457800,0.0,0
2019-01-29,98.43,99.28,97.73,99.27,529700,0.0,0
2019-01-30,98.96,100.38,98.79,100.01,535200,0.0,0
2019-01-31,98.88,99.4,96.38,97.27,1988200,0.0,0
2019-02-01,97.39,97.81,95.37,96.77,830400,0.0,0
2019-02-04,96.65,98.6,96.47,98.58,869800,0.0,0
2019-02-05,98.54,98.97,97.45,98.64,846800,0.0,0
2019-02-06,98.56,98.81,97.96,98.62,571700,0.0,0
2019-02-07,98.36,99.56,97.95,99.4,864900,0.0,0
2019-02-08,99.14,99.89,98.92,99.72,593400,0.0,0
2019-02-11,99.69,100.56,99.51,99.79,488300,0.0,0
2019-02-12,100.0,100.0,98.73,99.0,715700,0.0,0
2019-02-13,98.81,99.95,98.48,99.92,547500,0.0,0
2019-02-14,100.08,100.15,99.07,99.53,573700,0.0,0
2019-02-15,99.9,100.12,99.33,100.06,505600,0.0,0
2019-02-19,100.03,100.21,99.43,99.88,535900,0.0,0
2019-02-20,99.78,99.78,97.57,99.13,753600,0.0,0
2019-02-21,98.69,100.29,98.19,100.15,473900,0.0,0
2019-02-22,100.23,100.85,99.96,100.37,323700,0.0,0
2019-02-25,100.61,100.61,99.44,99.61,326900,0.0,0
2019-02-26,99.89,100.02,99.16,99.88,567800,0.0,0
2019-02-27,99.42,99.73,98.31,99.12,336200,0.0,0
2019-02-28,99.09,100.85,98.91,99.48,756800,0.0,0
2019-03-01,99.39,99.39,97.79,99.02,543500,0.0,0
2019-03-04,99.45,100.3,98.8,99.96,708300,0.0,0
2019-03-05,99.79,100.61,99.79,100.25,444300,0.0,0
2019-03-06,100.48,100.93,100.17,100.34,443600,0.0,0
2019-03-07,100.6,101.84,100.37,100.83,600300,0.0,0
2019-03-08,100.85,101.86,100.69,101.25,641300,0.0,0
2019-03-11,101.65,102.57,101.58,102.56,640800,0.0,0
2019-03-12,102.8,103.42,102.77,103.14,564100,0.0,0
2019-03-13,103.26,103.86,102.99,103.21,452600,0.0,0
2019-03-14,103.38,104.01,102.84,103.97,462800,0.0,0
2019-03-15,103.98,104.16,103.21,103.41,818600,0.0,0
2019-03-18,103.6,103.86,101.63,102.37,397600,0.0,0
2019-03-19,102.11,102.44,101.49,101.98,437500,0.0,0
2019-03-20,102.02,102.86,101.3,102.18,359300,0.0,0
2019-03-21,102.1,103.92,101.58,103.54,491900,0.0,0
2019-03-22,103.84,104.87,103.53,103.67,353900,0.0,0
2019-03-25,104.71,104.71,103.33,104.2,644300,0.0,0
2019-03-26,104.28,104.99,104.01,104.95,359100,0.0,0
2019-03-27,104.98,105.13,104.17,104.44,336400,0.0,0
2019-03-28,104.82,105.32,104.09,105.28,285300,0.0,0
2019-03-29,105.22,105.38,104.55,105.0,593600,0.0,0
2019-04-01,105.15,105.15,103.4,104.52,398200,0.0,0
2019-04-02,104.6,105.73,103.84,105.59,340700,0.0,0
2019-04-03,105.68,105.93,104.67,105.55,397200,0.0,0
2019-04-04,104.27,105.06,103.98,105.04,372000,0.0,0
2019-04-05,105.01,105.57,104.42,105.51,358500,0.0,0
2019-04-08,105.43,105.51,104.16,104.96,340500,0.0,0
2019-04-09,105.03,105.27,104.58,104.99,364100,0.0,0
2019-04-10,105.32,106.07,104.88,105.8,447600,0.0,0
2019-04-11,105.84,106.7,105.46,106.26,388400,0.0,0
2019-04-12,106.42,106.76,105.34,106.73,414500,0.96,0
2019-04-15,106.83,107.15,106.07,106.5,422700,0.0,0
2019-04-16,106.48,106.57,102.99,103.26,371600,0.0,0
2019-04-17,103.38,103.47,101.26,101.65,662200,0.0,0
2019-04-18,101.73,103.41,101.65,103.24,452900,0.0,0
2019-04-22,102.83,103.06,100.32,101.89,453700,0.0,0
2019-04-23,102.29,103.68,101.98,103.25,442400,0.0,0
2019-04-24,103.67,104.7,103.19,104.61,328600,0.0,0
2019-04-25,104.12,104.86,103.66,104.62,241400,0.0,0
2019-04-26,105.12,105.71,104.4,105.57,383200,0.0,0
2019-04-29,105.46,105.78,104.12,104.21,300300,0.0,0
2019-04-30,104.33,106.12,103.79,106.0,578600,0.0,0
2019-05-01,106.1,107.13,105.55,105.85,499400,0.0,0
2019-05-02,106.29,107.17,105.17,106.16,603800,0.0,0
2019-05-03,106.2,107.02,105.55,106.43,402400,0.0,0
2019-05-06,106.08,106.72,105.36,106.41,294300,0.0,0
2019-05-07,106.32,106.35,104.05,104.62,393500,0.0,0
2019-05-08,105.76,106.35,105.05,105.56,585500,0.0,0
2019-05-09,105.55,106.59,104.99,106.23,675700,0.0,0
2019-05-10,106.32,107.76,105.77,107.57,331900,0.0,0
2019-05-13,106.63,108.17,106.63,107.62,612100,0.0,0
2019-05-14,107.77,108.55,107.51,108.01,696400,0.0,0
2019-05-15,108.05,109.23,107.82,109.13,387200,0.0,0
2019-05-16,109.07,110.25,108.84,109.96,425600,0.0,0
2019-05-17,109.5,111.56,109.05,111.46,758300,0.0,0
2019-05-20,111.85,112.18,109.59,110.09,352000,0.0,0
2019-05-21,110.47,111.2,110.28,110.46,361300,0.0,0
2019-05-22,110.51,111.22,110.09,110.88,377600,0.0,0
2019-05-23,110.71,111.4,110.45,111.39,365900,0.0,0
2019-05-24,111.63,112.08,111.09,111.24,328400,0.0,0
2019-05-28,111.68,112.29,109.74,109.74,632200,0.0,0
2019-05-29,109.89,110.06,108.48,108.97,559900,0.0,0
2019-05-30,109.1,110.18,108.8,109.81,372600,0.0,0
2019-05-31,109.73,111.39,109.33,110.62,400900,0.0,0
2019-06-03,110.82,111.34,110.15,111.11,397200,0.0,0
2019-06-04,110.95,111.08,108.93,110.13,500000,0.0,0
2019-06-05,110.79,113.38,110.07,113.26,335700,0.0,0
2019-06-06,113.36,114.03,112.71,113.88,303700,0.0,0
2019-06-07,114.22,114.99,113.67,113.67,335800,0.0,0
2019-06-10,113.59,113.64,112.26,113.46,220500,0.0,0
2019-06-11,113.63,113.77,112.28,113.42,401400,0.0,0
2019-06-12,113.54,114.4,113.13,113.81,382800,0.0,0
2019-06-13,113.93,114.36,113.67,114.36,401100,0.0,0
2019-06-14,114.66,114.88,113.6,114.12,456300,0.0,0
2019-06-17,114.52,115.65,114.27,115.11,369300,0.0,0
2019-06-18,115.69,115.69,113.74,114.12,410300,0.0,0
2019-06-19,114.23,116.0,113.54,115.49,375800,0.0,0
2019-06-20,115.89,116.42,115.75,116.24,713500,0.0,0
2019-06-21,115.78,115.78,113.16,115.38,1562000,0.0,0
2019-06-24,115.84,116.26,114.57,115.12,474300,0.0,0
2019-06-25,115.27,116.64,113.64,113.79,587700,0.0,0
2019-06-26,113.77,113.77,110.78,111.78,668600,0.0,0
2019-06-27,112.24,113.44,112.24,112.7,476800,0.0,0
2019-06-28,112.45,115.0,112.45,114.09,837800,0.0,0
2019-07-01,114.83,115.27,112.77,114.84,685200,0.0,0
2019-07-02,115.2,117.57,115.01,116.79,735900,0.0,0
2019-07-03,117.13,118.46,116.97,117.78,249200,0.0,0
2019-07-05,117.01,117.77,115.37,117.48,283400,0.0,0
2019-07-08,117.47,118.59,117.27,118.33,377300,0.0,0
2019-07-09,117.89,118.88,117.61,118.66,364300,0.0,0
2019-07-10,119.05,120.02,118.05,119.71,524300,0.0,0
2019-07-11,119.83,119.88,117.53,118.16,630100,0.0,0
2019-07-12,118.45,118.63,117.6,117.87,410300,0.96,0
2019-07-15,118.09,119.09,117.53,118.11,439300,0.0,0
2019-07-16,118.11,118.35,117.1,118.23,361600,0.0,0
2019-07-17,118.35,118.87,117.01,118.0,347400,0.0,0
2019-07-18,117.83,118.87,116.86,118.59,292700,0.0,0
2019-07-19,118.66,119.07,116.17,116.26,500400,0.0,0
2019-07-22,116.53,116.69,115.31,115.62,509600,0.0,0
2019-07-23,115.87,116.59,115.21,116.35,743000,0.0,0
2019-07-24,116.78,116.78,115.43,115.9,800600,0.0,0
2019-07-25,115.65,116.22,115.0,115.85,661000,0.0,0
2019-07-26,116.03,116.81,115.27,115.95,711200,0.0,0
2019-07-29,116.41,117.57,115.92,116.38,518000,0.0,0
2019-07-30,116.38,117.62,115.72,116.42,394700,0.0,0
2019-07-31,116.37,117.02,115.0,115.07,840000,0.0,0
2019-08-01,115.45,118.82,114.33,117.91,920900,0.0,0
2019-08-02,118.3,119.62,117.35,118.74,726700,0.0,0
2019-08-05,118.81,118.81,113.43,114.77,1183000,0.0,0
2019-08-06,115.17,117.95,114.93,117.69,817500,0.0,0
2019-08-07,117.51,119.88,116.11,118.7,721600,0.0,0
2019-08-08,118.76,120.47,117.52,120.19,538500,0.0,0
2019-08-09,119.95,120.99,119.29,120.87,450200,0.0,0
2019-08-12,120.83,122.37,120.51,121.26,297400,0.0,0
2019-08-13,121.45,121.58,119.43,121.35,604100,0.0,0
2019-08-14,121.18,121.67,119.57,119.76,809300,0.0,0
2019-08-15,120.02,121.47,119.78,120.63,645500,0.0,0
2019-08-16,121.33,122.31,119.78,121.29,644500,0.0,0
2019-08-19,121.69,123.88,121.0,123.36,570400,0.0,0
2019-08-20,123.83,124.05,122.25,122.39,345800,0.0,0
2019-08-21,122.63,123.13,121.71,122.84,267000,0.0,0
2019-08-22,123.01,124.06,122.8,123.96,406500,0.0,0
2019-08-23,123.98,124.39,121.53,121.89,496900,0.0,0
2019-08-26,122.62,123.19,121.79,123.1,361100,0.0,0
2019-08-27,123.57,123.83,122.18,122.21,536100,0.0,0
2019-08-28,122.48,123.61,122.14,123.47,456800,0.0,0
2019-08-29,124.27,124.59,122.91,123.92,369300,0.0,0
2019-08-30,124.26,124.34,123.31,123.71,425700,0.0,0
2019-09-03,123.34,125.39,123.34,124.88,477100,0.0,0
2019-09-04,125.63,125.94,124.8,125.53,421400,0.0,0
2019-09-05,125.01,125.46,124.03,125.34,352800,0.0,0
2019-09-06,125.64,126.25,125.34,125.8,378800,0.0,0
2019-09-09,125.79,126.49,125.1,125.46,535000,0.0,0
2019-09-10,124.89,124.94,122.2,124.94,456500,0.0,0
2019-09-11,124.47,125.53,123.38,125.53,511500,0.0,0
2019-09-12,126.54,127.22,124.87,125.64,412500,0.0,0
2019-09-13,125.27,126.11,123.58,123.98,437100,0.0,0
2019-09-16,124.21,125.36,124.04,125.05,923000,0.0,0
2019-09-17,125.64,126.65,125.55,126.63,726500,0.0,0
2019-09-18,127.27,127.27,125.52,126.63,404200,0.0,0
2019-09-19,126.97,127.22,126.21,126.77,336200,0.0,0
2019-09-20,126.88,126.88,125.5,126.02,855700,0.0,0
2019-09-23,125.62,127.09,125.38,126.11,323500,0.0,0
2019-09-24,126.19,127.49,125.6,126.21,549700,0.0,0
2019-09-25,126.21,127.16,126.05,126.84,351500,0.0,0
2019-09-26,127.33,127.75,127.1,127.4,557900,0.0,0
2019-09-27,127.78,127.78,126.44,127.27,401400,0.0,0
2019-09-30,127.0,127.98,126.91,126.96,665700,0.0,0
2019-10-01,126.78,127.36,125.18,126.93,491000,0.0,0
2019-10-02,126.85,127.55,126.52,127.47,462900,0.0,0
2019-10-03,127.33,129.43,127.17,127.96,666900,0.0,0
2019-10-04,128.04,129.35,128.04,129.33,584100,0.0,0
2019-10-07,128.65,130.16,128.38,129.57,355600,0.0,0
2019-10-08,129.65,130.62,128.62,129.54,409600,0.0,0
2019-10-09,130.12,131.02,129.71,129.85,313500,0.0,0
2019-10-10,129.53,130.85,129.07,130.34,332900,0.0,0
2019-10-11,130.41,130.45,128.87,129.63,489400,0.96,0
2019-10-14,129.84,130.51,129.63,130.44,283000,0.0,0
2019-10-15,130.51,131.04,129.64,131.01,481000,0.0,0
2019-10-16,130.77,131.27,129.84,131.23,484800,0.0,0
2019-10-17,131.11,132.46,130.81,131.88,492000,0.0,0
2019-10-18,131.91,133.3,131.52,132.93,427000,0.0,0
2019-10-21,132.86,134.69,132.69,134.62,546800,0.0,0
2019-10-22,134.69,135.24,134.04,134.14,635400,0.0,0
2019-10-23,134.16,134.45,132.32,133.72,530100,0.0,0
2019-10-24,133.59,134.74,132.77,133.93,528600,0.0,0
2019-10-25,133.68,133.68,132.67,133.26,321300,0.0,0
2019-10-28,132.9,133.27,132.21,132.74,298200,0.0,0
2019-10-29,132.89,133.69,132.71,133.2,315400,0.0,0
2019-10-30,133.29,134.52,132.98,134.52,425800,0.0,0
2019-10-31,134.64,137.81,134.51,136.71,755100,0.0,0
2019-11-01,137.13,137.85,135.98,136.87,579100,0.0,0
2019-11-04,136.47,136.91,135.9,136.87,595900,0.0,0
2019-11-05,136.38,136.44,132.01,133.44,940100,0.0,0
2019-11-06,133.7,135.08,133.7,134.17,742200,0.0,0
2019-11-07,133.31,133.74,131.44,133.04,618100,0.0,0
2019-11-08,132.94,133.51,131.71,131.79,484800,0.0,0
2019-11-11,131.17,132.17,130.53,130.72,626500,0.0,0
2019-11-12,130.86,131.67,129.05,129.43,873500,0.0,0
2019-11-13,130.14,132.72,129.96,132.44,709600,0.0,0
2019-11-14,133.08,134.5,132.78,134.48,656100,0.0,0
2019-11-15,134.88,136.07,134.3,136.06,681300,0.0,0
2019-11-18,136.32,136.97,135.26,135.41,562400,0.0,0
2019-11-19,135.82,135.82,134.48,135.14,510400,0.0,0
2019-11-20,135.46,136.01,134.85,135.19,481400,0.0,0
2019-11-21,134.86,134.88,133.07,133.16,507000,0.0,0
2019-11-22,133.44,133.85,131.47,132.2,395900,0.0,0
2019-11-25,132.57,133.44,131.55,131.96,475500,0.0,0
2019-11-26,132.99,134.85,132.5,134.82,1302700,0.0,0
2019-11-27,134.82,134.99,133.93,134.86,506900,0.0,0
2019-11-29,134.91,135.5,133.74,133.88,239100,0.0,0
2019-12-02,133.74,133.97,131.42,131.47,445500,0.0,0
2019-12-03,131.51,132.69,131.46,131.92,492000,0.0,0
2019-12-04,131.66,133.59,131.32,132.54,638300,0.0,0
2019-12-05,132.12,132.79,131.67,132.79,486300,0.0,0
2019-12-06,132.84,133.67,132.53,132.58,486500,0.0,0
2019-12-09,132.79,133.06,131.15,132.79,461300,0.0,0
2019-12-10,132.62,133.0,130.42,131.24,727100,0.0,0
2019-12-11,132.2,132.6,128.77,129.48,642700,0.0,0
2019-12-12,129.21,129.88,127.37,128.64,825600,0.0,0
2019-12-13,128.87,129.83,126.75,128.36,896600,0.0,0
2019-12-16,128.36,128.64,126.7,128.4,627400,0.0,0
2019-12-17,128.33,128.8,125.66,125.98,915000,0.0,0
2019-12-18,126.4,127.26,125.76,126.76,910500,0.0,0
2019-12-19,126.82,127.58,126.47,127.2,819800,0.0,0
2019-12-20,127.53,128.43,127.11,127.93,1228800,0.0,0
2019-12-23,128.3,128.43,126.63,126.92,403000,0.0,0
2019-12-24,127.15,127.47,126.61,127.24,99800,0.0,0
2019-12-26,127.43,127.84,126.86,127.31,253200,0.0,0
2019-12-27,127.92,128.26,127.19,127.87,268100,0.0,0
2019-12-30,127.43,128.46,127.42,128.41,311100,0.0,0
2019-12-31,128.42,129.74,128.01,129.7,561000,0.0,0
2020-01-02,130.18,130.33,126.61,127.48,488100,0.0,0
2020-01-03,126.97,129.06,126.9,128.92,481300,0.0,0
2020-01-06,128.6,129.31,126.6,129.11,492700,0.0,0
2020-01-07,128.37,128.6,126.71,127.18,380800,0.0,0
2020-01-08,127.17,128.32,126.88,128.08,500600,0.0,0
2020-01-09,127.9,128.61,127.47,128.16,353100,0.0,0
2020-01-10,128.43,130.32,127.96,130.18,552900,0.0,0
2020-01-13,129.99,131.42,129.99,131.34,572100,0.0,0
2020-01-14,131.44,131.55,129.65,130.61,475500,1.0,0
2020-01-15,129.94,131.13,129.94,130.87,800900,0.0,0
2020-01-16,131.12,132.66,130.79,132.49,387000,0.0,0
2020-01-17,132.65,133.07,132.14,132.79,537000,0.0,0
2020-01-21,133.11,134.49,132.96,134.33,760500,0.0,0
2020-01-22,135.16,135.39,133.34,133.72,528800,0.0,0
2020-01-23,133.8,135.32,133.29,135.19,400700,0.0,0
2020-01-24,135.4,135.76,134.64,135.73,402200,0.0,0
2020-01-27,135.33,136.23,134.84,135.41,417600,0.0,0
2020-01-28,135.48,136.91,135.12,136.21,487400,0.0,0
2020-01-29,136.34,136.55,135.22,135.35,458100,0.0,0
2020-01-30,135.68,136.43,134.47,136.26,746100,0.0,0
2020-01-31,136.0,136.9,135.17,135.98,749800,0.0,0
2020-02-03,136.47,137.3,135.67,135.92,451700,0.0,0
2020-02-04,136.26,138.53,136.26,138.1,370400,0.0,0
2020-02-05,137.91,138.96,137.43,137.89,578100,0.0,0
2020-02-06,138.28,139.8,137.42,139.09,348000,0.0,0
2020-02-07,139.32,140.2,139.11,139.92,433400,0.0,0
2020-02-10,140.83,141.26,139.97,141.06,754400,0.0,0
2020-02-11,141.1,141.9,139.77,140.67,589900,0.0,0
2020-02-12,140.38,141.85,140.06,141.25,402700,0.0,0
2020-02-13,141.21,143.07,141.21,142.85,541900,0.0,0
2020-02-14,143.34,144.22,142.65,144.2,570000,0.0,0
2020-02-18,144.73,145.17,143.69,144.8,539400,0.0,0
2020-02-19,144.81,144.88,143.66,143.73,484200,0.0,0
2020-02-20,143.88,146.42,143.49,146.37,558600,0.0,0
2020-02-21,146.49,147.54,146.11,146.44,703100,0.0,0
2020-02-24,145.17,147.15,144.42,144.6,728200,0.0,0
2020-02-25,144.91,145.41,141.49,141.79,825000,0.0,0
2020-02-26,142.0,143.86,141.02,141.04,841800,0.0,0
2020-02-27,139.7,140.78,132.92,133.0,1072800,0.0,0
2020-02-28,130.33,130.89,124.57,128.1,1818300,0.0,0
2020-03-02,129.04,134.4,128.69,134.18,993400,0.0,0
2020-03-03,134.45,138.54,133.43,136.04,1181000,0.0,0
2020-03-04,138.42,143.83,138.24,143.7,1180100,0.0,0
2020-03-05,141.86,143.74,140.26,143.47,917900,0.0,0
2020-03-06,140.22,142.27,136.6,142.01,865300,0.0,0
2020-03-09,135.75,137.65,132.83,133.09,1198700,0.0,0
2020-03-10,135.98,138.87,132.22,138.81,1365700,0.0,0
2020-03-11,135.82,136.39,130.54,132.68,1012400,0.0,0
2020-03-12,125.34,128.83,116.4,116.55,1357300,0.0,0
2020-03-13,122.92,125.83,115.99,124.87,1146900,0.0,0
2020-03-16,112.52,115.23,103.95,104.01,1137900,0.0,0
2020-03-17,106.7,114.72,101.93,112.15,1353500,0.0,0
2020-03-18,104.87,109.65,95.82,99.2,1118400,0.0,0
2020-03-19,98.38,101.43,95.31,98.58,855000,0.0,0
2020-03-20,98.92,99.45,84.68,86.71,1731900,0.0,0
2020-03-23,86.47,86.63,81.26,83.91,1247300,0.0,0
2020-03-24,87.53,92.78,85.58,88.38,1483800,0.0,0
2020-03-25,87.8,104.26,87.8,96.96,1311900,0.0,0
2020-03-26,97.27,102.44,95.34,101.87,1149100,0.0,0
2020-03-27,100.85,110.95,99.59,106.63,1287200,0.0,0
2020-03-30,107.61,108.27,99.91,106.17,1139700,0.0,0
2020-03-31,104.87,106.85,98.48,102.1,2255800,0.0,0
2020-04-01,97.32,98.34,92.4,97.85,1274800,0.0,0
2020-04-02,95.88,98.87,91.29,93.4,1515100,0.0,0
2020-04-03,92.16,95.38,91.61,93.46,1080000,0.0,0
2020-04-06,98.51,105.13,98.26,104.33,1144100,0.0,0
2020-04-07,109.11,111.15,102.46,102.86,781600,0.0,0
2020-04-08,103.7,110.78,102.04,109.93,1048300,0.0,0
2020-04-09,111.34,118.42,111.34,115.6,1328700,0.0,0
2020-04-13,114.43,115.95,109.05,110.37,818800,0.0,0
2020-04-14,112.66,115.85,111.1,114.02,1284000,1.0,0
2020-04-15,109.4,111.19,108.0,109.98,871500,0.0,0
2020-04-16,110.41,110.75,107.55,108.31,594100,0.0,0
2020-04-17,111.06,114.43,110.34,113.5,642500,0.0,0
2020-04-20,111.68,112.75,108.46,108.49,593700,0.0,0
2020-04-21,105.87,108.91,105.14,107.54,888800,0.0,0
2020-04-22,109.16,110.74,107.4,108.31,665900,0.0,0
2020-04-23,107.87,108.5,104.22,104.98,696200,0.0,0
2020-04-24,105.67,107.1,104.01,106.43,578500,0.0,0
2020-04-27,107.0,111.01,106.56,110.68,479700,0.0,0
2020-04-28,113.3,115.94,111.98,112.15,821200,0.0,0
2020-04-29,114.87,115.68,111.86,112.68,762900,0.0,0
2020-04-30,110.66,112.39,109.81,111.92,620200,0.0,0
2020-05-01,109.41,110.59,108.92,109.63,847400,0.0,0
2020-05-04,108.21,110.88,106.97,110.3,977100,0.0,0
2020-05-05,111.64,113.78,110.8,112.41,834000,0.0,0
2020-05-06,113.0,114.22,109.92,110.01,768300,0.0,0
2020-05-07,110.77,116.06,109.27,113.75,925000,0.0,0
2020-05-08,115.89,117.14,113.67,115.57,598200,0.0,0
2020-05-11,114.08,114.85,112.5,113.01,929800,0.0,0
2020-05-12,113.47,113.47,108.65,108.74,1126200,0.0,0
2020-05-13,107.94,109.95,107.13,108.09,829200,0.0,0
2020-05-14,106.06,106.72,102.89,105.52,1054700,0.0,0
2020-05-15,104.67,107.06,102.23,106.87,1782800,0.0,0
2020-05-18,111.69,115.57,111.69,114.36,914000,0.0,0
2020-05-19,113.65,114.86,110.82,111.12,636800,0.0,0
2020-05-20,112.05,112.64,109.96,111.49,734200,0.0,0
2020-05-21,111.47,114.46,111.47,113.82,735700,0.0,0
2020-05-22,114.08,114.71,112.63,114.28,430700,0.0,0
2020-05-26,118.08,119.2,116.0,116.8,586500,0.0,0
2020-05-27,119.62,119.85,114.04,116.88,843400,0.0,0
2020-05-28,118.19,118.19,114.7,117.66,602800,0.0,0
2020-05-29,116.37,118.51,114.98,116.36,863700,0.0,0
2020-06-01,116.47,118.82,115.5,117.57,472000,0.0,0
2020-06-02,118.15,119.45,117.0,117.76,643700,0.0,0
2020-06-03,118.93,122.99,118.93,122.39,700200,0.0,0
2020-06-04,121.73,121.78,118.56,118.77,755800,0.0,0
2020-06-05,122.26,126.13,122.26,124.44,860900,0.0,0
